interconnectorId,interconnectorName,granularity,wind_metric,wind_metric_label,flow_metric,flow_metric_label,observations,pearson_corr,spearman_corr,wind_mean_mw,wind_p10_mw,wind_p90_mw,flow_mean_mw,flow_p10_mw,flow_p90_mw
INTELEC,Eleclink (INTELEC),half_hourly,wind_actual_mw,Actual wind output,signed_mw,Signed interconnector position,62828,-0.07535510724710112,-0.08979105197382713,6924.9374202775825,1929.7462000000007,12888.649099999995,371.84777487744316,-824.0,998.0
INTELEC,Eleclink (INTELEC),half_hourly,wind_actual_mw,Actual wind output,import_mw,Import magnitude,62828,-0.11181299488901783,-0.09986951207414356,6924.9374202775825,1929.7462000000007,12888.649099999995,515.803940918062,0.0,998.0
INTELEC,Eleclink (INTELEC),half_hourly,wind_actual_mw,Actual wind output,export_mw,Export magnitude,62828,0.0010034317615918473,0.018046346800282893,6924.9374202775825,1929.7462000000007,12888.649099999995,143.95616604061883,0.0,824.0
INTELEC,Eleclink (INTELEC),half_hourly,wind_before_curtailment_mw,Wind before curtailment proxy,signed_mw,Signed interconnector position,62828,-0.07775862781288478,-0.09276340768989705,7697.560098165028,1940.29252,14800.189559999859,371.84777487744316,-824.0,998.0
INTELEC,Eleclink (INTELEC),half_hourly,wind_before_curtailment_mw,Wind before curtailment proxy,import_mw,Import magnitude,62828,-0.12373008105843958,-0.10665180083829726,7697.560098165028,1940.29252,14800.189559999859,515.803940918062,0.0,998.0
INTELEC,Eleclink (INTELEC),half_hourly,wind_before_curtailment_mw,Wind before curtailment proxy,export_mw,Export magnitude,62828,-0.010736774550134968,0.008671358937925455,7697.560098165028,1940.29252,14800.189559999859,143.95616604061883,0.0,824.0
INTEW,Ireland(East-West),half_hourly,wind_actual_mw,Actual wind output,signed_mw,Signed interconnector position,78544,0.06577811353182156,0.05991602924128282,6733.151311840497,1728.3227600000002,12505.551099999995,-143.97160827052352,-530.0,172.0
INTEW,Ireland(East-West),half_hourly,wind_actual_mw,Actual wind output,import_mw,Import magnitude,78544,0.060356990696765055,0.08662701259959273,6733.151311840497,1728.3227600000002,12505.551099999995,42.60228661641882,0.0,172.0
INTEW,Ireland(East-West),half_hourly,wind_actual_mw,Actual wind output,export_mw,Export magnitude,78544,-0.051304653245124544,-0.040980065724884746,6733.151311840497,1728.3227600000002,12505.551099999995,186.57389488694236,0.0,530.0
INTEW,Ireland(East-West),half_hourly,wind_before_curtailment_mw,Wind before curtailment proxy,signed_mw,Signed interconnector position,78544,0.06551866167588835,0.05942501656608472,7431.349280167962,1735.4318,14314.205199999842,-143.97160827052352,-530.0,172.0
INTEW,Ireland(East-West),half_hourly,wind_before_curtailment_mw,Wind before curtailment proxy,import_mw,Import magnitude,78544,0.06453892303378879,0.08849133648467722,7431.349280167962,1735.4318,14314.205199999842,42.60228661641882,0.0,172.0
INTEW,Ireland(East-West),half_hourly,wind_before_curtailment_mw,Wind before curtailment proxy,export_mw,Export magnitude,78544,-0.04877709575716306,-0.03961534982347706,7431.349280167962,1735.4318,14314.205199999842,186.57389488694236,0.0,530.0
INTFR,France(IFA),half_hourly,wind_actual_mw,Actual wind output,signed_mw,Signed interconnector position,78544,-0.16877868538426954,-0.17165392559630338,6733.151311840497,1728.3227600000002,12505.551099999995,665.591872071705,-858.0,1998.0
INTFR,France(IFA),half_hourly,wind_actual_mw,Actual wind output,import_mw,Import magnitude,78544,-0.16711656215775417,-0.16693571126431284,6733.151311840497,1728.3227600000002,12505.551099999995,838.7916581788552,0.0,1998.0
INTFR,France(IFA),half_hourly,wind_actual_mw,Actual wind output,export_mw,Export magnitude,78544,0.11873556007666722,0.11454631217416229,6733.151311840497,1728.3227600000002,12505.551099999995,173.19978610715015,0.0,858.0
INTFR,France(IFA),half_hourly,wind_before_curtailment_mw,Wind before curtailment proxy,signed_mw,Signed interconnector position,78544,-0.1704615369293891,-0.16913063845777607,7431.349280167962,1735.4318,14314.205199999842,665.591872071705,-858.0,1998.0
INTFR,France(IFA),half_hourly,wind_before_curtailment_mw,Wind before curtailment proxy,import_mw,Import magnitude,78544,-0.16790172691881367,-0.16429652202507364,7431.349280167962,1735.4318,14314.205199999842,838.7916581788552,0.0,1998.0
INTFR,France(IFA),half_hourly,wind_before_curtailment_mw,Wind before curtailment proxy,export_mw,Export magnitude,78544,0.12170494284288483,0.1136960245273899,7431.349280167962,1735.4318,14314.205199999842,173.19978610715015,0.0,858.0
INTGRNL,Ireland (Greenlink),half_hourly,wind_actual_mw,Actual wind output,signed_mw,Signed interconnector position,15984,0.18623843771386542,0.16164601602875622,7348.08032967968,2301.91542,13401.345679999999,-348.26463963963965,-514.0,85.40000000000146
INTGRNL,Ireland (Greenlink),half_hourly,wind_actual_mw,Actual wind output,import_mw,Import magnitude,15984,0.15109195949270743,0.1566719576341057,7348.08032967968,2301.91542,13401.345679999999,32.923673673673676,0.0,85.40000000000146
INTGRNL,Ireland (Greenlink),half_hourly,wind_actual_mw,Actual wind output,export_mw,Export magnitude,15984,-0.1792653502920279,-0.15758515929035125,7348.08032967968,2301.91542,13401.345679999999,381.1883133133133,0.0,514.0
INTGRNL,Ireland (Greenlink),half_hourly,wind_before_curtailment_mw,Wind before curtailment proxy,signed_mw,Signed interconnector position,15984,0.2223061092144655,0.18660414736307834,8528.691885343522,2335.8577999999998,16307.235739977865,-348.26463963963965,-514.0,85.40000000000146
INTGRNL,Ireland (Greenlink),half_hourly,wind_before_curtailment_mw,Wind before curtailment proxy,import_mw,Import magnitude,15984,0.1861305292682405,0.1762740632365492,8528.691885343522,2335.8577999999998,16307.235739977865,32.923673673673676,0.0,85.40000000000146
INTGRNL,Ireland (Greenlink),half_hourly,wind_before_curtailment_mw,Wind before curtailment proxy,export_mw,Export magnitude,15984,-0.21092549317950038,-0.18172219105914056,8528.691885343522,2335.8577999999998,16307.235739977865,381.1883133133133,0.0,514.0
INTIFA2,IFA2 (INTIFA2),half_hourly,wind_actual_mw,Actual wind output,signed_mw,Signed interconnector position,78544,-0.1487990559535037,-0.17278462828485563,6733.151311840497,1728.3227600000002,12505.551099999995,281.875050926869,-966.0,992.0
INTIFA2,IFA2 (INTIFA2),half_hourly,wind_actual_mw,Actual wind output,import_mw,Import magnitude,78544,-0.1805329057136056,-0.181602379560832,6733.151311840497,1728.3227600000002,12505.551099999995,455.3284528417193,0.0,992.0
INTIFA2,IFA2 (INTIFA2),half_hourly,wind_actual_mw,Actual wind output,export_mw,Export magnitude,78544,0.06516435370369635,0.14280627120318018,6733.151311840497,1728.3227600000002,12505.551099999995,173.45340191485028,0.0,966.0
INTIFA2,IFA2 (INTIFA2),half_hourly,wind_before_curtailment_mw,Wind before curtailment proxy,signed_mw,Signed interconnector position,78544,-0.15092724536029356,-0.17370850483621156,7431.349280167962,1735.4318,14314.205199999842,281.875050926869,-966.0,992.0
INTIFA2,IFA2 (INTIFA2),half_hourly,wind_before_curtailment_mw,Wind before curtailment proxy,import_mw,Import magnitude,78544,-0.18751932563505364,-0.18634506978570187,7431.349280167962,1735.4318,14314.205199999842,455.3284528417193,0.0,992.0
INTIFA2,IFA2 (INTIFA2),half_hourly,wind_before_curtailment_mw,Wind before curtailment proxy,export_mw,Export magnitude,78544,0.060485307089204104,0.14256542932958213,7431.349280167962,1735.4318,14314.205199999842,173.45340191485028,0.0,966.0
INTIRL,Northern Ireland(Moyle),half_hourly,wind_actual_mw,Actual wind output,signed_mw,Signed interconnector position,78544,0.10796555492218621,0.11924193667878616,6733.151311840497,1728.3227600000002,12505.551099999995,-174.356004277857,-452.0,272.0
INTIRL,Northern Ireland(Moyle),half_hourly,wind_actual_mw,Actual wind output,import_mw,Import magnitude,78544,0.1178975281759016,0.11141643062273096,6733.151311840497,1728.3227600000002,12505.551099999995,57.585149724994906,0.0,272.0
INTIRL,Northern Ireland(Moyle),half_hourly,wind_actual_mw,Actual wind output,export_mw,Export magnitude,78544,-0.0840989023854269,-0.10331671664724958,6733.151311840497,1728.3227600000002,12505.551099999995,231.9411540028519,0.0,452.0
INTIRL,Northern Ireland(Moyle),half_hourly,wind_before_curtailment_mw,Wind before curtailment proxy,signed_mw,Signed interconnector position,78544,0.11350708021878692,0.12494991839892011,7431.349280167962,1735.4318,14314.205199999842,-174.356004277857,-452.0,272.0
INTIRL,Northern Ireland(Moyle),half_hourly,wind_before_curtailment_mw,Wind before curtailment proxy,import_mw,Import magnitude,78544,0.1174680630664013,0.11145393406816198,7431.349280167962,1735.4318,14314.205199999842,57.585149724994906,0.0,272.0
INTIRL,Northern Ireland(Moyle),half_hourly,wind_before_curtailment_mw,Wind before curtailment proxy,export_mw,Export magnitude,78544,-0.09235853927649364,-0.10966926482320394,7431.349280167962,1735.4318,14314.205199999842,231.9411540028519,0.0,452.0
INTNED,Netherlands(BritNed),half_hourly,wind_actual_mw,Actual wind output,signed_mw,Signed interconnector position,78544,-0.10814628994099469,-0.10681874090925247,6733.151311840497,1728.3227600000002,12505.551099999995,241.21083723772662,-906.0,1032.0
INTNED,Netherlands(BritNed),half_hourly,wind_actual_mw,Actual wind output,import_mw,Import magnitude,78544,-0.10758488884438913,-0.10448398749116444,6733.151311840497,1728.3227600000002,12505.551099999995,441.49722448563864,0.0,1032.0
INTNED,Netherlands(BritNed),half_hourly,wind_actual_mw,Actual wind output,export_mw,Export magnitude,78544,0.08186001219333038,0.09036056416518855,6733.151311840497,1728.3227600000002,12505.551099999995,200.286387247912,0.0,906.0
INTNED,Netherlands(BritNed),half_hourly,wind_before_curtailment_mw,Wind before curtailment proxy,signed_mw,Signed interconnector position,78544,-0.14983796787855122,-0.13880435795405904,7431.349280167962,1735.4318,14314.205199999842,241.21083723772662,-906.0,1032.0
INTNED,Netherlands(BritNed),half_hourly,wind_before_curtailment_mw,Wind before curtailment proxy,import_mw,Import magnitude,78544,-0.14498860984338308,-0.1343034615103619,7431.349280167962,1735.4318,14314.205199999842,441.49722448563864,0.0,1032.0
INTNED,Netherlands(BritNed),half_hourly,wind_before_curtailment_mw,Wind before curtailment proxy,export_mw,Export magnitude,78544,0.11851264293168545,0.11852978220239,7431.349280167962,1735.4318,14314.205199999842,200.286387247912,0.0,906.0
INTNEM,Belgium (Nemolink),half_hourly,wind_actual_mw,Actual wind output,signed_mw,Signed interconnector position,78544,-0.1267892146873771,-0.13166066275724989,6733.151311840497,1728.3227600000002,12505.551099999995,330.4325982888572,-764.0,1000.0
INTNEM,Belgium (Nemolink),half_hourly,wind_actual_mw,Actual wind output,import_mw,Import magnitude,78544,-0.12677182284964897,-0.13047306174281287,6733.151311840497,1728.3227600000002,12505.551099999995,491.1987930332043,0.0,1000.0
INTNEM,Belgium (Nemolink),half_hourly,wind_actual_mw,Actual wind output,export_mw,Export magnitude,78544,0.09646127851916855,0.10659187199857606,6733.151311840497,1728.3227600000002,12505.551099999995,160.7661947443471,0.0,764.0
INTNEM,Belgium (Nemolink),half_hourly,wind_before_curtailment_mw,Wind before curtailment proxy,signed_mw,Signed interconnector position,78544,-0.16734881866007428,-0.16065194856380807,7431.349280167962,1735.4318,14314.205199999842,330.4325982888572,-764.0,1000.0
INTNEM,Belgium (Nemolink),half_hourly,wind_before_curtailment_mw,Wind before curtailment proxy,import_mw,Import magnitude,78544,-0.16293192867219183,-0.15834892238143233,7431.349280167962,1735.4318,14314.205199999842,491.1987930332043,0.0,1000.0
INTNEM,Belgium (Nemolink),half_hourly,wind_before_curtailment_mw,Wind before curtailment proxy,export_mw,Export magnitude,78544,0.13320372602841288,0.13272030349135144,7431.349280167962,1735.4318,14314.205199999842,160.7661947443471,0.0,764.0
INTNSL,North Sea Link (INTNSL),half_hourly,wind_actual_mw,Actual wind output,signed_mw,Signed interconnector position,74082,-0.20980239791957395,-0.21675209089968628,6930.6879523393,1897.0780000000002,12629.654680000001,839.047163953457,-196.0,1398.0
INTNSL,North Sea Link (INTNSL),half_hourly,wind_actual_mw,Actual wind output,import_mw,Import magnitude,74082,-0.20132935697436993,-0.21268137741260187,6930.6879523393,1897.0780000000002,12629.654680000001,918.0692745876191,0.0,1398.0
INTNSL,North Sea Link (INTNSL),half_hourly,wind_actual_mw,Actual wind output,export_mw,Export magnitude,74082,0.15773695252192124,0.13919664327569362,6930.6879523393,1897.0780000000002,12629.654680000001,79.02211063416215,0.0,196.0
INTNSL,North Sea Link (INTNSL),half_hourly,wind_before_curtailment_mw,Wind before curtailment proxy,signed_mw,Signed interconnector position,74082,-0.20421719516616355,-0.20584565157187185,7667.726283625068,1905.5412399999998,14467.182359999895,839.047163953457,-196.0,1398.0
INTNSL,North Sea Link (INTNSL),half_hourly,wind_before_curtailment_mw,Wind before curtailment proxy,import_mw,Import magnitude,74082,-0.19598252971094515,-0.2022722920403145,7667.726283625068,1905.5412399999998,14467.182359999895,918.0692745876191,0.0,1398.0
INTNSL,North Sea Link (INTNSL),half_hourly,wind_before_curtailment_mw,Wind before curtailment proxy,export_mw,Export magnitude,74082,0.1535111479736181,0.1314171080600211,7667.726283625068,1905.5412399999998,14467.182359999895,79.02211063416215,0.0,196.0
INTVKL,Denmark (Viking link),half_hourly,wind_actual_mw,Actual wind output,signed_mw,Signed interconnector position,34944,-0.027323263172324676,-0.01826035545098728,7197.614111864698,2128.307200000001,13034.75438,352.4396176739927,-964.0,1416.0
INTVKL,Denmark (Viking link),half_hourly,wind_actual_mw,Actual wind output,import_mw,Import magnitude,34944,0.009925089028496929,-0.0031207648895266267,7197.614111864698,2128.307200000001,13034.75438,557.8009958791209,0.0,1416.0
INTVKL,Denmark (Viking link),half_hourly,wind_actual_mw,Actual wind output,export_mw,Export magnitude,34944,0.07413218784193276,0.07084749728135807,7197.614111864698,2128.307200000001,13034.75438,205.3613782051282,0.0,964.0
INTVKL,Denmark (Viking link),half_hourly,wind_before_curtailment_mw,Wind before curtailment proxy,signed_mw,Signed interconnector position,34944,-0.035630204400582136,-0.02515867235683172,8237.764915223512,2161.1860000000006,15423.910006666698,352.4396176739927,-964.0,1416.0
INTVKL,Denmark (Viking link),half_hourly,wind_before_curtailment_mw,Wind before curtailment proxy,import_mw,Import magnitude,34944,0.006111729611104374,-0.009022063029633083,8237.764915223512,2161.1860000000006,15423.910006666698,557.8009958791209,0.0,1416.0
INTVKL,Denmark (Viking link),half_hourly,wind_before_curtailment_mw,Wind before curtailment proxy,export_mw,Export magnitude,34944,0.08675064008241955,0.08218478879353838,8237.764915223512,2161.1860000000006,15423.910006666698,205.3613782051282,0.0,964.0
TOTAL_GB_INTERCONNECTORS,GB interconnector fleet total,half_hourly,wind_actual_mw,Actual wind output,signed_mw,Signed interconnector position,78544,-0.16034632204409924,-0.16830784966674447,6733.151311840497,1728.3227600000002,12505.551099999995,2375.534884905276,-2256.0,6030.0
TOTAL_GB_INTERCONNECTORS,GB interconnector fleet total,half_hourly,wind_actual_mw,Actual wind output,import_mw,Import magnitude,78544,-0.16851620635695147,-0.1694429874571667,6733.151311840497,1728.3227600000002,12505.551099999995,2874.274113872479,0.0,6030.0
TOTAL_GB_INTERCONNECTORS,GB interconnector fleet total,half_hourly,wind_actual_mw,Actual wind output,export_mw,Export magnitude,78544,0.09155293566818272,0.11331110891977345,6733.151311840497,1728.3227600000002,12505.551099999995,498.7392289672031,0.0,2256.0
TOTAL_GB_INTERCONNECTORS,GB interconnector fleet total,half_hourly,wind_before_curtailment_mw,Wind before curtailment proxy,signed_mw,Signed interconnector position,78544,-0.17668222394580121,-0.18010492774488784,7431.349280167962,1735.4318,14314.205199999842,2375.534884905276,-2256.0,6030.0
TOTAL_GB_INTERCONNECTORS,GB interconnector fleet total,half_hourly,wind_before_curtailment_mw,Wind before curtailment proxy,import_mw,Import magnitude,78544,-0.18877739855693573,-0.1821505294876393,7431.349280167962,1735.4318,14314.205199999842,2874.274113872479,0.0,6030.0
TOTAL_GB_INTERCONNECTORS,GB interconnector fleet total,half_hourly,wind_before_curtailment_mw,Wind before curtailment proxy,export_mw,Export magnitude,78544,0.09490229432893175,0.11570356912484951,7431.349280167962,1735.4318,14314.205199999842,498.7392289672031,0.0,2256.0
INTELEC,Eleclink (INTELEC),daily,wind_actual_mw,Actual wind output,signed_mw,Signed interconnector position,1317,-0.05611239882676923,-0.11744552429276942,6918.696867204385,2399.0256750000003,12231.077812500002,372.28551270758743,-686.0166666666667,994.1
INTELEC,Eleclink (INTELEC),daily,wind_actual_mw,Actual wind output,import_mw,Import magnitude,1317,-0.0966661096605772,-0.11993576967066243,6918.696867204385,2399.0256750000003,12231.077812500002,515.8497601925624,0.0,994.1
INTELEC,Eleclink (INTELEC),daily,wind_actual_mw,Actual wind output,export_mw,Export magnitude,1317,-0.014781626923301313,0.11160536683659629,6918.696867204385,2399.0256750000003,12231.077812500002,143.56424748497494,0.0,688.0000000000001
INTELEC,Eleclink (INTELEC),daily,wind_before_curtailment_mw,Wind before curtailment proxy,signed_mw,Signed interconnector position,1317,-0.04983472596025219,-0.11429458322025368,7690.525049990868,2457.636701666667,14009.23883821797,372.28551270758743,-686.0166666666667,994.1
INTELEC,Eleclink (INTELEC),daily,wind_before_curtailment_mw,Wind before curtailment proxy,import_mw,Import magnitude,1317,-0.10288994730722849,-0.12190072377719413,7690.525049990868,2457.636701666667,14009.23883821797,515.8497601925624,0.0,994.1
INTELEC,Eleclink (INTELEC),daily,wind_before_curtailment_mw,Wind before curtailment proxy,export_mw,Export magnitude,1317,-0.036600618357743926,0.09649845907324937,7690.525049990868,2457.636701666667,14009.23883821797,143.56424748497494,0.0,688.0000000000001
INTEW,Ireland(East-West),daily,wind_actual_mw,Actual wind output,signed_mw,Signed interconnector position,1644,0.11586927139230023,0.113040731041559,6730.680855495117,2105.5563125000003,11988.731495833334,-144.0317552791351,-458.8583333333333,129.7583333333334
INTEW,Ireland(East-West),daily,wind_actual_mw,Actual wind output,import_mw,Import magnitude,1644,0.12186923426680113,0.2225827363366003,6730.680855495117,2105.5563125000003,11988.731495833334,42.46170776327004,0.0,157.8666666666667
INTEW,Ireland(East-West),daily,wind_actual_mw,Actual wind output,export_mw,Export magnitude,1644,-0.09013999545649441,-0.05583243181310209,6730.680855495117,2105.5563125000003,11988.731495833334,186.49346304240515,0.0,458.85833333333335
INTEW,Ireland(East-West),daily,wind_before_curtailment_mw,Wind before curtailment proxy,signed_mw,Signed interconnector position,1644,0.10070467680065016,0.10027117849050357,7428.945709037391,2148.347972638889,13562.23134998643,-144.0317552791351,-458.8583333333333,129.7583333333334
INTEW,Ireland(East-West),daily,wind_before_curtailment_mw,Wind before curtailment proxy,import_mw,Import magnitude,1644,0.11167822054674331,0.21406926956244782,7428.945709037391,2148.347972638889,13562.23134998643,42.46170776327004,0.0,157.8666666666667
INTEW,Ireland(East-West),daily,wind_before_curtailment_mw,Wind before curtailment proxy,export_mw,Export magnitude,1644,-0.07560482311869499,-0.04402127153627644,7428.945709037391,2148.347972638889,13562.23134998643,186.49346304240515,0.0,458.85833333333335
INTFR,France(IFA),daily,wind_actual_mw,Actual wind output,signed_mw,Signed interconnector position,1644,-0.16503681574111434,-0.18277188594327978,6730.680855495117,2105.5563125000003,11988.731495833334,665.6211408869593,-617.7583333333333,1771.8083333333334
INTFR,France(IFA),daily,wind_actual_mw,Actual wind output,import_mw,Import magnitude,1644,-0.1624565247714448,-0.1536099508551753,6730.680855495117,2105.5563125000003,11988.731495833334,838.8752709983918,0.0,1771.8083333333334
INTFR,France(IFA),daily,wind_actual_mw,Actual wind output,export_mw,Export magnitude,1644,0.12788587816298283,0.23158815613122555,6730.680855495117,2105.5563125000003,11988.731495833334,173.25413011143235,0.0,672.5541666666668
INTFR,France(IFA),daily,wind_before_curtailment_mw,Wind before curtailment proxy,signed_mw,Signed interconnector position,1644,-0.15403436977188056,-0.17331990680051226,7428.945709037391,2148.347972638889,13562.23134998643,665.6211408869593,-617.7583333333333,1771.8083333333334
INTFR,France(IFA),daily,wind_before_curtailment_mw,Wind before curtailment proxy,import_mw,Import magnitude,1644,-0.15347693713789043,-0.14355529323822352,7428.945709037391,2148.347972638889,13562.23134998643,838.8752709983918,0.0,1771.8083333333334
INTFR,France(IFA),daily,wind_before_curtailment_mw,Wind before curtailment proxy,export_mw,Export magnitude,1644,0.11525323200674403,0.2256271964183803,7428.945709037391,2148.347972638889,13562.23134998643,173.25413011143235,0.0,672.5541666666668
INTGRNL,Ireland (Greenlink),daily,wind_actual_mw,Actual wind output,signed_mw,Signed interconnector position,336,0.3106211297886181,0.35128703441309106,7327.788337201301,2792.5440479166664,12589.750422916666,-348.9528392425811,-512.4166666666667,-65.79166666666667
INTGRNL,Ireland (Greenlink),daily,wind_actual_mw,Actual wind output,import_mw,Import magnitude,336,0.2888514283414123,0.40197597275889163,7327.788337201301,2792.5440479166664,12589.750422916666,32.63841981538993,0.0,117.72916666666666
INTGRNL,Ireland (Greenlink),daily,wind_actual_mw,Actual wind output,export_mw,Export magnitude,336,-0.29425339199232986,-0.33417486300933824,7327.788337201301,2792.5440479166664,12589.750422916666,381.591259057971,159.5625,512.4166666666667
INTGRNL,Ireland (Greenlink),daily,wind_before_curtailment_mw,Wind before curtailment proxy,signed_mw,Signed interconnector position,336,0.3480517001870894,0.3774057687229522,8502.510900585019,2851.5372430555544,15411.774769824719,-348.9528392425811,-512.4166666666667,-65.79166666666667
INTGRNL,Ireland (Greenlink),daily,wind_before_curtailment_mw,Wind before curtailment proxy,import_mw,Import magnitude,336,0.33159686118818965,0.42329244382206815,8502.510900585019,2851.5372430555544,15411.774769824719,32.63841981538993,0.0,117.72916666666666
INTGRNL,Ireland (Greenlink),daily,wind_before_curtailment_mw,Wind before curtailment proxy,export_mw,Export magnitude,336,-0.3259117740068358,-0.3583208488365082,8502.510900585019,2851.5372430555544,15411.774769824719,381.591259057971,159.5625,512.4166666666667
INTIFA2,IFA2 (INTIFA2),daily,wind_actual_mw,Actual wind output,signed_mw,Signed interconnector position,1644,-0.13662064754738154,-0.18345451800208676,6730.680855495117,2105.5563125000003,11988.731495833334,281.2472701407547,-758.5166666666665,975.0416666666666
INTIFA2,IFA2 (INTIFA2),daily,wind_actual_mw,Actual wind output,import_mw,Import magnitude,1644,-0.17667761544137314,-0.18601422922676092,6730.680855495117,2105.5563125000003,11988.731495833334,454.56296677223264,0.0,975.0416666666666
INTIFA2,IFA2 (INTIFA2),daily,wind_actual_mw,Actual wind output,export_mw,Export magnitude,1644,0.05022375469695928,0.20355263911072735,6730.680855495117,2105.5563125000003,11988.731495833334,173.31569663147795,0.0,765.541666666667
INTIFA2,IFA2 (INTIFA2),daily,wind_before_curtailment_mw,Wind before curtailment proxy,signed_mw,Signed interconnector position,1644,-0.129383032778621,-0.1787594092770453,7428.945709037391,2148.347972638889,13562.23134998643,281.2472701407547,-758.5166666666665,975.0416666666666
INTIFA2,IFA2 (INTIFA2),daily,wind_before_curtailment_mw,Wind before curtailment proxy,import_mw,Import magnitude,1644,-0.17679832618885996,-0.18475291785513923,7428.945709037391,2148.347972638889,13562.23134998643,454.56296677223264,0.0,975.0416666666666
INTIFA2,IFA2 (INTIFA2),daily,wind_before_curtailment_mw,Wind before curtailment proxy,export_mw,Export magnitude,1644,0.035542315949932665,0.19858804439980848,7428.945709037391,2148.347972638889,13562.23134998643,173.31569663147795,0.0,765.541666666667
INTIRL,Northern Ireland(Moyle),daily,wind_actual_mw,Actual wind output,signed_mw,Signed interconnector position,1644,0.18026830283021983,0.1886206906834123,6730.680855495117,2105.5563125000003,11988.731495833334,-174.21852283989682,-422.9625,139.9416666666667
INTIRL,Northern Ireland(Moyle),daily,wind_actual_mw,Actual wind output,import_mw,Import magnitude,1644,0.21687033608436265,0.2537208868538508,6730.680855495117,2105.5563125000003,11988.731495833334,57.45440224544342,0.0,184.71666666666673
INTIRL,Northern Ireland(Moyle),daily,wind_actual_mw,Actual wind output,export_mw,Export magnitude,1644,-0.13952999314248227,-0.1434226591768007,6730.680855495117,2105.5563125000003,11988.731495833334,231.67292508534027,13.320833333333338,422.9625
INTIRL,Northern Ireland(Moyle),daily,wind_before_curtailment_mw,Wind before curtailment proxy,signed_mw,Signed interconnector position,1644,0.1698777054418908,0.18368200593761996,7428.945709037391,2148.347972638889,13562.23134998643,-174.21852283989682,-422.9625,139.9416666666667
INTIRL,Northern Ireland(Moyle),daily,wind_before_curtailment_mw,Wind before curtailment proxy,import_mw,Import magnitude,1644,0.19893026870063305,0.24247652352993793,7428.945709037391,2148.347972638889,13562.23134998643,57.45440224544342,0.0,184.71666666666673
INTIRL,Northern Ireland(Moyle),daily,wind_before_curtailment_mw,Wind before curtailment proxy,export_mw,Export magnitude,1644,-0.1345668847864078,-0.1406020225920368,7428.945709037391,2148.347972638889,13562.23134998643,231.67292508534027,13.320833333333338,422.9625
INTNED,Netherlands(BritNed),daily,wind_actual_mw,Actual wind output,signed_mw,Signed interconnector position,1644,-0.1005848732873154,-0.0876146169720877,6730.680855495117,2105.5563125000003,11988.731495833334,239.95481251024077,-400.3625,876.1583333333334
INTNED,Netherlands(BritNed),daily,wind_actual_mw,Actual wind output,import_mw,Import magnitude,1644,-0.10215661598502354,-0.09611894964300523,6730.680855495117,2105.5563125000003,11988.731495833334,440.50698284150786,1.3041666666666671,876.3333333333334
INTNED,Netherlands(BritNed),daily,wind_actual_mw,Actual wind output,export_mw,Export magnitude,1644,0.0749899020935756,0.06867611674567504,6730.680855495117,2105.5563125000003,11988.731495833334,200.55217033126712,0.0,538.3666666666668
INTNED,Netherlands(BritNed),daily,wind_before_curtailment_mw,Wind before curtailment proxy,signed_mw,Signed interconnector position,1644,-0.1531111145439876,-0.13049937829486452,7428.945709037391,2148.347972638889,13562.23134998643,239.95481251024077,-400.3625,876.1583333333334
INTNED,Netherlands(BritNed),daily,wind_before_curtailment_mw,Wind before curtailment proxy,import_mw,Import magnitude,1644,-0.14937353809969886,-0.133908297875281,7428.945709037391,2148.347972638889,13562.23134998643,440.50698284150786,1.3041666666666671,876.3333333333334
INTNED,Netherlands(BritNed),daily,wind_before_curtailment_mw,Wind before curtailment proxy,export_mw,Export magnitude,1644,0.12229246313161857,0.10627239614524536,7428.945709037391,2148.347972638889,13562.23134998643,200.55217033126712,0.0,538.3666666666668
INTNEM,Belgium (Nemolink),daily,wind_actual_mw,Actual wind output,signed_mw,Signed interconnector position,1644,-0.1229597998243268,-0.13391360576408512,6730.680855495117,2105.5563125000003,11988.731495833334,329.8537386799838,-350.0291666666667,884.8083333333334
INTNEM,Belgium (Nemolink),daily,wind_actual_mw,Actual wind output,import_mw,Import magnitude,1644,-0.12245001531578892,-0.12286426436957804,6730.680855495117,2105.5563125000003,11988.731495833334,490.4984875883512,43.43333333333335,885.8625000000001
INTNEM,Belgium (Nemolink),daily,wind_actual_mw,Actual wind output,export_mw,Export magnitude,1644,0.1048048015094975,0.1365086739819711,6730.680855495117,2105.5563125000003,11988.731495833334,160.64474890836743,0.0,453.30833333333334
INTNEM,Belgium (Nemolink),daily,wind_before_curtailment_mw,Wind before curtailment proxy,signed_mw,Signed interconnector position,1644,-0.1631651123516061,-0.1686971151432465,7428.945709037391,2148.347972638889,13562.23134998643,329.8537386799838,-350.0291666666667,884.8083333333334
INTNEM,Belgium (Nemolink),daily,wind_before_curtailment_mw,Wind before curtailment proxy,import_mw,Import magnitude,1644,-0.15905180396214127,-0.15351421702236911,7428.945709037391,2148.347972638889,13562.23134998643,490.4984875883512,43.43333333333335,885.8625000000001
INTNEM,Belgium (Nemolink),daily,wind_before_curtailment_mw,Wind before curtailment proxy,export_mw,Export magnitude,1644,0.14388690638129684,0.1721253668841086,7428.945709037391,2148.347972638889,13562.23134998643,160.64474890836743,0.0,453.30833333333334
INTNSL,North Sea Link (INTNSL),daily,wind_actual_mw,Actual wind output,signed_mw,Signed interconnector position,1552,-0.20995719132854443,-0.27347997142389346,6927.151992413425,2355.10485,12035.900408333335,840.2466277767314,-0.03749999999999905,1398.0
INTNSL,North Sea Link (INTNSL),daily,wind_actual_mw,Actual wind output,import_mw,Import magnitude,1552,-0.19918848854704682,-0.256654184328923,6927.151992413425,2355.10485,12035.900408333335,918.873114250572,145.6000000000001,1398.0
INTNSL,North Sea Link (INTNSL),daily,wind_actual_mw,Actual wind output,export_mw,Export magnitude,1552,0.17708136169813088,0.24319365126112352,6927.151992413425,2355.10485,12035.900408333335,78.62648647384056,0.0,274.0958333333334
INTNSL,North Sea Link (INTNSL),daily,wind_before_curtailment_mw,Wind before curtailment proxy,signed_mw,Signed interconnector position,1552,-0.19567723900930767,-0.257175926528181,7664.600109315381,2415.5476125,13674.949071276595,840.2466277767314,-0.03749999999999905,1398.0
INTNSL,North Sea Link (INTNSL),daily,wind_before_curtailment_mw,Wind before curtailment proxy,import_mw,Import magnitude,1552,-0.18508993492058337,-0.2405928956177738,7664.600109315381,2415.5476125,13674.949071276595,918.873114250572,145.6000000000001,1398.0
INTNSL,North Sea Link (INTNSL),daily,wind_before_curtailment_mw,Wind before curtailment proxy,export_mw,Export magnitude,1552,0.1663189739262231,0.2318625979389483,7664.600109315381,2415.5476125,13674.949071276595,78.62648647384056,0.0,274.0958333333334
INTVKL,Denmark (Viking link),daily,wind_actual_mw,Actual wind output,signed_mw,Signed interconnector position,733,0.06368282479261651,0.07918263889466012,7181.297279206706,2537.1854749999998,12343.119399166666,352.6357311623861,-361.3,1119.2666666666669
INTVKL,Denmark (Viking link),daily,wind_actual_mw,Actual wind output,import_mw,Import magnitude,733,0.10977144168425024,0.09118750371094626,7181.297279206706,2537.1854749999998,12343.119399166666,557.0110079680487,11.475000000000009,1119.2666666666669
INTVKL,Denmark (Viking link),daily,wind_actual_mw,Actual wind output,export_mw,Export magnitude,733,0.02621456778551803,-0.011570510875433745,7181.297279206706,2537.1854749999998,12343.119399166666,204.37527680566265,0.0,543.1416666666671
INTVKL,Denmark (Viking link),daily,wind_before_curtailment_mw,Wind before curtailment proxy,signed_mw,Signed interconnector position,733,0.058156719661862366,0.06971092457671471,8216.518463353055,2714.3824072222214,14586.691134803228,352.6357311623861,-361.3,1119.2666666666669
INTVKL,Denmark (Viking link),daily,wind_before_curtailment_mw,Wind before curtailment proxy,import_mw,Import magnitude,733,0.11008094868728273,0.08707783356565742,8216.518463353055,2714.3824072222214,14586.691134803228,557.0110079680487,11.475000000000009,1119.2666666666669
INTVKL,Denmark (Viking link),daily,wind_before_curtailment_mw,Wind before curtailment proxy,export_mw,Export magnitude,733,0.039659477534107375,0.0035752189041306924,8216.518463353055,2714.3824072222214,14586.691134803228,204.37527680566265,0.0,543.1416666666671
TOTAL_GB_INTERCONNECTORS,GB interconnector fleet total,daily,wind_actual_mw,Actual wind output,signed_mw,Signed interconnector position,1644,-0.12474473305587229,-0.1673622972959793,6730.680855495117,2105.5563125000003,11988.731495833334,2375.420321671028,-1488.3324999999998,5207.579166666667
TOTAL_GB_INTERCONNECTORS,GB interconnector fleet total,daily,wind_actual_mw,Actual wind output,import_mw,Import magnitude,1644,-0.13488465516276565,-0.1437873432724028,6730.680855495117,2105.5563125000003,11988.731495833334,2873.840094685446,100.72500000000002,5207.579166666667
TOTAL_GB_INTERCONNECTORS,GB interconnector fleet total,daily,wind_actual_mw,Actual wind output,export_mw,Export magnitude,1644,0.07779907369707935,0.23120062405809808,6730.680855495117,2105.5563125000003,11988.731495833334,498.41977301441733,0.0,1688.1583333333344
TOTAL_GB_INTERCONNECTORS,GB interconnector fleet total,daily,wind_before_curtailment_mw,Wind before curtailment proxy,signed_mw,Signed interconnector position,1644,-0.13130593397066212,-0.1755938442257807,7428.945709037391,2148.347972638889,13562.23134998643,2375.420321671028,-1488.3324999999998,5207.579166666667
TOTAL_GB_INTERCONNECTORS,GB interconnector fleet total,daily,wind_before_curtailment_mw,Wind before curtailment proxy,import_mw,Import magnitude,1644,-0.1471724160387409,-0.1517315621059307,7428.945709037391,2148.347972638889,13562.23134998643,2873.840094685446,100.72500000000002,5207.579166666667
TOTAL_GB_INTERCONNECTORS,GB interconnector fleet total,daily,wind_before_curtailment_mw,Wind before curtailment proxy,export_mw,Export magnitude,1644,0.0721646000604539,0.23611281492478656,7428.945709037391,2148.347972638889,13562.23134998643,498.41977301441733,0.0,1688.1583333333344
INTELEC,Eleclink (INTELEC),monthly,wind_actual_mw,Actual wind output,signed_mw,Signed interconnector position,44,0.04294173946364909,-0.0835917685215285,6915.667866636114,4273.586232025904,9624.606100215055,358.9458169418777,-625.3563978494624,885.4880107526883
INTELEC,Eleclink (INTELEC),monthly,wind_actual_mw,Actual wind output,import_mw,Import magnitude,44,-0.029115711717688036,-0.08801130538336348,6915.667866636114,4273.586232025904,9624.606100215055,508.25663736802017,0.5662499999999997,891.2565501792117
INTELEC,Eleclink (INTELEC),monthly,wind_actual_mw,Actual wind output,export_mw,Export magnitude,44,-0.12815418946128412,0.03299259986418709,6915.667866636114,4273.586232025904,9624.606100215055,149.31082042614256,0.21336021505376343,664.6891129032263
INTELEC,Eleclink (INTELEC),monthly,wind_before_curtailment_mw,Wind before curtailment proxy,signed_mw,Signed interconnector position,44,0.09114474160083243,-0.020580772688268394,7680.358475152843,4561.430541995556,10524.264543546615,358.9458169418777,-625.3563978494624,885.4880107526883
INTELEC,Eleclink (INTELEC),monthly,wind_before_curtailment_mw,Wind before curtailment proxy,import_mw,Import magnitude,44,-0.0020039012316456547,-0.03779972731208559,7680.358475152843,4561.430541995556,10524.264543546615,508.25663736802017,0.5662499999999997,891.2565501792117
INTELEC,Eleclink (INTELEC),monthly,wind_before_curtailment_mw,Wind before curtailment proxy,export_mw,Export magnitude,44,-0.1941314534275321,-0.04899542073848296,7680.358475152843,4561.430541995556,10524.264543546615,149.31082042614256,0.21336021505376343,664.6891129032263
INTEW,Ireland(East-West),monthly,wind_actual_mw,Actual wind output,signed_mw,Signed interconnector position,54,0.06915201001585627,0.0850390699447303,6739.751931505907,4124.847761670387,9624.606100215055,-143.5620714553113,-325.9843668891361,81.34299771912679
INTEW,Ireland(East-West),monthly,wind_actual_mw,Actual wind output,import_mw,Import magnitude,54,0.1383321477482021,0.23186582809224315,6739.751931505907,4124.847761670387,9624.606100215055,42.661246666851234,1.9108870967741944,139.5014262548431
INTEW,Ireland(East-West),monthly,wind_actual_mw,Actual wind output,export_mw,Export magnitude,54,-0.030744021161303512,-0.031065370688012194,6739.751931505907,4124.847761670387,9624.606100215055,186.2233181221626,33.332777242818175,332.09858639228776
INTEW,Ireland(East-West),monthly,wind_before_curtailment_mw,Wind before curtailment proxy,signed_mw,Signed interconnector position,54,-0.005705263853179876,-0.011701924909472076,7439.535601239557,4273.576378606352,10524.264543546615,-143.5620714553113,-325.9843668891361,81.34299771912679
INTEW,Ireland(East-West),monthly,wind_before_curtailment_mw,Wind before curtailment proxy,import_mw,Import magnitude,54,0.07622769638188881,0.14023251381741947,7439.535601239557,4273.576378606352,10524.264543546615,42.661246666851234,1.9108870967741944,139.5014262548431
INTEW,Ireland(East-West),monthly,wind_before_curtailment_mw,Wind before curtailment proxy,export_mw,Export magnitude,54,0.04183220603401015,0.062168858395273474,7439.535601239557,4273.576378606352,10524.264543546615,186.2233181221626,33.332777242818175,332.09858639228776
INTFR,France(IFA),monthly,wind_actual_mw,Actual wind output,signed_mw,Signed interconnector position,54,-0.059294294312592755,-0.09937106918238993,6739.751931505907,4124.847761670387,9624.606100215055,665.1713006054772,-390.752744961779,1539.082258064516
INTFR,France(IFA),monthly,wind_actual_mw,Actual wind output,import_mw,Import magnitude,54,-0.08884681814996281,-0.06392224128073185,6739.751931505907,4124.847761670387,9624.606100215055,837.9572181897283,75.78131272401436,1556.5173387096775
INTFR,France(IFA),monthly,wind_actual_mw,Actual wind output,export_mw,Export magnitude,54,-0.02398927417583761,0.23493310021390096,6739.751931505907,4124.847761670387,9624.606100215055,172.78591758425134,1.9923387096774199,469.61153578874246
INTFR,France(IFA),monthly,wind_before_curtailment_mw,Wind before curtailment proxy,signed_mw,Signed interconnector position,54,0.0033449631881999897,-0.01711454164284353,7439.535601239557,4273.576378606352,10524.264543546615,665.1713006054772,-390.752744961779,1539.082258064516
INTFR,France(IFA),monthly,wind_before_curtailment_mw,Wind before curtailment proxy,import_mw,Import magnitude,54,-0.026815020300400203,0.017495711835334476,7439.535601239557,4273.576378606352,10524.264543546615,837.9572181897283,75.78131272401436,1556.5173387096775
INTFR,France(IFA),monthly,wind_before_curtailment_mw,Wind before curtailment proxy,export_mw,Export magnitude,54,-0.07671451191859073,0.15366141927019872,7439.535601239557,4273.576378606352,10524.264543546615,172.78591758425134,1.9923387096774199,469.61153578874246
INTGRNL,Ireland (Greenlink),monthly,wind_actual_mw,Actual wind output,signed_mw,Signed interconnector position,12,0.3655382628933434,0.3076923076923077,7183.851403889471,5089.064191527777,10167.09854925,-344.7985278761544,-384.03762096774193,-303.253561827957
INTGRNL,Ireland (Greenlink),monthly,wind_actual_mw,Actual wind output,import_mw,Import magnitude,12,0.4239050032279516,0.5454545454545455,7183.851403889471,5089.064191527777,10167.09854925,33.47150979144147,16.620564516129033,56.89428763440861
INTGRNL,Ireland (Greenlink),monthly,wind_actual_mw,Actual wind output,export_mw,Export magnitude,12,-0.3071105827829074,-0.18881118881118883,7183.851403889471,5089.064191527777,10167.09854925,378.27003766759594,355.66111111111115,406.7953897849462
INTGRNL,Ireland (Greenlink),monthly,wind_before_curtailment_mw,Wind before curtailment proxy,signed_mw,Signed interconnector position,12,0.37408160469113955,0.32867132867132864,8280.699939824042,5406.98233260275,11521.651815199735,-344.7985278761544,-384.03762096774193,-303.253561827957
INTGRNL,Ireland (Greenlink),monthly,wind_before_curtailment_mw,Wind before curtailment proxy,import_mw,Import magnitude,12,0.45640886722772694,0.5384615384615385,8280.699939824042,5406.98233260275,11521.651815199735,33.47150979144147,16.620564516129033,56.89428763440861
INTGRNL,Ireland (Greenlink),monthly,wind_before_curtailment_mw,Wind before curtailment proxy,export_mw,Export magnitude,12,-0.3013806577619119,-0.20979020979020982,8280.699939824042,5406.98233260275,11521.651815199735,378.27003766759594,355.66111111111115,406.7953897849462
INTIFA2,IFA2 (INTIFA2),monthly,wind_actual_mw,Actual wind output,signed_mw,Signed interconnector position,54,-0.07590611196468483,-0.20426910615589858,6739.751931505907,4124.847761670387,9624.606100215055,281.5688610323689,-617.3748297491039,830.7959811827957
INTIFA2,IFA2 (INTIFA2),monthly,wind_actual_mw,Actual wind output,import_mw,Import magnitude,54,-0.20014690071289631,-0.23394198215361192,6739.751931505907,4124.847761670387,9624.606100215055,454.3849947213511,29.418660472102047,841.7524193548387
INTIFA2,IFA2 (INTIFA2),monthly,wind_actual_mw,Actual wind output,export_mw,Export magnitude,54,-0.08224282886873116,0.14869449209071847,6739.751931505907,4124.847761670387,9624.606100215055,172.81613368898212,1.5919586577678906,682.8807347670254
INTIFA2,IFA2 (INTIFA2),monthly,wind_before_curtailment_mw,Wind before curtailment proxy,signed_mw,Signed interconnector position,54,-0.030082592606757927,-0.1485420240137221,7439.535601239557,4273.576378606352,10524.264543546615,281.5688610323689,-617.3748297491039,830.7959811827957
INTIFA2,IFA2 (INTIFA2),monthly,wind_before_curtailment_mw,Wind before curtailment proxy,import_mw,Import magnitude,54,-0.16273858672065283,-0.19033278750089364,7439.535601239557,4273.576378606352,10524.264543546615,454.3849947213511,29.418660472102047,841.7524193548387
INTIFA2,IFA2 (INTIFA2),monthly,wind_before_curtailment_mw,Wind before curtailment proxy,export_mw,Export magnitude,54,-0.1286303583994317,0.09327234610253476,7439.535601239557,4273.576378606352,10524.264543546615,172.81613368898212,1.5919586577678906,682.8807347670254
INTIRL,Northern Ireland(Moyle),monthly,wind_actual_mw,Actual wind output,signed_mw,Signed interconnector position,54,0.11758364333992267,0.1759100438345721,6739.751931505907,4124.847761670387,9624.606100215055,-174.3966128010705,-330.72742831541217,56.394086021505395
INTIRL,Northern Ireland(Moyle),monthly,wind_actual_mw,Actual wind output,import_mw,Import magnitude,54,0.2717055573174676,0.3016962073565847,6739.751931505907,4124.847761670387,9624.606100215055,57.63016512532563,6.405282258064518,128.2674731182796
INTIRL,Northern Ireland(Moyle),monthly,wind_actual_mw,Actual wind output,export_mw,Export magnitude,54,-0.02198872236266057,-0.053630646083476265,6739.751931505907,4124.847761670387,9624.606100215055,232.0267779263961,80.54631860938224,348.1980958781362
INTIRL,Northern Ireland(Moyle),monthly,wind_before_curtailment_mw,Wind before curtailment proxy,signed_mw,Signed interconnector position,54,0.04950386285134369,0.09365351629502572,7439.535601239557,4273.576378606352,10524.264543546615,-174.3966128010705,-330.72742831541217,56.394086021505395
INTIRL,Northern Ireland(Moyle),monthly,wind_before_curtailment_mw,Wind before curtailment proxy,import_mw,Import magnitude,54,0.1917464613362935,0.2019058509624547,7439.535601239557,4273.576378606352,10524.264543546615,57.63016512532563,6.405282258064518,128.2674731182796
INTIRL,Northern Ireland(Moyle),monthly,wind_before_curtailment_mw,Wind before curtailment proxy,export_mw,Export magnitude,54,0.03372946534321921,0.012616733371450351,7439.535601239557,4273.576378606352,10524.264543546615,232.0267779263961,80.54631860938224,348.1980958781362
INTNED,Netherlands(BritNed),monthly,wind_actual_mw,Actual wind output,signed_mw,Signed interconnector position,54,-0.006669493667039282,-0.009033733562035448,6739.751931505907,4124.847761670387,9624.606100215055,242.18033560019725,-148.9032788008648,768.5464568287596
INTNED,Netherlands(BritNed),monthly,wind_actual_mw,Actual wind output,import_mw,Import magnitude,54,-0.03851836666961026,-0.05355441204497807,6739.751931505907,4124.847761670387,9624.606100215055,442.47459389593934,167.95754032258063,782.8860395602633
INTNED,Netherlands(BritNed),monthly,wind_actual_mw,Actual wind output,export_mw,Export magnitude,54,-0.04120532304553703,0.010787116447493804,6739.751931505907,4124.847761670387,9624.606100215055,200.2942582957421,13.920026881720432,386.1927419354839
INTNED,Netherlands(BritNed),monthly,wind_before_curtailment_mw,Wind before curtailment proxy,signed_mw,Signed interconnector position,54,-0.07205830480065471,-0.07078330474556889,7439.535601239557,4273.576378606352,10524.264543546615,242.18033560019725,-148.9032788008648,768.5464568287596
INTNED,Netherlands(BritNed),monthly,wind_before_curtailment_mw,Wind before curtailment proxy,import_mw,Import magnitude,54,-0.09954300703434037,-0.10554602630074326,7439.535601239557,4273.576378606352,10524.264543546615,442.47459389593934,167.95754032258063,782.8860395602633
INTNED,Netherlands(BritNed),monthly,wind_before_curtailment_mw,Wind before curtailment proxy,export_mw,Export magnitude,54,0.017226333221336734,0.07489994282447111,7439.535601239557,4273.576378606352,10524.264543546615,200.2942582957421,13.920026881720432,386.1927419354839
INTNEM,Belgium (Nemolink),monthly,wind_actual_mw,Actual wind output,signed_mw,Signed interconnector position,54,-0.02095709348222729,-0.05058128454354868,6739.751931505907,4124.847761670387,9624.606100215055,330.54281537599934,-140.9009226190475,717.4553362740952
INTNEM,Belgium (Nemolink),monthly,wind_actual_mw,Actual wind output,import_mw,Import magnitude,54,-0.056175547624609724,-0.03281875357347055,6739.751931505907,4124.847761670387,9624.606100215055,490.9520435362471,226.14333333333335,742.0870158569502
INTNEM,Belgium (Nemolink),monthly,wind_actual_mw,Actual wind output,export_mw,Export magnitude,54,-0.02776735458957139,0.06460834762721554,6739.751931505907,4124.847761670387,9624.606100215055,160.40922816024795,22.433992537313436,342.91774193548406
INTNEM,Belgium (Nemolink),monthly,wind_before_curtailment_mw,Wind before curtailment proxy,signed_mw,Signed interconnector position,54,-0.045243211598860016,-0.082904516866781,7439.535601239557,4273.576378606352,10524.264543546615,330.54281537599934,-140.9009226190475,717.4553362740952
INTNEM,Belgium (Nemolink),monthly,wind_before_curtailment_mw,Wind before curtailment proxy,import_mw,Import magnitude,54,-0.079709226996179,-0.06224509243377167,7439.535601239557,4273.576378606352,10524.264543546615,490.9520435362471,226.14333333333335,742.0870158569502
INTNEM,Belgium (Nemolink),monthly,wind_before_curtailment_mw,Wind before curtailment proxy,export_mw,Export magnitude,54,-0.004419099160886876,0.10081951591385552,7439.535601239557,4273.576378606352,10524.264543546615,160.40922816024795,22.433992537313436,342.91774193548406
INTNSL,North Sea Link (INTNSL),monthly,wind_actual_mw,Actual wind output,signed_mw,Signed interconnector position,51,-0.027616077658522573,-0.1788235294117647,6935.189021077431,4314.660993939394,9793.099256182795,841.4325621874233,224.60390047074648,1269.3051075268818
INTNSL,North Sea Link (INTNSL),monthly,wind_actual_mw,Actual wind output,import_mw,Import magnitude,51,-0.026120727301857417,-0.15330316742081446,6935.189021077431,4314.660993939394,9793.099256182795,919.8711410165578,425.60111188325226,1289.2325268817203
INTNSL,North Sea Link (INTNSL),monthly,wind_actual_mw,Actual wind output,export_mw,Export magnitude,51,0.026142750094521078,0.23755656108597284,6935.189021077431,4314.660993939394,9793.099256182795,78.43857882913434,1.3362068965517242,177.93804713804712
INTNSL,North Sea Link (INTNSL),monthly,wind_before_curtailment_mw,Wind before curtailment proxy,signed_mw,Signed interconnector position,51,0.026428452232454033,-0.11782805429864252,7673.162953266749,4788.0603655744135,10605.708984609266,841.4325621874233,224.60390047074648,1269.3051075268818
INTNSL,North Sea Link (INTNSL),monthly,wind_before_curtailment_mw,Wind before curtailment proxy,import_mw,Import magnitude,51,0.027644412068660952,-0.09013574660633483,7673.162953266749,4788.0603655744135,10605.708984609266,919.8711410165578,425.60111188325226,1289.2325268817203
INTNSL,North Sea Link (INTNSL),monthly,wind_before_curtailment_mw,Wind before curtailment proxy,export_mw,Export magnitude,51,-0.01807421152806479,0.1973755656108597,7673.162953266749,4788.0603655744135,10605.708984609266,78.43857882913434,1.3362068965517242,177.93804713804712
INTVKL,Denmark (Viking link),monthly,wind_actual_mw,Actual wind output,signed_mw,Signed interconnector position,25,0.18122448565240687,0.20846153846153848,7336.384656723954,4713.50744992035,10100.698144889786,363.31439245595243,54.288225806451635,633.7573924731183
INTVKL,Denmark (Viking link),monthly,wind_actual_mw,Actual wind output,import_mw,Import magnitude,25,0.20018077822859895,0.22538461538461538,7336.384656723954,4713.50744992035,10100.698144889786,561.1677539412791,343.5744265232976,701.766935483871
INTVKL,Denmark (Viking link),monthly,wind_actual_mw,Actual wind output,export_mw,Export magnitude,25,-0.07423327478483596,-0.10461538461538461,7336.384656723954,4713.50744992035,10100.698144889786,197.85336148532664,72.15349462365593,329.47373655913987
INTVKL,Denmark (Viking link),monthly,wind_before_curtailment_mw,Wind before curtailment proxy,signed_mw,Signed interconnector position,25,0.1283186830061705,0.10461538461538461,8347.633936467855,5084.717365024436,11435.7030886084,363.31439245595243,54.288225806451635,633.7573924731183
INTVKL,Denmark (Viking link),monthly,wind_before_curtailment_mw,Wind before curtailment proxy,import_mw,Import magnitude,25,0.18685756831136663,0.1746153846153846,8347.633936467855,5084.717365024436,11435.7030886084,561.1677539412791,343.5744265232976,701.766935483871
INTVKL,Denmark (Viking link),monthly,wind_before_curtailment_mw,Wind before curtailment proxy,export_mw,Export magnitude,25,0.013299541788797758,0.030769230769230767,8347.633936467855,5084.717365024436,11435.7030886084,197.85336148532664,72.15349462365593,329.47373655913987
TOTAL_GB_INTERCONNECTORS,GB interconnector fleet total,monthly,wind_actual_mw,Actual wind output,signed_mw,Signed interconnector position,54,0.03741608184628584,-0.10836668572517627,6739.751931505907,4124.847761670387,9624.606100215055,2380.3408774076033,-1322.6560618279568,4384.375254912867
TOTAL_GB_INTERCONNECTORS,GB interconnector fleet total,monthly,wind_actual_mw,Actual wind output,import_mw,Import magnitude,54,0.012984099232716057,-0.058814560701353144,6739.751931505907,4124.847761670387,9624.606100215055,2876.865299026406,622.487674731183,4445.7465378198
TOTAL_GB_INTERCONNECTORS,GB interconnector fleet total,monthly,wind_actual_mw,Actual wind output,export_mw,Export magnitude,54,-0.07514187155741021,0.2556508481036783,6739.751931505907,4124.847761670387,9624.606100215055,496.5244216188023,21.548109452736337,2026.86744623656
TOTAL_GB_INTERCONNECTORS,GB interconnector fleet total,monthly,wind_before_curtailment_mw,Wind before curtailment proxy,signed_mw,Signed interconnector position,54,0.07077240084956518,-0.06819134743663045,7439.535601239557,4273.576378606352,10524.264543546615,2380.3408774076033,-1322.6560618279568,4384.375254912867
TOTAL_GB_INTERCONNECTORS,GB interconnector fleet total,monthly,wind_before_curtailment_mw,Wind before curtailment proxy,import_mw,Import magnitude,54,0.04464778971928964,-0.021383647798742134,7439.535601239557,4273.576378606352,10524.264543546615,2876.865299026406,622.487674731183,4445.7465378198
TOTAL_GB_INTERCONNECTORS,GB interconnector fleet total,monthly,wind_before_curtailment_mw,Wind before curtailment proxy,export_mw,Export magnitude,54,-0.10775034807514572,0.23346674290070513,7439.535601239557,4273.576378606352,10524.264543546615,496.5244216188023,21.548109452736337,2026.86744623656
