wind_metric,wind_metric_label,interconnectorId,interconnectorName,wind_bucket,direction,level_metric,wind_bucket_observations,mean_wind_mw,min_wind_mw,max_wind_mw,direction_observations,direction_duration_hours,direction_share_pct,mean_level_mw,P0,P10,P20,P30,P40,P50,P60,P70,P75,P80,P85,P90,P95,P100
wind_actual_mw,Actual wind output,TOTAL_GB_INTERCONNECTORS,GB interconnector fleet total,lowest_20pct,import,import_mw_conditional_on_importing,15712,1651.2823973523423,-115.2388,2830.466,12931,6465.5,82.30015274949083,4024.2505606681616,2.0,1358.0,2408.0,3188.0,3718.0,4056.0,4520.0,5032.0,5343.0,5666.0,6032.0,6414.0,6943.0,9148.0
wind_actual_mw,Actual wind output,TOTAL_GB_INTERCONNECTORS,GB interconnector fleet total,lowest_20pct,export,export_mw_positive_magnitude_conditional_on_exporting,15712,1651.2823973523423,-115.2388,2830.466,2776,1388.0,17.668024439918533,2236.715417867435,2.0,316.0,694.0,1032.0,1460.0,1985.0,2550.0,3146.9999999999995,3540.5,3842.0,4184.0,4561.0,4964.5,6350.0
wind_actual_mw,Actual wind output,TOTAL_GB_INTERCONNECTORS,GB interconnector fleet total,20_40pct,import,import_mw_conditional_on_importing,15705,3893.593370518943,2830.6159999999995,5018.745599999998,12895,6447.5,82.10760904170647,3971.815587436991,2.0,1344.0,2237.6000000000004,2976.0,3520.0,4066.0,4592.0,5130.0,5405.0,5694.0,6000.0,6348.0,6786.0,9230.0
wind_actual_mw,Actual wind output,TOTAL_GB_INTERCONNECTORS,GB interconnector fleet total,20_40pct,export,export_mw_positive_magnitude_conditional_on_exporting,15705,3893.593370518943,2830.6159999999995,5018.745599999998,2806,1403.0,17.86692136262337,2267.35851746258,8.0,388.0,874.0,1228.0,1612.0,2075.0,2516.0,3010.9999999999995,3258.0,3570.0,4069.5,4513.0,5062.0,6584.0
wind_actual_mw,Actual wind output,TOTAL_GB_INTERCONNECTORS,GB interconnector fleet total,40_60pct,import,import_mw_conditional_on_importing,15712,6261.010603245926,5018.818,7611.486599999997,12487,6243.5,79.47428716904277,3720.665972611516,2.0,1068.0,1866.0,2582.0,3184.0,3766.0,4284.0,4876.0,5214.0,5541.600000000002,5872.200000000001,6246.799999999999,6732.0,9026.0
wind_actual_mw,Actual wind output,TOTAL_GB_INTERCONNECTORS,GB interconnector fleet total,40_60pct,export,export_mw_positive_magnitude_conditional_on_exporting,15712,6261.010603245926,5018.818,7611.486599999997,3222,1611.0,20.50661914460285,2348.934823091248,2.0,334.20000000000005,754.0,1158.6,1625.6000000000004,2172.0,2693.2,3264.999999999998,3557.0,3949.6000000000004,4257.7,4669.6,5187.9,6774.0
wind_actual_mw,Actual wind output,TOTAL_GB_INTERCONNECTORS,GB interconnector fleet total,60_80pct,import,import_mw_conditional_on_importing,15705,9147.22514184018,7611.787199999998,10784.568000000003,11900,5950.0,75.772047118752,3352.810756302521,2.0,752.0,1404.0,2030.0,2656.0,3280.0,3872.0,4478.0,4810.0,5180.0,5612.299999999999,6136.200000000001,6748.0,8832.0
wind_actual_mw,Actual wind output,TOTAL_GB_INTERCONNECTORS,GB interconnector fleet total,60_80pct,export,export_mw_positive_magnitude_conditional_on_exporting,15705,9147.22514184018,7611.787199999998,10784.568000000003,3804,1902.0,24.221585482330468,2097.287066246057,2.0,284.0,561.2,916.0,1282.4,1685.0,2283.5999999999995,3026.2,3360.5,3712.8,4097.099999999999,4379.400000000001,4881.7,6302.0
wind_actual_mw,Actual wind output,TOTAL_GB_INTERCONNECTORS,GB interconnector fleet total,highest_20pct,import,import_mw_conditional_on_importing,15710,12713.216694793125,10784.598000000004,17142.889999999996,10810,5405.0,68.80967536600892,3343.6111008325624,2.0,742.0,1366.0,1974.0,2541.2000000000007,3180.0,3908.0,4600.5999999999985,4954.0,5302.0,5736.0,6088.0,6628.0,8530.0
wind_actual_mw,Actual wind output,TOTAL_GB_INTERCONNECTORS,GB interconnector fleet total,highest_20pct,export,export_mw_positive_magnitude_conditional_on_exporting,15710,12713.216694793125,10784.598000000004,17142.889999999996,4894,2447.0,31.152132399745387,2258.948917041275,2.0,376.6,756.4000000000001,1154.0,1600.4,2046.0,2555.5999999999995,3090.0,3417.5,3780.8,4116.1,4495.4,4897.399999999998,7914.0
wind_actual_mw,Actual wind output,INTELEC,Eleclink (INTELEC),lowest_20pct,import,import_mw_conditional_on_importing,11353,1729.5558353915264,-115.2388,2830.466,7328,3664.0,64.54681581960715,846.1692139737992,2.0,366.0,670.0,898.0,991.6000000000004,996.0,996.0,996.0,998.0,998.0,998.0,998.0,998.0,1102.0
wind_actual_mw,Actual wind output,INTELEC,Eleclink (INTELEC),lowest_20pct,export,export_mw_positive_magnitude_conditional_on_exporting,11353,1729.5558353915264,-115.2388,2830.466,2551,1275.5,22.469831762529726,677.5272442179537,2.0,108.0,286.0,476.0,668.0,838.0,908.0,922.0,990.0,1022.0,1022.0,1024.0,1024.0,1026.0
wind_actual_mw,Actual wind output,INTELEC,Eleclink (INTELEC),20_40pct,import,import_mw_conditional_on_importing,12862,3887.8469440211475,2830.6159999999995,5018.745599999998,8811,4405.5,68.50412066552636,845.7464532970151,2.0,362.0,682.0,902.0,994.0,996.0,996.0,996.0,998.0,998.0,998.0,998.0,998.0,1002.0
wind_actual_mw,Actual wind output,INTELEC,Eleclink (INTELEC),20_40pct,export,export_mw_positive_magnitude_conditional_on_exporting,12862,3887.8469440211475,2830.6159999999995,5018.745599999998,2533,1266.5,19.693671279738766,678.0742202921437,2.0,72.0,232.0,429.20000000000005,668.0,878.0,922.0,1022.0,1022.0,1022.0,1024.0,1024.0,1024.0,1026.0
wind_actual_mw,Actual wind output,INTELEC,Eleclink (INTELEC),40_60pct,import,import_mw_conditional_on_importing,12871,6270.893215150338,5018.8512,7611.486599999997,8686,4343.0,67.4850438971331,815.2360119732904,2.0,296.0,574.0,820.0,950.0,994.0,996.0,996.0,998.0,998.0,998.0,998.0,998.0,1258.0
wind_actual_mw,Actual wind output,INTELEC,Eleclink (INTELEC),40_60pct,export,export_mw_positive_magnitude_conditional_on_exporting,12871,6270.893215150338,5018.8512,7611.486599999997,2587,1293.5,20.099448372309844,704.6501739466563,2.0,87.20000000000005,270.0,512.0,784.8000000000002,856.0,948.0,1022.0,1022.0,1024.0,1024.0,1024.0,1024.0,1026.0
wind_actual_mw,Actual wind output,INTELEC,Eleclink (INTELEC),60_80pct,import,import_mw_conditional_on_importing,12364,9105.177387301845,7611.787199999998,10784.430800000004,7617,3808.5,61.60627628599159,783.9847709071813,2.0,252.0,476.4000000000001,728.0,900.0,988.0,996.0,996.0,998.0,998.0,998.0,998.0,998.0,1260.0
wind_actual_mw,Actual wind output,INTELEC,Eleclink (INTELEC),60_80pct,export,export_mw_positive_magnitude_conditional_on_exporting,12364,9105.177387301845,7611.787199999998,10784.430800000004,2898,1449.0,23.43901649951472,621.0310559006211,2.0,82.0,198.0,342.20000000000005,559.5999999999999,752.0,806.0,916.0,992.0,1022.0,1022.0,1024.0,1024.0,1028.0
wind_actual_mw,Actual wind output,INTELEC,Eleclink (INTELEC),highest_20pct,import,import_mw_conditional_on_importing,13378,12868.123311346986,10784.7864,17142.889999999996,7838,3919.0,58.588727761997305,727.4276601173768,2.0,170.0,356.0,570.1999999999998,764.0,911.0,992.0,996.0,998.0,998.0,998.0,998.0,998.0,1014.0
wind_actual_mw,Actual wind output,INTELEC,Eleclink (INTELEC),highest_20pct,export,export_mw_positive_magnitude_conditional_on_exporting,13378,12868.123311346986,10784.7864,17142.889999999996,3212,1606.0,24.00956794737629,615.1513075965131,2.0,76.0,174.0,320.0,496.0,690.0,822.0,998.0,1022.0,1022.0,1022.0,1024.0,1024.0,1026.0
wind_actual_mw,Actual wind output,INTEW,Ireland(East-West),lowest_20pct,import,import_mw_conditional_on_importing,15712,1651.2823973523423,-115.2388,2830.466,2140,1070.0,13.620162932790226,232.6448598130841,2.0,22.0,52.0,84.0,136.0,194.0,268.0,358.0,394.5,450.8000000000002,490.0,504.0,504.0,504.0
wind_actual_mw,Actual wind output,INTEW,Ireland(East-West),lowest_20pct,export,export_mw_positive_magnitude_conditional_on_exporting,15712,1651.2823973523423,-115.2388,2830.466,8550,4275.0,54.41700610997964,352.0643274853801,2.0,56.0,136.0,228.0,324.0,410.0,506.0,528.0,528.0,528.0,530.0,530.0,534.0,536.0
wind_actual_mw,Actual wind output,INTEW,Ireland(East-West),20_40pct,import,import_mw_conditional_on_importing,15705,3893.593370518943,2830.6159999999995,5018.745599999998,2297,1148.5,14.625915313594396,239.33304309969526,2.0,22.0,58.0,96.0,150.0,218.0,282.0,356.0,394.0,460.0,500.0,504.0,504.0,504.0
wind_actual_mw,Actual wind output,INTEW,Ireland(East-West),20_40pct,export,export_mw_positive_magnitude_conditional_on_exporting,15705,3893.593370518943,2830.6159999999995,5018.745599999998,8876,4438.0,56.51703279210443,356.6171698963497,2.0,54.0,144.0,238.0,336.0,425.0,510.0,528.0,528.0,528.0,530.0,530.0,532.0,586.0
wind_actual_mw,Actual wind output,INTEW,Ireland(East-West),40_60pct,import,import_mw_conditional_on_importing,15712,6261.010603245926,5018.818,7611.486599999997,3066,1533.0,19.513747454175153,239.79386823222438,2.0,20.0,56.0,92.0,150.0,204.0,276.0,362.0,422.0,484.0,504.0,504.0,504.0,504.0
wind_actual_mw,Actual wind output,INTEW,Ireland(East-West),40_60pct,export,export_mw_positive_magnitude_conditional_on_exporting,15712,6261.010603245926,5018.818,7611.486599999997,8255,4127.5,52.53946028513238,356.40048455481525,2.0,52.0,134.0,232.0,338.0,436.0,518.0,528.0,528.0,528.0,530.0,530.0,532.0,586.0
wind_actual_mw,Actual wind output,INTEW,Ireland(East-West),60_80pct,import,import_mw_conditional_on_importing,15705,9147.22514184018,7611.787199999998,10784.568000000003,3047,1523.5,19.401464501751033,240.77715786019036,2.0,20.0,56.0,96.0,154.0,204.0,274.0,366.0,420.0,478.0,504.0,504.0,504.0,504.0
wind_actual_mw,Actual wind output,INTEW,Ireland(East-West),60_80pct,export,export_mw_positive_magnitude_conditional_on_exporting,15705,9147.22514184018,7611.787199999998,10784.568000000003,8457,4228.5,53.84909264565425,351.05876788459267,2.0,44.0,112.0,212.0,330.0,434.0,524.0,528.0,528.0,530.0,530.0,532.0,532.0,588.0
wind_actual_mw,Actual wind output,INTEW,Ireland(East-West),highest_20pct,import,import_mw_conditional_on_importing,15710,12713.216694793125,10784.598000000004,17142.889999999996,3631,1815.5,23.112667091024825,228.50179014045716,2.0,20.0,52.0,86.0,144.0,204.0,254.0,340.0,378.0,432.0,484.0,504.0,504.0,504.0
wind_actual_mw,Actual wind output,INTEW,Ireland(East-West),highest_20pct,export,export_mw_positive_magnitude_conditional_on_exporting,15710,12713.216694793125,10784.598000000004,17142.889999999996,7688,3844.0,48.93698281349459,333.99921956295526,2.0,34.0,86.0,182.0,290.0,384.0,500.0,528.0,528.0,530.0,530.0,532.0,532.0,542.0
wind_actual_mw,Actual wind output,INTFR,France(IFA),lowest_20pct,import,import_mw_conditional_on_importing,15712,1651.2823973523423,-115.2388,2830.466,11720,5860.0,74.59266802443992,1302.6476109215016,2.0,483.8000000000002,816.0,998.0,1006.0,1358.0,1508.0,1814.0,1966.0,2000.0,2004.0,2004.0,2004.0,2548.0
wind_actual_mw,Actual wind output,INTFR,France(IFA),lowest_20pct,export,export_mw_positive_magnitude_conditional_on_exporting,15712,1651.2823973523423,-115.2388,2830.466,3374,1687.0,21.474032586558046,636.127445168939,2.0,86.0,250.0,398.0,528.0,691.0,834.0,976.1999999999998,1024.0,1030.0,1030.0,1032.0,1032.0,1842.0
wind_actual_mw,Actual wind output,INTFR,France(IFA),20_40pct,import,import_mw_conditional_on_importing,15705,3893.593370518943,2830.6159999999995,5018.745599999998,11926,5963.0,75.9375994906081,1277.437028341439,2.0,478.0,838.0,1000.0,1004.0,1340.0,1502.0,1684.0,1846.0,1966.0,2000.0,2004.0,2006.0,2174.0
wind_actual_mw,Actual wind output,INTFR,France(IFA),20_40pct,export,export_mw_positive_magnitude_conditional_on_exporting,15705,3893.593370518943,2830.6159999999995,5018.745599999998,3110,1555.0,19.802610633556192,656.708038585209,2.0,90.0,278.0,442.0,528.0,696.0,818.0,972.0,1024.0,1030.0,1030.0,1032.0,1034.0,2056.0
wind_actual_mw,Actual wind output,INTFR,France(IFA),40_60pct,import,import_mw_conditional_on_importing,15712,6261.010603245926,5018.818,7611.486599999997,11186,5593.0,71.1939918533605,1217.7816913999643,2.0,414.0,748.0,996.0,1004.0,1216.0,1390.0,1508.0,1680.0,1860.0,1992.0,2002.0,2004.0,2094.0
wind_actual_mw,Actual wind output,INTFR,France(IFA),40_60pct,export,export_mw_positive_magnitude_conditional_on_exporting,15712,6261.010603245926,5018.818,7611.486599999997,3816,1908.0,24.287169042769857,636.1430817610063,2.0,50.0,200.0,404.0,514.0,674.0,814.0,974.0,1024.0,1028.0,1030.0,1032.0,1036.0,2056.0
wind_actual_mw,Actual wind output,INTFR,France(IFA),60_80pct,import,import_mw_conditional_on_importing,15705,9147.22514184018,7611.787199999998,10784.568000000003,10335,5167.5,65.80706781279846,1116.8456700532172,2.0,306.0,597.6000000000004,860.0,998.0,1006.0,1314.0,1502.0,1506.0,1578.800000000003,1838.0,1998.0,2002.0,2142.0
wind_actual_mw,Actual wind output,INTFR,France(IFA),60_80pct,export,export_mw_positive_magnitude_conditional_on_exporting,15705,9147.22514184018,7611.787199999998,10784.568000000003,4710,2355.0,29.990448901623683,644.1371549893843,2.0,98.0,246.0,397.4000000000001,514.0,641.0,814.0,972.0,1022.0,1028.0,1030.0,1030.0,1093.1000000000004,2072.0
wind_actual_mw,Actual wind output,INTFR,France(IFA),highest_20pct,import,import_mw_conditional_on_importing,15710,12713.216694793125,10784.598000000004,17142.889999999996,9801,4900.5,62.38701464035646,1042.3020099989797,2.0,244.0,494.0,716.0,958.0,1004.0,1180.0,1490.0,1502.0,1506.0,1576.0,1880.0,2000.0,2630.0
wind_actual_mw,Actual wind output,INTFR,France(IFA),highest_20pct,export,export_mw_positive_magnitude_conditional_on_exporting,15710,12713.216694793125,10784.598000000004,17142.889999999996,5362,2681.0,34.13112667091025,737.3629242819843,2.0,128.0,296.0,442.0,518.0,712.0,906.0,1024.0,1028.0,1030.0,1032.0,1301.6000000000022,1726.0,2070.0
wind_actual_mw,Actual wind output,INTGRNL,Ireland (Greenlink),lowest_20pct,import,import_mw_conditional_on_importing,2314,1812.2626472774418,15.667399999999992,2829.543599999999,144,72.0,6.222990492653413,117.25,4.0,4.0,4.0,4.0,18.400000000000006,60.0,95.6,172.0,210.5,257.6,287.5,309.40000000000003,396.19999999999993,500.0
wind_actual_mw,Actual wind output,INTGRNL,Ireland (Greenlink),lowest_20pct,export,export_mw_positive_magnitude_conditional_on_exporting,2314,1812.2626472774418,15.667399999999992,2829.543599999999,2155,1077.5,93.12878133102852,466.4603248259861,6.0,340.0,440.0,500.0,514.0,514.0,514.0,514.0,514.0,514.0,514.0,514.0,514.0,516.0
wind_actual_mw,Actual wind output,INTGRNL,Ireland (Greenlink),20_40pct,import,import_mw_conditional_on_importing,3202,3933.523303372892,2830.7489999999984,5018.335199999999,281,140.5,8.77576514678326,209.92170818505338,2.0,4.0,22.0,66.0,136.0,216.0,278.0,300.0,314.0,352.0,434.0,492.0,504.0,506.0
wind_actual_mw,Actual wind output,INTGRNL,Ireland (Greenlink),20_40pct,export,export_mw_positive_magnitude_conditional_on_exporting,3202,3933.523303372892,2830.7489999999984,5018.335199999999,2861,1430.5,89.35040599625235,455.16602586508213,2.0,272.0,418.0,492.0,514.0,514.0,514.0,514.0,514.0,514.0,514.0,514.0,514.0,516.0
wind_actual_mw,Actual wind output,INTGRNL,Ireland (Greenlink),40_60pct,import,import_mw_conditional_on_importing,3458,6281.14910746096,5018.8512,7611.486599999997,440,220.0,12.724117987275882,273.7181818181818,2.0,40.0,81.20000000000005,172.79999999999995,200.0,261.0,306.79999999999995,398.5999999999999,440.5,492.8000000000002,504.0,504.0,506.0,506.0
wind_actual_mw,Actual wind output,INTGRNL,Ireland (Greenlink),40_60pct,export,export_mw_positive_magnitude_conditional_on_exporting,3458,6281.14910746096,5018.8512,7611.486599999997,2968,1484.0,85.82995951417004,445.91711590296495,2.0,229.39999999999998,394.0,480.0,512.0,514.0,514.0,514.0,514.0,514.0,514.0,514.0,514.0,516.0
wind_actual_mw,Actual wind output,INTGRNL,Ireland (Greenlink),60_80pct,import,import_mw_conditional_on_importing,3180,9071.195174528302,7612.539400000001,10783.756000000001,423,211.5,13.30188679245283,276.43971631205676,2.0,56.400000000000006,99.60000000000002,186.0,200.0,250.0,310.4,398.0,433.0,478.0,496.0,504.0,504.0,506.0
wind_actual_mw,Actual wind output,INTGRNL,Ireland (Greenlink),60_80pct,export,export_mw_positive_magnitude_conditional_on_exporting,3180,9071.195174528302,7612.539400000001,10783.756000000001,2695,1347.5,84.74842767295597,446.23450834879407,2.0,226.80000000000007,389.60000000000014,480.0,512.0,514.0,514.0,514.0,514.0,514.0,514.0,514.0,514.0,516.0
wind_actual_mw,Actual wind output,INTGRNL,Ireland (Greenlink),highest_20pct,import,import_mw_conditional_on_importing,3830,13079.995910652742,10784.7864,17142.889999999996,822,411.0,21.462140992167104,259.1362530413625,2.0,60.0,104.40000000000003,180.0,200.0,223.0,297.19999999999993,350.0,380.0,420.0,476.0,499.79999999999995,504.0,506.0
wind_actual_mw,Actual wind output,INTGRNL,Ireland (Greenlink),highest_20pct,export,export_mw_positive_magnitude_conditional_on_exporting,3830,13079.995910652742,10784.7864,17142.889999999996,2987,1493.5,77.98955613577023,421.6196853029796,4.0,182.0,300.0,404.0,492.0,514.0,514.0,514.0,514.0,514.0,514.0,514.0,514.0,516.0
wind_actual_mw,Actual wind output,INTIFA2,IFA2 (INTIFA2),lowest_20pct,import,import_mw_conditional_on_importing,15712,1651.2823973523423,-115.2388,2830.466,10671,5335.5,67.91624236252545,817.5535563677256,2.0,382.0,666.0,754.0,894.0,986.0,992.0,992.0,992.0,992.0,992.0,992.0,992.0,1156.0
wind_actual_mw,Actual wind output,INTIFA2,IFA2 (INTIFA2),lowest_20pct,export,export_mw_positive_magnitude_conditional_on_exporting,15712,1651.2823973523423,-115.2388,2830.466,5029,2514.5,32.00738289205703,456.16424736528137,2.0,2.0,2.0,4.0,138.4000000000001,376.0,609.5999999999995,872.0,972.0,1026.0,1028.0,1028.0,1030.0,1030.0
wind_actual_mw,Actual wind output,INTIFA2,IFA2 (INTIFA2),20_40pct,import,import_mw_conditional_on_importing,15705,3893.593370518943,2830.6159999999995,5018.745599999998,10372,5186.0,66.04266157274753,801.8573081372928,2.0,302.0,580.0,752.0,898.0,986.0,992.0,992.0,992.0,992.0,992.0,992.0,992.0,994.0
wind_actual_mw,Actual wind output,INTIFA2,IFA2 (INTIFA2),20_40pct,export,export_mw_positive_magnitude_conditional_on_exporting,15705,3893.593370518943,2830.6159999999995,5018.745599999998,5321,2660.5,33.880929640241966,438.4668295433189,2.0,2.0,2.0,4.0,20.0,256.0,604.0,902.0,996.0,1028.0,1028.0,1028.0,1030.0,1030.0
wind_actual_mw,Actual wind output,INTIFA2,IFA2 (INTIFA2),40_60pct,import,import_mw_conditional_on_importing,15712,6261.010603245926,5018.818,7611.486599999997,9297,4648.5,59.17133401221996,768.4666021297193,2.0,265.20000000000005,490.0,684.0,828.8000000000002,946.0,992.0,992.0,992.0,992.0,992.0,992.0,992.0,1398.0
wind_actual_mw,Actual wind output,INTIFA2,IFA2 (INTIFA2),40_60pct,export,export_mw_positive_magnitude_conditional_on_exporting,15712,6261.010603245926,5018.818,7611.486599999997,6403,3201.5,40.752291242362524,415.6642198969233,2.0,2.0,2.0,4.0,4.0,202.0,528.0,844.0,963.0,1024.0,1028.0,1028.0,1030.0,1030.0
wind_actual_mw,Actual wind output,INTIFA2,IFA2 (INTIFA2),60_80pct,import,import_mw_conditional_on_importing,15705,9147.22514184018,7611.787199999998,10784.568000000003,8415,4207.5,53.581661891117484,745.1130124777184,2.0,224.0,436.0,632.0,794.0,904.0,984.0,992.0,992.0,992.0,992.0,992.0,992.0,1178.0
wind_actual_mw,Actual wind output,INTIFA2,IFA2 (INTIFA2),60_80pct,export,export_mw_positive_magnitude_conditional_on_exporting,15705,9147.22514184018,7611.787199999998,10784.568000000003,7278,3639.0,46.341929321872016,417.71090959054686,2.0,2.0,2.0,4.0,60.0,272.0,518.0,768.0,915.5,1016.0,1028.0,1028.0,1028.0,1626.0
wind_actual_mw,Actual wind output,INTIFA2,IFA2 (INTIFA2),highest_20pct,import,import_mw_conditional_on_importing,15710,12713.216694793125,10784.598000000004,17142.889999999996,7515,3757.5,47.83577339274348,706.2914171656687,2.0,166.80000000000018,344.0,526.0,712.0,858.0,968.0,992.0,992.0,992.0,992.0,992.0,992.0,994.0
wind_actual_mw,Actual wind output,INTIFA2,IFA2 (INTIFA2),highest_20pct,export,export_mw_positive_magnitude_conditional_on_exporting,15710,12713.216694793125,10784.598000000004,17142.889999999996,8178,4089.0,52.056015276893696,402.9095133284422,2.0,2.0,4.0,4.0,4.0,209.0,478.0,774.0,922.0,1014.0,1028.0,1028.0,1030.0,1030.0
wind_actual_mw,Actual wind output,INTIRL,Northern Ireland(Moyle),lowest_20pct,import,import_mw_conditional_on_importing,15712,1651.2823973523423,-115.2388,2830.466,3348,1674.0,21.308553971486763,183.40023894862605,2.0,16.0,48.0,88.0,128.0,172.0,212.0,246.0,270.0,312.0,359.89999999999964,400.0,402.0,404.0
wind_actual_mw,Actual wind output,INTIRL,Northern Ireland(Moyle),lowest_20pct,export,export_mw_positive_magnitude_conditional_on_exporting,15712,1651.2823973523423,-115.2388,2830.466,11377,5688.5,72.4096232179226,338.04271776390965,2.0,100.0,212.0,264.0,340.0,404.0,450.0,452.0,452.0,452.0,452.0,452.0,454.0,458.0
wind_actual_mw,Actual wind output,INTIRL,Northern Ireland(Moyle),20_40pct,import,import_mw_conditional_on_importing,15705,3893.593370518943,2830.6159999999995,5018.745599999998,3248,1624.0,20.681311684177015,214.50615763546799,2.0,26.0,64.0,102.0,170.0,224.0,246.0,310.0,350.0,380.0,400.0,400.0,402.0,500.0
wind_actual_mw,Actual wind output,INTIRL,Northern Ireland(Moyle),20_40pct,export,export_mw_positive_magnitude_conditional_on_exporting,15705,3893.593370518943,2830.6159999999995,5018.745599999998,11405,5702.5,72.6201846545686,345.2043840420868,2.0,112.0,223.60000000000036,300.0,360.0,420.0,450.0,452.0,452.0,452.0,452.0,452.0,454.0,506.0
wind_actual_mw,Actual wind output,INTIRL,Northern Ireland(Moyle),40_60pct,import,import_mw_conditional_on_importing,15712,6261.010603245926,5018.818,7611.486599999997,4132,2066.0,26.29837067209776,234.0454985479187,2.0,44.0,90.0,150.5999999999999,208.0,246.0,274.0,328.0,360.0,388.0,400.0,400.0,400.0,498.0
wind_actual_mw,Actual wind output,INTIRL,Northern Ireland(Moyle),40_60pct,export,export_mw_positive_magnitude_conditional_on_exporting,15712,6261.010603245926,5018.818,7611.486599999997,10689,5344.5,68.03080448065172,341.07418841799984,2.0,96.0,222.0,300.0,352.0,406.0,450.0,452.0,452.0,452.0,452.0,452.0,452.0,458.0
wind_actual_mw,Actual wind output,INTIRL,Northern Ireland(Moyle),60_80pct,import,import_mw_conditional_on_importing,15705,9147.22514184018,7611.787199999998,10784.568000000003,4377,2188.5,27.87010506208214,230.00091386794608,2.0,44.0,88.0,154.0,210.0,248.0,272.0,304.0,334.0,364.0,394.0,400.0,400.0,682.0
wind_actual_mw,Actual wind output,INTIRL,Northern Ireland(Moyle),60_80pct,export,export_mw_positive_magnitude_conditional_on_exporting,15705,9147.22514184018,7611.787199999998,10784.568000000003,10730,5365.0,68.32219038522763,339.5420316868593,2.0,96.0,216.0,298.0,350.0,402.0,450.0,452.0,452.0,452.0,452.0,452.0,452.0,592.0
wind_actual_mw,Actual wind output,INTIRL,Northern Ireland(Moyle),highest_20pct,import,import_mw_conditional_on_importing,15710,12713.216694793125,10784.598000000004,17142.889999999996,5267,2633.5,33.52641629535328,235.13157395101575,2.0,43.200000000000045,86.0,154.0,210.0,258.0,272.0,326.0,364.0,388.0,400.0,400.0,400.0,404.0
wind_actual_mw,Actual wind output,INTIRL,Northern Ireland(Moyle),highest_20pct,export,export_mw_positive_magnitude_conditional_on_exporting,15710,12713.216694793125,10784.598000000004,17142.889999999996,9890,4945.0,62.95353278166773,318.05763397371084,2.0,74.0,170.0,252.0,306.0,358.0,420.0,450.0,450.0,452.0,452.0,452.0,452.0,456.0
wind_actual_mw,Actual wind output,INTNED,Netherlands(BritNed),lowest_20pct,import,import_mw_conditional_on_importing,15712,1651.2823973523423,-115.2388,2830.466,10516,5258.0,66.92973523421588,770.7441993153291,2.0,258.0,460.0,658.0,806.0,906.0,1000.0,1004.0,1008.0,1028.0,1032.0,1046.0,1052.0,1196.0
wind_actual_mw,Actual wind output,INTNED,Netherlands(BritNed),lowest_20pct,export,export_mw_positive_magnitude_conditional_on_exporting,15712,1651.2823973523423,-115.2388,2830.466,3770,1885.0,23.99439918533605,639.9389920424403,2.0,168.0,280.0,410.0,549.2000000000003,676.0,792.0,906.0,968.0,1012.0,1014.0,1042.0,1052.0,1076.0
wind_actual_mw,Actual wind output,INTNED,Netherlands(BritNed),20_40pct,import,import_mw_conditional_on_importing,15705,3893.593370518943,2830.6159999999995,5018.745599999998,9680,4840.0,61.63642152180834,749.3938016528925,2.0,238.0,424.0,600.0,748.0,876.0,976.0,1002.0,1004.0,1022.0,1034.0,1048.0,1052.0,1078.0
wind_actual_mw,Actual wind output,INTNED,Netherlands(BritNed),20_40pct,export,export_mw_positive_magnitude_conditional_on_exporting,15705,3893.593370518943,2830.6159999999995,5018.745599999998,4507,2253.5,28.697866921362625,648.6620812070113,2.0,184.0,298.4000000000001,424.0,560.0,680.0,802.0,920.3999999999996,975.0,1014.0,1014.0,1032.0,1052.0,1090.0
wind_actual_mw,Actual wind output,INTNED,Netherlands(BritNed),40_60pct,import,import_mw_conditional_on_importing,15712,6261.010603245926,5018.818,7611.486599999997,9191,4595.5,58.496690427698574,734.7733652486128,2.0,224.0,404.0,568.0,712.0,848.0,954.0,1002.0,1004.0,1020.0,1036.0,1048.0,1052.0,1078.0
wind_actual_mw,Actual wind output,INTNED,Netherlands(BritNed),40_60pct,export,export_mw_positive_magnitude_conditional_on_exporting,15712,6261.010603245926,5018.818,7611.486599999997,4962,2481.0,31.580957230142566,664.4212011285772,2.0,186.0,308.0,442.5999999999999,570.0,712.0,826.0,956.0,1006.0,1014.0,1016.0,1038.0,1056.0,1090.0
wind_actual_mw,Actual wind output,INTNED,Netherlands(BritNed),60_80pct,import,import_mw_conditional_on_importing,15705,9147.22514184018,7611.787199999998,10784.568000000003,9067,4533.5,57.733205985354985,727.4114922245506,2.0,198.0,384.0,556.0,704.0,838.0,952.0,1002.0,1004.0,1028.0,1044.0,1048.0,1054.0,1402.0
wind_actual_mw,Actual wind output,INTNED,Netherlands(BritNed),60_80pct,export,export_mw_positive_magnitude_conditional_on_exporting,15705,9147.22514184018,7611.787199999998,10784.568000000003,5147,2573.5,32.77300222858962,645.5387604429765,2.0,172.0,308.0,426.0,536.0,664.0,800.0,922.0,982.0,1014.0,1016.0,1038.800000000001,1056.0,1092.0
wind_actual_mw,Actual wind output,INTNED,Netherlands(BritNed),highest_20pct,import,import_mw_conditional_on_importing,15710,12713.216694793125,10784.598000000004,17142.889999999996,8265,4132.5,52.60980267345639,722.194555353902,2.0,194.0,376.0,532.0,688.0,838.0,954.0,1002.0,1004.0,1020.0,1044.0,1050.0,1054.0,1098.0
wind_actual_mw,Actual wind output,INTNED,Netherlands(BritNed),highest_20pct,export,export_mw_positive_magnitude_conditional_on_exporting,15710,12713.216694793125,10784.598000000004,17142.889999999996,5662,2831.0,36.04073838319542,666.8594136347581,2.0,188.0,308.0,442.0,570.8000000000002,715.0,844.0,966.0,1012.0,1014.0,1030.0,1044.0,1052.0,1082.0
wind_actual_mw,Actual wind output,INTNEM,Belgium (Nemolink),lowest_20pct,import,import_mw_conditional_on_importing,15712,1651.2823973523423,-115.2388,2830.466,12084,6042.0,76.90936863543789,764.5883813306853,2.0,276.0,496.0,680.0,796.0,890.0,970.0,1000.0,1000.0,1000.0,1000.0,1018.0,1020.0,1020.0
wind_actual_mw,Actual wind output,INTNEM,Belgium (Nemolink),lowest_20pct,export,export_mw_positive_magnitude_conditional_on_exporting,15712,1651.2823973523423,-115.2388,2830.466,3383,1691.5,21.531313645621182,559.9361513449601,2.0,104.0,202.0,302.0,416.0,546.0,698.0,826.0,899.0,962.0,1016.0,1020.0,1022.0,1024.0
wind_actual_mw,Actual wind output,INTNEM,Belgium (Nemolink),20_40pct,import,import_mw_conditional_on_importing,15705,3893.593370518943,2830.6159999999995,5018.745599999998,11364,5682.0,72.35912129894938,716.403379091869,2.0,206.0,410.0,570.0,708.0,812.0,922.0,996.0,1000.0,1000.0,1000.0,1000.0,1020.0,1020.0
wind_actual_mw,Actual wind output,INTNEM,Belgium (Nemolink),20_40pct,export,export_mw_positive_magnitude_conditional_on_exporting,15705,3893.593370518943,2830.6159999999995,5018.745599999998,3963,1981.5,25.23400191021968,536.6737320211961,2.0,84.40000000000009,172.0,278.0,384.0,514.0,664.0,804.0,866.0,924.0,996.0,1020.0,1022.0,1024.0
wind_actual_mw,Actual wind output,INTNEM,Belgium (Nemolink),40_60pct,import,import_mw_conditional_on_importing,15712,6261.010603245926,5018.818,7611.486599999997,10423,5211.5,66.33783095723014,696.4298186702484,2.0,194.0,378.0,534.0,676.0,786.0,896.0,982.0,998.0,1000.0,1000.0,1000.0,1020.0,1352.0
wind_actual_mw,Actual wind output,INTNEM,Belgium (Nemolink),40_60pct,export,export_mw_positive_magnitude_conditional_on_exporting,15712,6261.010603245926,5018.818,7611.486599999997,4789,2394.5,30.47988798370672,564.9931092086031,2.0,92.0,188.0,306.0,420.0,564.0,714.0,840.0,914.0,966.8000000000002,1016.0,1020.0,1022.0,1024.0
wind_actual_mw,Actual wind output,INTNEM,Belgium (Nemolink),60_80pct,import,import_mw_conditional_on_importing,15705,9147.22514184018,7611.787199999998,10784.568000000003,10378,5189.0,66.08086596625279,685.3351320100212,2.0,178.0,352.0,514.0,656.0,770.0,884.0,974.0,998.0,1000.0,1000.0,1000.0,1020.0,1366.0
wind_actual_mw,Actual wind output,INTNEM,Belgium (Nemolink),60_80pct,export,export_mw_positive_magnitude_conditional_on_exporting,15705,9147.22514184018,7611.787199999998,10784.568000000003,4802,2401.0,30.57624960203757,557.6668054977093,2.0,90.0,192.4000000000001,298.5999999999999,428.8000000000002,556.0,688.0,810.0,888.0,966.0,1016.0,1020.0,1022.0,1024.0
wind_actual_mw,Actual wind output,INTNEM,Belgium (Nemolink),highest_20pct,import,import_mw_conditional_on_importing,15710,12713.216694793125,10784.598000000004,17142.889999999996,9818,4909.0,62.49522597071929,695.5518435526584,2.0,177.4000000000001,348.0,512.0,670.0,804.0,912.0,994.0,1000.0,1000.0,1000.0,1004.0,1020.0,1020.0
wind_actual_mw,Actual wind output,INTNEM,Belgium (Nemolink),highest_20pct,export,export_mw_positive_magnitude_conditional_on_exporting,15710,12713.216694793125,10784.598000000004,17142.889999999996,5459,2729.5,34.748567791215784,590.3004213225865,2.0,110.0,232.0,348.0,464.0,608.0,744.0,868.0,926.0,992.0,1020.0,1022.0,1022.0,1024.0
wind_actual_mw,Actual wind output,INTNSL,North Sea Link (INTNSL),lowest_20pct,import,import_mw_conditional_on_importing,13349,1701.0301875196644,-115.2388,2830.466,11893,5946.5,89.09281594126901,1137.3016059867148,2.0,692.0,694.0,998.0,1296.0,1396.0,1398.0,1398.0,1398.0,1398.0,1400.0,1400.0,1400.0,1474.0
wind_actual_mw,Actual wind output,INTNSL,North Sea Link (INTNSL),lowest_20pct,export,export_mw_positive_magnitude_conditional_on_exporting,13349,1701.0301875196644,-115.2388,2830.466,1333,666.5,9.985766724099184,416.16804201050263,2.0,6.0,8.800000000000068,73.19999999999993,206.0,342.0,496.39999999999986,712.8,738.0,738.0,744.0,976.0,1188.0,1280.0
wind_actual_mw,Actual wind output,INTNSL,North Sea Link (INTNSL),20_40pct,import,import_mw_conditional_on_importing,14691,3899.859181948131,2830.6159999999995,5018.745599999998,12890,6445.0,87.74079368320741,1173.7961210240496,2.0,694.0,851.6000000000004,1096.0,1296.0,1396.0,1398.0,1398.0,1398.0,1398.0,1398.0,1400.0,1400.0,1846.0
wind_actual_mw,Actual wind output,INTNSL,North Sea Link (INTNSL),20_40pct,export,export_mw_positive_magnitude_conditional_on_exporting,14691,3899.859181948131,2830.6159999999995,5018.745599999998,1411,705.5,9.6045197740113,527.9234585400425,2.0,6.0,20.0,160.0,338.0,498.0,714.0,738.0,848.0,1052.0,1134.0,1134.0,1188.0,1412.0
wind_actual_mw,Actual wind output,INTNSL,North Sea Link (INTNSL),40_60pct,import,import_mw_conditional_on_importing,15148,6264.374092170584,5018.818,7611.486599999997,12994,6497.0,85.78030102983892,1127.7214098814839,2.0,694.0,696.0,1012.0,1200.0,1342.0,1398.0,1398.0,1398.0,1398.0,1398.0,1398.0,1400.0,1412.0
wind_actual_mw,Actual wind output,INTNSL,North Sea Link (INTNSL),40_60pct,export,export_mw_positive_magnitude_conditional_on_exporting,15148,6264.374092170584,5018.818,7611.486599999997,1666,833.0,10.998151571164511,575.671068427371,2.0,6.0,40.0,221.0,402.0,601.0,738.0,822.0,951.5,1088.0,1134.0,1134.0,1188.0,1454.0
wind_actual_mw,Actual wind output,INTNSL,North Sea Link (INTNSL),60_80pct,import,import_mw_conditional_on_importing,15241,9151.261751499247,7611.787199999998,10784.568000000003,12656,6328.0,83.0391706580933,1038.7907711757268,2.0,530.0,694.0,698.0,1048.0,1096.0,1332.0,1398.0,1398.0,1398.0,1398.0,1398.0,1398.0,1420.0
wind_actual_mw,Actual wind output,INTNSL,North Sea Link (INTNSL),60_80pct,export,export_mw_positive_magnitude_conditional_on_exporting,15241,9151.261751499247,7611.787199999998,10784.568000000003,2114,1057.0,13.870480939570895,537.4077578051088,2.0,6.0,50.0,181.79999999999995,356.0,516.0,723.5999999999999,744.0,822.0,976.8000000000002,1080.0,1134.0,1240.0,1454.0
wind_actual_mw,Actual wind output,INTNSL,North Sea Link (INTNSL),highest_20pct,import,import_mw_conditional_on_importing,15653,12717.831889554718,10784.598000000004,17142.889999999996,11643,5821.5,74.3819076215422,992.5019324916259,2.0,390.0,688.0,698.0,998.0,1096.0,1118.0,1398.0,1398.0,1398.0,1398.0,1398.0,1398.0,1400.0
wind_actual_mw,Actual wind output,INTNSL,North Sea Link (INTNSL),highest_20pct,export,export_mw_positive_magnitude_conditional_on_exporting,15653,12717.831889554718,10784.598000000004,17142.889999999996,3604,1802.0,23.024340382035394,682.3851276359601,2.0,70.0,242.0,392.0,532.0,694.0,784.0,1006.0,1044.0,1080.0,1134.0,1306.0,1454.0,1454.0
wind_actual_mw,Actual wind output,INTVKL,Denmark (Viking link),lowest_20pct,import,import_mw_conditional_on_importing,5535,1770.1069489792233,-114.58820000000001,2829.6039999999994,3898,1949.0,70.4245709123758,853.0179579271421,2.0,276.0,524.8000000000002,700.0,794.0,942.0,988.0,990.0,992.0,1136.0,1372.0,1418.0,1424.0,1428.0
wind_actual_mw,Actual wind output,INTVKL,Denmark (Viking link),lowest_20pct,export,export_mw_positive_magnitude_conditional_on_exporting,5535,1770.1069489792233,-114.58820000000001,2829.6039999999994,1312,656.0,23.703703703703706,606.719512195122,2.0,112.0,210.39999999999998,344.0,480.79999999999995,605.0,747.2,880.0,960.0,1029.6,1072.6999999999998,1090.0,1094.0,1250.0
wind_actual_mw,Actual wind output,INTVKL,Denmark (Viking link),20_40pct,import,import_mw_conditional_on_importing,6848,3908.804903329439,2830.7489999999984,5018.455600000001,4223,2111.5,61.66764018691588,859.7579919488516,2.0,268.4000000000001,552.0,700.0,796.0,948.0,988.0,990.0,994.0,1184.0,1379.3999999999996,1420.0,1424.0,1428.0
wind_actual_mw,Actual wind output,INTVKL,Denmark (Viking link),20_40pct,export,export_mw_positive_magnitude_conditional_on_exporting,6848,3908.804903329439,2830.7489999999984,5018.455600000001,1999,999.5,29.191004672897197,659.3266633316658,2.0,118.0,240.0,404.0,572.0,700.0,835.5999999999999,985.1999999999998,1042.0,1080.0,1090.0,1092.0,1094.0,1454.0
wind_actual_mw,Actual wind output,INTVKL,Denmark (Viking link),40_60pct,import,import_mw_conditional_on_importing,7348,6289.545672917801,5018.8512,7611.486599999997,4473,2236.5,60.873707131192155,866.0791415157612,2.0,248.0,486.0,696.0,780.0,926.0,988.0,1012.7999999999993,1200.0,1366.0,1412.0,1420.0,1424.0,1430.0
wind_actual_mw,Actual wind output,INTVKL,Denmark (Viking link),40_60pct,export,export_mw_positive_magnitude_conditional_on_exporting,7348,6289.545672917801,5018.8512,7611.486599999997,2270,1135.0,30.8927599346761,675.5718061674008,2.0,144.0,282.0,412.0,564.0,696.0,868.7999999999997,1024.0,1066.0,1088.0,1090.0,1092.0,1094.0,1454.0
wind_actual_mw,Actual wind output,INTVKL,Denmark (Viking link),60_80pct,import,import_mw_conditional_on_importing,7123,9080.46271604661,7612.539400000001,10783.890000000003,4293,2146.5,60.26954934718517,914.8269275564872,2.0,256.0,534.0,698.0,794.0,980.0,1000.0,1296.7999999999993,1394.0,1414.0,1420.0,1422.0,1424.0,1436.0
wind_actual_mw,Actual wind output,INTVKL,Denmark (Viking link),60_80pct,export,export_mw_positive_magnitude_conditional_on_exporting,7123,9080.46271604661,7612.539400000001,10783.890000000003,2431,1215.5,34.12887828162291,690.3710407239819,2.0,146.0,292.0,450.0,608.0,750.0,872.0,1026.0,1073.0,1090.0,1092.0,1094.0,1096.0,1456.0
wind_actual_mw,Actual wind output,INTVKL,Denmark (Viking link),highest_20pct,import,import_mw_conditional_on_importing,8090,12861.887769270706,10784.7864,17142.889999999996,5029,2514.5,62.163164400494445,941.4698747265858,2.0,258.0,550.0,698.0,824.0,986.0,1155.5999999999995,1374.0,1406.0,1420.0,1422.0,1422.0,1424.0,2480.0
wind_actual_mw,Actual wind output,INTVKL,Denmark (Viking link),highest_20pct,export,export_mw_positive_magnitude_conditional_on_exporting,8090,12861.887769270706,10784.7864,17142.889999999996,2613,1306.5,32.29913473423981,708.1125143513203,2.0,178.0,336.0,478.0,610.0,776.0,846.0,1042.0,1088.0,1092.0,1092.0,1094.0,1096.0,1456.0
wind_before_curtailment_mw,Wind before curtailment proxy,TOTAL_GB_INTERCONNECTORS,GB interconnector fleet total,lowest_20pct,import,import_mw_conditional_on_importing,15712,1666.26861771336,-115.2388,2888.2399999999993,12923,6461.5,82.24923625254583,4022.607444091929,2.0,1378.0,2418.8,3197.2,3718.0,4056.0,4514.0,5016.0,5328.0,5656.0,6030.0,6402.0,6931.5999999999985,9148.0
wind_before_curtailment_mw,Wind before curtailment proxy,TOTAL_GB_INTERCONNECTORS,GB interconnector fleet total,lowest_20pct,export,export_mw_positive_magnitude_conditional_on_exporting,15712,1666.26861771336,-115.2388,2888.2399999999993,2784,1392.0,17.718940936863543,2245.609195402299,2.0,320.6,698.0,1046.0,1487.2000000000003,1992.0,2557.6,3172.2,3550.5,3858.8,4189.099999999999,4568.0,4974.499999999999,6350.0
wind_before_curtailment_mw,Wind before curtailment proxy,TOTAL_GB_INTERCONNECTORS,GB interconnector fleet total,20_40pct,import,import_mw_conditional_on_importing,15705,4043.541077855964,2888.8560000000007,5299.334,12749,6374.5,81.1779687997453,3993.038199074437,2.0,1362.0,2275.2000000000007,3004.0,3556.0,4104.0,4612.0,5149.199999999997,5418.0,5704.0,6016.0,6362.0,6799.199999999997,9230.0
wind_before_curtailment_mw,Wind before curtailment proxy,TOTAL_GB_INTERCONNECTORS,GB interconnector fleet total,20_40pct,export,export_mw_positive_magnitude_conditional_on_exporting,15705,4043.541077855964,2888.8560000000007,5299.334,2952,1476.0,18.79656160458453,2333.0176151761516,8.0,420.0,902.0,1278.0,1682.0,2162.0,2636.3999999999996,3088.0,3320.5,3672.800000000001,4163.4,4545.6,5179.799999999999,6584.0
wind_before_curtailment_mw,Wind before curtailment proxy,TOTAL_GB_INTERCONNECTORS,GB interconnector fleet total,40_60pct,import,import_mw_conditional_on_importing,15711,6708.135708516417,5299.447999999998,8257.739600000003,12551,6275.5,79.88670358347655,3756.5580431838102,2.0,1094.0,1904.0,2612.0,3218.0,3788.0,4312.0,4906.0,5262.0,5604.0,5921.0,6302.0,6814.0,8932.0
wind_before_curtailment_mw,Wind before curtailment proxy,TOTAL_GB_INTERCONNECTORS,GB interconnector fleet total,40_60pct,export,export_mw_positive_magnitude_conditional_on_exporting,15711,6708.135708516417,5299.447999999998,8257.739600000003,3157,1578.5,20.0942015148622,2378.968007602154,2.0,327.20000000000005,754.0,1175.6,1624.8000000000002,2172.0,2742.0,3334.0,3658.0,4047.6000000000004,4336.0,4728.0,5230.4,6774.0
wind_before_curtailment_mw,Wind before curtailment proxy,TOTAL_GB_INTERCONNECTORS,GB interconnector fleet total,60_80pct,import,import_mw_conditional_on_importing,15706,10082.047673879415,8257.972000000005,12054.916999999996,12235,6117.5,77.90016554183114,3437.975480179812,2.0,820.0,1487.6000000000004,2130.0,2766.0,3372.0,3984.0,4612.0,4934.0,5278.0,5681.799999999999,6149.200000000001,6764.5999999999985,8488.0
wind_before_curtailment_mw,Wind before curtailment proxy,TOTAL_GB_INTERCONNECTORS,GB interconnector fleet total,60_80pct,export,export_mw_positive_magnitude_conditional_on_exporting,15706,10082.047673879415,8257.972000000005,12054.916999999996,3469,1734.5,22.08710047115752,2078.8722974920724,2.0,284.0,565.2,896.0,1271.2000000000003,1696.0,2226.0,2951.5999999999995,3306.0,3646.0,4084.0,4416.400000000001,4909.599999999999,6634.0
wind_before_curtailment_mw,Wind before curtailment proxy,TOTAL_GB_INTERCONNECTORS,GB interconnector fleet total,highest_20pct,import,import_mw_conditional_on_importing,15710,14657.12997007133,12055.246000000005,20950.569466666402,10565,5282.5,67.25015913430936,3185.3663984855657,2.0,668.0,1244.0,1796.0,2354.0,2978.0,3648.0,4378.0,4734.0,5124.0,5574.799999999999,5988.0,6511.5999999999985,8530.0
wind_before_curtailment_mw,Wind before curtailment proxy,TOTAL_GB_INTERCONNECTORS,GB interconnector fleet total,highest_20pct,export,export_mw_positive_magnitude_conditional_on_exporting,15710,14657.12997007133,12055.246000000005,20950.569466666402,5140,2570.0,32.71801400381922,2200.8015564202333,2.0,348.0,723.5999999999999,1119.4,1537.1999999999998,1995.0,2498.0,3008.5999999999995,3336.0,3696.0,4032.0,4374.4000000000015,4814.0,7914.0
wind_before_curtailment_mw,Wind before curtailment proxy,INTELEC,Eleclink (INTELEC),lowest_20pct,import,import_mw_conditional_on_importing,11331,1744.1608888458488,-115.2388,2888.2399999999993,7300,3650.0,64.42502868237578,845.5153424657534,2.0,360.0,670.0,898.0,992.0,996.0,996.0,996.0,998.0,998.0,998.0,998.0,998.0,1102.0
wind_before_curtailment_mw,Wind before curtailment proxy,INTELEC,Eleclink (INTELEC),lowest_20pct,export,export_mw_positive_magnitude_conditional_on_exporting,11331,1744.1608888458488,-115.2388,2888.2399999999993,2571,1285.5,22.68996558114906,675.1940879035395,2.0,102.0,278.0,470.0,662.0,840.0,908.0,922.0,990.0,1022.0,1022.0,1024.0,1024.0,1026.0
wind_before_curtailment_mw,Wind before curtailment proxy,INTELEC,Eleclink (INTELEC),20_40pct,import,import_mw_conditional_on_importing,12695,4036.1911742991656,2888.9741999999997,5299.1068000000005,8612,4306.0,67.83773139031115,843.6788202508128,2.0,360.0,672.0,898.0,992.0,996.0,996.0,996.0,998.0,998.0,998.0,998.0,998.0,1084.0
wind_before_curtailment_mw,Wind before curtailment proxy,INTELEC,Eleclink (INTELEC),20_40pct,export,export_mw_positive_magnitude_conditional_on_exporting,12695,4036.1911742991656,2888.9741999999997,5299.1068000000005,2628,1314.0,20.70106341079165,691.0890410958904,2.0,96.0,254.0,444.0,718.0,906.0,924.0,1022.0,1022.0,1023.1999999999998,1024.0,1024.0,1024.0,1026.0
wind_before_curtailment_mw,Wind before curtailment proxy,INTELEC,Eleclink (INTELEC),40_60pct,import,import_mw_conditional_on_importing,12852,6716.66258827431,5299.447999999998,8257.739600000003,8739,4369.5,67.99719887955182,817.8221764503947,2.0,294.0,584.0,832.0,956.0,996.0,996.0,996.0,998.0,998.0,998.0,998.0,998.0,1260.0
wind_before_curtailment_mw,Wind before curtailment proxy,INTELEC,Eleclink (INTELEC),40_60pct,export,export_mw_positive_magnitude_conditional_on_exporting,12852,6716.66258827431,5299.447999999998,8257.739600000003,2602,1301.0,20.24587612822907,709.6325903151422,2.0,98.0,282.4000000000001,517.7999999999997,786.0,864.0,954.0,1022.0,1022.0,1024.0,1024.0,1024.0,1024.0,1028.0
wind_before_curtailment_mw,Wind before curtailment proxy,INTELEC,Eleclink (INTELEC),60_80pct,import,import_mw_conditional_on_importing,12356,10062.249832304151,8257.972000000005,12054.916999999996,7833,3916.5,63.39430236322434,797.3864419762543,2.0,266.0,522.8000000000002,771.1999999999998,922.0,992.0,996.0,996.0,998.0,998.0,998.0,998.0,998.0,1178.0
wind_before_curtailment_mw,Wind before curtailment proxy,INTELEC,Eleclink (INTELEC),60_80pct,export,export_mw_positive_magnitude_conditional_on_exporting,12356,10062.249832304151,8257.972000000005,12054.916999999996,2710,1355.0,21.932664292651342,622.1261992619926,2.0,67.80000000000007,198.0,355.39999999999986,554.0,767.0,806.0,924.0,1002.0,1022.0,1022.0,1024.0,1024.0,1026.0
wind_before_curtailment_mw,Wind before curtailment proxy,INTELEC,Eleclink (INTELEC),highest_20pct,import,import_mw_conditional_on_importing,13594,14857.147664103326,12055.908399999991,20950.569466666402,7796,3898.0,57.34883036633809,715.2424320164187,2.0,165.0,340.0,530.0,730.0,894.0,986.0,996.0,996.0,998.0,998.0,998.0,998.0,1014.0
wind_before_curtailment_mw,Wind before curtailment proxy,INTELEC,Eleclink (INTELEC),highest_20pct,export,export_mw_positive_magnitude_conditional_on_exporting,13594,14857.147664103326,12055.908399999991,20950.569466666402,3270,1635.0,24.054730027953507,599.3718654434251,2.0,76.0,163.60000000000014,300.0,467.2000000000003,662.0,806.0,948.0,1017.5,1022.0,1022.0,1024.0,1024.0,1026.0
wind_before_curtailment_mw,Wind before curtailment proxy,INTEW,Ireland(East-West),lowest_20pct,import,import_mw_conditional_on_importing,15712,1666.26861771336,-115.2388,2888.2399999999993,2170,1085.0,13.81109979633401,232.13087557603686,2.0,22.0,52.0,82.0,134.0,194.0,268.0,356.5999999999999,394.0,454.0,490.0,504.0,504.0,504.0
wind_before_curtailment_mw,Wind before curtailment proxy,INTEW,Ireland(East-West),lowest_20pct,export,export_mw_positive_magnitude_conditional_on_exporting,15712,1666.26861771336,-115.2388,2888.2399999999993,8487,4243.5,54.016038696537684,349.94414987628136,2.0,54.0,134.0,224.0,320.0,404.0,502.0,528.0,528.0,528.0,530.0,532.0,534.0,536.0
wind_before_curtailment_mw,Wind before curtailment proxy,INTEW,Ireland(East-West),20_40pct,import,import_mw_conditional_on_importing,15705,4043.541077855964,2888.8560000000007,5299.334,2329,1164.5,14.829672078955747,237.6341777586947,2.0,22.0,57.200000000000045,94.79999999999995,146.4000000000001,212.0,278.0,352.0,388.0,460.8000000000002,502.0,504.0,504.0,504.0
wind_before_curtailment_mw,Wind before curtailment proxy,INTEW,Ireland(East-West),20_40pct,export,export_mw_positive_magnitude_conditional_on_exporting,15705,4043.541077855964,2888.8560000000007,5299.334,8896,4448.0,56.64438077045527,355.044964028777,2.0,54.0,140.0,234.0,334.0,422.0,508.0,528.0,528.0,528.0,530.0,530.0,532.0,586.0
wind_before_curtailment_mw,Wind before curtailment proxy,INTEW,Ireland(East-West),40_60pct,import,import_mw_conditional_on_importing,15711,6708.135708516417,5299.447999999998,8257.739600000003,2913,1456.5,18.541149513080008,240.4373498111912,2.0,20.0,54.0,90.0,148.0,208.0,282.4000000000001,366.0,420.0,481.1999999999998,504.0,504.0,504.0,504.0
wind_before_curtailment_mw,Wind before curtailment proxy,INTEW,Ireland(East-West),40_60pct,export,export_mw_positive_magnitude_conditional_on_exporting,15711,6708.135708516417,5299.447999999998,8257.739600000003,8458,4229.0,53.83489275030233,357.317805627808,2.0,51.40000000000009,136.0,232.0,342.0,438.0,524.0,528.0,528.0,530.0,530.0,530.0,532.0,586.0
wind_before_curtailment_mw,Wind before curtailment proxy,INTEW,Ireland(East-West),60_80pct,import,import_mw_conditional_on_importing,15706,10082.047673879415,8257.972000000005,12054.916999999996,3004,1502.0,19.126448491022536,227.09454061251665,2.0,20.0,50.0,80.0,142.0,194.0,252.0,338.0,382.0,444.0,498.0,504.0,504.0,504.0
wind_before_curtailment_mw,Wind before curtailment proxy,INTEW,Ireland(East-West),60_80pct,export,export_mw_positive_magnitude_conditional_on_exporting,15706,10082.047673879415,8257.972000000005,12054.916999999996,8329,4164.5,53.03068890869731,349.44315043822786,2.0,42.0,110.0,212.0,328.0,428.0,520.0,528.0,528.0,530.0,530.0,532.0,532.0,588.0
wind_before_curtailment_mw,Wind before curtailment proxy,INTEW,Ireland(East-West),highest_20pct,import,import_mw_conditional_on_importing,15710,14657.12997007133,12055.246000000005,20950.569466666402,3765,1882.5,23.96562698917887,240.74209827357237,2.0,22.0,58.0,100.40000000000009,156.0,204.0,278.0,360.0,406.0,460.0,500.0,504.0,504.0,504.0
wind_before_curtailment_mw,Wind before curtailment proxy,INTEW,Ireland(East-West),highest_20pct,export,export_mw_positive_magnitude_conditional_on_exporting,15710,14657.12997007133,12055.246000000005,20950.569466666402,7656,3828.0,48.733290897517506,338.7014106583072,2.0,36.0,94.0,194.0,298.0,399.0,508.0,528.0,528.0,530.0,530.0,532.0,532.0,542.0
wind_before_curtailment_mw,Wind before curtailment proxy,INTFR,France(IFA),lowest_20pct,import,import_mw_conditional_on_importing,15712,1666.26861771336,-115.2388,2888.2399999999993,11698,5849.0,74.45264765784114,1302.1937083262096,2.0,481.4000000000001,814.0,998.0,1006.0,1360.0,1508.0,1811.7999999999993,1966.0,2000.0,2004.0,2004.0,2004.0,2548.0
wind_before_curtailment_mw,Wind before curtailment proxy,INTFR,France(IFA),lowest_20pct,export,export_mw_positive_magnitude_conditional_on_exporting,15712,1666.26861771336,-115.2388,2888.2399999999993,3383,1691.5,21.531313645621182,636.9258054980786,2.0,82.0,250.0,400.0,529.6000000000004,692.0,838.0,980.0,1024.0,1030.0,1030.0,1032.0,1032.0,1842.0
wind_before_curtailment_mw,Wind before curtailment proxy,INTFR,France(IFA),20_40pct,import,import_mw_conditional_on_importing,15705,4043.541077855964,2888.8560000000007,5299.334,11775,5887.5,74.97612225405922,1272.0140976645434,2.0,470.8000000000002,824.0,998.0,1004.0,1308.0,1502.0,1684.0,1836.0,1958.0,2000.0,2002.0,2004.0,2514.0
wind_before_curtailment_mw,Wind before curtailment proxy,INTFR,France(IFA),20_40pct,export,export_mw_positive_magnitude_conditional_on_exporting,15705,4043.541077855964,2888.8560000000007,5299.334,3240,1620.0,20.630372492836678,671.5783950617284,2.0,104.0,298.0,460.0,564.0,718.0,842.0,978.0,1026.0,1030.0,1030.0,1032.0,1034.0,2056.0
wind_before_curtailment_mw,Wind before curtailment proxy,INTFR,France(IFA),40_60pct,import,import_mw_conditional_on_importing,15711,6708.135708516417,5299.447999999998,8257.739600000003,11203,5601.5,71.30672777035198,1224.7565830581095,2.0,420.0,754.0,996.0,1004.0,1252.0,1426.0,1508.0,1679.0,1874.0,1996.0,2002.0,2004.0,2174.0
wind_before_curtailment_mw,Wind before curtailment proxy,INTFR,France(IFA),40_60pct,export,export_mw_positive_magnitude_conditional_on_exporting,15711,6708.135708516417,5299.447999999998,8257.739600000003,3783,1891.5,24.078670994844376,629.7742532381708,2.0,58.0,210.0,404.0,514.0,642.0,778.0,966.0,1022.0,1028.0,1030.0,1032.0,1034.0,2056.0
wind_before_curtailment_mw,Wind before curtailment proxy,INTFR,France(IFA),60_80pct,import,import_mw_conditional_on_importing,15706,10082.047673879415,8257.972000000005,12054.916999999996,10585,5292.5,67.39462625748122,1124.8175720359,2.0,320.0,610.0,888.0,1000.0,1006.0,1318.0,1502.0,1506.0,1564.0,1842.0,1998.0,2002.0,2142.0
wind_before_curtailment_mw,Wind before curtailment proxy,INTFR,France(IFA),60_80pct,export,export_mw_positive_magnitude_conditional_on_exporting,15706,10082.047673879415,8257.972000000005,12054.916999999996,4465,2232.5,28.428626002801476,642.6132138857782,2.0,86.0,238.0,390.0,512.0,646.0,818.0,972.0,1024.0,1028.0,1030.0,1030.0,1069.2000000000007,2050.0
wind_before_curtailment_mw,Wind before curtailment proxy,INTFR,France(IFA),highest_20pct,import,import_mw_conditional_on_importing,15710,14657.12997007133,12055.246000000005,20950.569466666402,9707,4853.5,61.788669637173776,1034.7050582054187,2.0,238.0,476.0,702.0,940.0,1002.0,1155.199999999999,1464.3999999999996,1502.0,1506.0,1606.2000000000007,1888.0,2000.0,2630.0
wind_before_curtailment_mw,Wind before curtailment proxy,INTFR,France(IFA),highest_20pct,export,export_mw_positive_magnitude_conditional_on_exporting,15710,14657.12997007133,12055.246000000005,20950.569466666402,5501,2750.5,35.01591343093571,731.0427195055445,2.0,126.0,286.0,438.0,518.0,706.0,894.0,1022.0,1028.0,1030.0,1034.0,1288.0,1706.0,2072.0
wind_before_curtailment_mw,Wind before curtailment proxy,INTGRNL,Ireland (Greenlink),lowest_20pct,import,import_mw_conditional_on_importing,2288,1829.3730878551135,15.667399999999992,2887.8689999999992,155,77.5,6.774475524475525,115.89677419354838,4.0,4.0,4.0,4.0,18.0,60.0,94.79999999999998,172.0,210.0,256.8,291.00000000000006,307.2,389.5999999999998,500.0
wind_before_curtailment_mw,Wind before curtailment proxy,INTGRNL,Ireland (Greenlink),lowest_20pct,export,export_mw_positive_magnitude_conditional_on_exporting,2288,1829.3730878551135,15.667399999999992,2887.8689999999992,2123,1061.5,92.78846153846155,465.6862929816298,6.0,338.0,438.0,498.0,514.0,514.0,514.0,514.0,514.0,514.0,514.0,514.0,514.0,516.0
wind_before_curtailment_mw,Wind before curtailment proxy,INTGRNL,Ireland (Greenlink),20_40pct,import,import_mw_conditional_on_importing,2991,4070.534488963411,2889.780000000001,5299.0851999999995,277,138.5,9.261116683383484,222.57039711191337,2.0,4.0,27.600000000000023,72.0,154.0,228.0,292.0,300.4,330.0,373.6,466.0,498.40000000000003,504.0,506.0
wind_before_curtailment_mw,Wind before curtailment proxy,INTGRNL,Ireland (Greenlink),20_40pct,export,export_mw_positive_magnitude_conditional_on_exporting,2991,4070.534488963411,2889.780000000001,5299.0851999999995,2658,1329.0,88.86659979939819,455.5733634311512,2.0,271.4,420.0,494.0,514.0,514.0,514.0,514.0,514.0,514.0,514.0,514.0,514.0,516.0
wind_before_curtailment_mw,Wind before curtailment proxy,INTGRNL,Ireland (Greenlink),40_60pct,import,import_mw_conditional_on_importing,3257,6715.361963427521,5300.187400000005,8257.739600000003,327,163.5,10.039914031317162,257.6024464831804,2.0,42.0,74.0,148.0,200.0,214.0,300.0,372.0,411.0,469.6,504.0,504.0,504.0,506.0
wind_before_curtailment_mw,Wind before curtailment proxy,INTGRNL,Ireland (Greenlink),40_60pct,export,export_mw_positive_magnitude_conditional_on_exporting,3257,6715.361963427521,5300.187400000005,8257.739600000003,2885,1442.5,88.57844642308874,453.85511265164644,2.0,270.0,416.0,494.0,514.0,514.0,514.0,514.0,514.0,514.0,514.0,514.0,514.0,516.0
wind_before_curtailment_mw,Wind before curtailment proxy,INTGRNL,Ireland (Greenlink),60_80pct,import,import_mw_conditional_on_importing,3250,10079.17094386671,8258.315799999997,12053.874000000002,412,206.0,12.676923076923078,258.40291262135923,2.0,38.0,78.0,158.0,200.0,242.0,300.0,365.4,398.0,430.4000000000001,480.69999999999993,504.0,504.0,506.0
wind_before_curtailment_mw,Wind before curtailment proxy,INTGRNL,Ireland (Greenlink),60_80pct,export,export_mw_positive_magnitude_conditional_on_exporting,3250,10079.17094386671,8258.315799999997,12053.874000000002,2784,1392.0,85.66153846153847,442.36422413793105,2.0,224.0,372.0,468.0,510.0,514.0,514.0,514.0,514.0,514.0,514.0,514.0,514.0,516.0
wind_before_curtailment_mw,Wind before curtailment proxy,INTGRNL,Ireland (Greenlink),highest_20pct,import,import_mw_conditional_on_importing,4198,15562.838811667116,12056.089733333207,20950.569466666402,939,469.5,22.36779418770843,272.56443024494143,2.0,62.0,130.4000000000001,190.0,200.0,244.0,320.0,376.0,411.0,458.0,492.0,504.0,504.0,506.0
wind_before_curtailment_mw,Wind before curtailment proxy,INTGRNL,Ireland (Greenlink),highest_20pct,export,export_mw_positive_magnitude_conditional_on_exporting,4198,15562.838811667116,12056.089733333207,20950.569466666402,3216,1608.0,76.60790852787042,420.53296019900495,2.0,174.0,300.0,404.0,490.0,514.0,514.0,514.0,514.0,514.0,514.0,514.0,514.0,516.0
wind_before_curtailment_mw,Wind before curtailment proxy,INTIFA2,IFA2 (INTIFA2),lowest_20pct,import,import_mw_conditional_on_importing,15712,1666.26861771336,-115.2388,2888.2399999999993,10678,5339.0,67.96079429735235,816.3375163888369,2.0,378.0,662.0,752.0,894.0,986.0,992.0,992.0,992.0,992.0,992.0,992.0,992.0,1156.0
wind_before_curtailment_mw,Wind before curtailment proxy,INTIFA2,IFA2 (INTIFA2),lowest_20pct,export,export_mw_positive_magnitude_conditional_on_exporting,15712,1666.26861771336,-115.2388,2888.2399999999993,5022,2511.0,31.962830957230143,459.5575467941059,2.0,2.0,2.0,4.0,144.0,384.0,622.0,878.0,978.0,1026.0,1028.0,1028.0,1030.0,1030.0
wind_before_curtailment_mw,Wind before curtailment proxy,INTIFA2,IFA2 (INTIFA2),20_40pct,import,import_mw_conditional_on_importing,15705,4043.541077855964,2888.8560000000007,5299.334,10287,5143.5,65.50143266475644,799.3656070768932,2.0,298.0,574.0,748.0,896.0,984.0,992.0,992.0,992.0,992.0,992.0,992.0,992.0,1118.0
wind_before_curtailment_mw,Wind before curtailment proxy,INTIFA2,IFA2 (INTIFA2),20_40pct,export,export_mw_positive_magnitude_conditional_on_exporting,15705,4043.541077855964,2888.8560000000007,5299.334,5407,2703.5,34.42852594715059,458.7416312187905,2.0,2.0,2.0,4.0,66.0,336.0,673.1999999999998,934.0,1014.0,1028.0,1028.0,1028.0,1030.0,1030.0
wind_before_curtailment_mw,Wind before curtailment proxy,INTIFA2,IFA2 (INTIFA2),40_60pct,import,import_mw_conditional_on_importing,15711,6708.135708516417,5299.447999999998,8257.739600000003,9436,4718.0,60.05983069187194,770.6013141161509,2.0,266.0,490.0,684.0,836.0,952.0,992.0,992.0,992.0,992.0,992.0,992.0,992.0,1398.0
wind_before_curtailment_mw,Wind before curtailment proxy,INTIFA2,IFA2 (INTIFA2),40_60pct,export,export_mw_positive_magnitude_conditional_on_exporting,15711,6708.135708516417,5299.447999999998,8257.739600000003,6262,3131.0,39.85742473426262,422.1089108910891,2.0,2.0,2.0,4.0,6.0,226.0,552.0,856.0,968.0,1026.0,1028.0,1028.0,1030.0,1030.0
wind_before_curtailment_mw,Wind before curtailment proxy,INTIFA2,IFA2 (INTIFA2),60_80pct,import,import_mw_conditional_on_importing,15706,10082.047673879415,8257.972000000005,12054.916999999996,8520,4260.0,54.24678466827964,759.0819248826291,2.0,240.0,468.0,674.0,818.0,924.0,988.0,992.0,992.0,992.0,992.0,992.0,992.0,1128.0
wind_before_curtailment_mw,Wind before curtailment proxy,INTIFA2,IFA2 (INTIFA2),60_80pct,export,export_mw_positive_magnitude_conditional_on_exporting,15706,10082.047673879415,8257.972000000005,12054.916999999996,7177,3588.5,45.69591239016936,398.1541033858158,2.0,2.0,2.0,4.0,6.0,206.0,452.0,742.3999999999996,900.0,1014.0,1028.0,1028.0,1028.0,1626.0
wind_before_curtailment_mw,Wind before curtailment proxy,INTIFA2,IFA2 (INTIFA2),highest_20pct,import,import_mw_conditional_on_importing,15710,14657.12997007133,12055.246000000005,20950.569466666402,7349,3674.5,46.77912157861235,691.8791672336372,2.0,156.0,324.0,498.0,674.0,826.0,946.0,990.0,992.0,992.0,992.0,992.0,992.0,994.0
wind_before_curtailment_mw,Wind before curtailment proxy,INTIFA2,IFA2 (INTIFA2),highest_20pct,export,export_mw_positive_magnitude_conditional_on_exporting,15710,14657.12997007133,12055.246000000005,20950.569466666402,8341,4170.5,53.09357097390197,399.7856372137633,2.0,2.0,4.0,4.0,6.0,222.0,474.0,738.0,888.0,1000.0,1028.0,1028.0,1030.0,1030.0
wind_before_curtailment_mw,Wind before curtailment proxy,INTIRL,Northern Ireland(Moyle),lowest_20pct,import,import_mw_conditional_on_importing,15712,1666.26861771336,-115.2388,2888.2399999999993,3400,1700.0,21.63951120162933,183.23882352941177,2.0,16.0,48.0,88.0,128.0,171.0,212.0,246.0,270.0,312.40000000000055,360.0,400.0,402.0,404.0
wind_before_curtailment_mw,Wind before curtailment proxy,INTIRL,Northern Ireland(Moyle),lowest_20pct,export,export_mw_positive_magnitude_conditional_on_exporting,15712,1666.26861771336,-115.2388,2888.2399999999993,11381,5690.5,72.43508146639512,338.2838063439065,2.0,100.0,214.0,264.0,342.0,404.0,450.0,452.0,452.0,452.0,452.0,452.0,454.0,458.0
wind_before_curtailment_mw,Wind before curtailment proxy,INTIRL,Northern Ireland(Moyle),20_40pct,import,import_mw_conditional_on_importing,15705,4043.541077855964,2888.8560000000007,5299.334,3277,1638.5,20.865966252785736,213.48123283490997,2.0,26.0,64.0,102.0,170.0,222.0,246.0,306.0,346.0,380.0,400.0,400.0,402.0,500.0
wind_before_curtailment_mw,Wind before curtailment proxy,INTIRL,Northern Ireland(Moyle),20_40pct,export,export_mw_positive_magnitude_conditional_on_exporting,15705,4043.541077855964,2888.8560000000007,5299.334,11350,5675.0,72.26997771410379,345.359295154185,2.0,108.0,222.0,300.0,360.0,420.0,450.0,452.0,452.0,452.0,452.0,452.0,454.0,506.0
wind_before_curtailment_mw,Wind before curtailment proxy,INTIRL,Northern Ireland(Moyle),40_60pct,import,import_mw_conditional_on_importing,15711,6708.135708516417,5299.447999999998,8257.739600000003,3988,1994.0,25.383489275030236,233.94383149448345,2.0,42.0,88.0,150.0,208.0,246.0,274.39999999999964,332.0,364.0,390.0,400.0,400.0,400.0,498.0
wind_before_curtailment_mw,Wind before curtailment proxy,INTIRL,Northern Ireland(Moyle),40_60pct,export,export_mw_positive_magnitude_conditional_on_exporting,15711,6708.135708516417,5299.447999999998,8257.739600000003,10880,5440.0,69.25084335815671,344.9738970588235,2.0,100.0,226.0,302.0,360.0,416.0,450.0,452.0,452.0,452.0,452.0,452.0,452.0,458.0
wind_before_curtailment_mw,Wind before curtailment proxy,INTIRL,Northern Ireland(Moyle),60_80pct,import,import_mw_conditional_on_importing,15706,10082.047673879415,8257.972000000005,12054.916999999996,4295,2147.5,27.34623710683815,227.8919674039581,2.0,44.0,88.0,152.0,208.0,246.0,272.0,304.0,326.0,356.0,388.0,400.0,400.0,682.0
wind_before_curtailment_mw,Wind before curtailment proxy,INTIRL,Northern Ireland(Moyle),60_80pct,export,export_mw_positive_magnitude_conditional_on_exporting,15706,10082.047673879415,8257.972000000005,12054.916999999996,10793,5396.5,68.71896090665987,336.38413786713613,2.0,94.0,212.0,290.0,340.0,394.0,446.0,450.0,452.0,452.0,452.0,452.0,452.0,592.0
wind_before_curtailment_mw,Wind before curtailment proxy,INTIRL,Northern Ireland(Moyle),highest_20pct,import,import_mw_conditional_on_importing,15710,14657.12997007133,12055.246000000005,20950.569466666402,5412,2706.0,34.44939528962444,238.1031042128603,2.0,46.0,90.0,160.0,214.0,264.0,274.0,336.0,370.0,394.0,400.0,400.0,400.0,402.0
wind_before_curtailment_mw,Wind before curtailment proxy,INTIRL,Northern Ireland(Moyle),highest_20pct,export,export_mw_positive_magnitude_conditional_on_exporting,15710,14657.12997007133,12055.246000000005,20950.569466666402,9687,4843.5,61.6613621896881,316.28367915763397,2.0,74.0,166.0,252.0,302.0,354.0,414.0,450.0,450.0,452.0,452.0,452.0,452.0,456.0
wind_before_curtailment_mw,Wind before curtailment proxy,INTNED,Netherlands(BritNed),lowest_20pct,import,import_mw_conditional_on_importing,15712,1666.26861771336,-115.2388,2888.2399999999993,10554,5277.0,67.17158859470469,770.362516581391,2.0,258.0,459.1999999999998,656.0,806.0,906.0,1000.0,1004.0,1008.0,1028.0,1032.0,1046.0,1052.0,1196.0
wind_before_curtailment_mw,Wind before curtailment proxy,INTNED,Netherlands(BritNed),lowest_20pct,export,export_mw_positive_magnitude_conditional_on_exporting,15712,1666.26861771336,-115.2388,2888.2399999999993,3750,1875.0,23.867107942973522,637.9152,2.0,166.0,280.0,408.0,544.0,672.0,786.8000000000002,904.0,965.5,1012.0,1014.0,1042.0,1052.0,1076.0
wind_before_curtailment_mw,Wind before curtailment proxy,INTNED,Netherlands(BritNed),20_40pct,import,import_mw_conditional_on_importing,15705,4043.541077855964,2888.8560000000007,5299.334,9834,4917.0,62.61700095510984,754.7307301199919,2.0,246.0,438.0,614.0,758.0,882.0,978.0,1004.0,1004.0,1022.0,1036.0,1048.0,1052.0,1076.0
wind_before_curtailment_mw,Wind before curtailment proxy,INTNED,Netherlands(BritNed),20_40pct,export,export_mw_positive_magnitude_conditional_on_exporting,15705,4043.541077855964,2888.8560000000007,5299.334,4348,2174.0,27.685450493473418,642.8965041398344,2.0,182.0,292.0,412.0,550.0,668.0,790.0,915.7999999999993,966.0,1012.0,1014.0,1036.0,1054.0,1090.0
wind_before_curtailment_mw,Wind before curtailment proxy,INTNED,Netherlands(BritNed),40_60pct,import,import_mw_conditional_on_importing,15711,6708.135708516417,5299.447999999998,8257.739600000003,9431,4715.5,60.02800585576984,736.5397094687731,2.0,220.0,408.0,570.0,712.0,852.0,956.0,1002.0,1004.0,1022.0,1038.0,1048.0,1052.0,1402.0
wind_before_curtailment_mw,Wind before curtailment proxy,INTNED,Netherlands(BritNed),40_60pct,export,export_mw_positive_magnitude_conditional_on_exporting,15711,6708.135708516417,5299.447999999998,8257.739600000003,4740,2370.0,30.169944624785185,657.4814345991562,2.0,178.0,300.0,433.4000000000001,564.0,704.0,820.0,946.0,996.0,1014.0,1014.0,1032.0,1054.0,1092.0
wind_before_curtailment_mw,Wind before curtailment proxy,INTNED,Netherlands(BritNed),60_80pct,import,import_mw_conditional_on_importing,15706,10082.047673879415,8257.972000000005,12054.916999999996,9257,4628.5,58.939258881955936,736.3461164524144,2.0,212.0,400.0,572.0,718.0,852.0,960.0,1002.0,1004.0,1030.0,1044.0,1050.0,1054.0,1076.0
wind_before_curtailment_mw,Wind before curtailment proxy,INTNED,Netherlands(BritNed),60_80pct,export,export_mw_positive_magnitude_conditional_on_exporting,15706,10082.047673879415,8257.972000000005,12054.916999999996,5020,2510.0,31.962307398446455,645.1788844621514,2.0,176.0,302.0,422.0,534.0,670.0,794.0,916.5999999999995,980.5,1014.0,1016.0,1038.2000000000007,1054.0,1092.0
wind_before_curtailment_mw,Wind before curtailment proxy,INTNED,Netherlands(BritNed),highest_20pct,import,import_mw_conditional_on_importing,15710,14657.12997007133,12055.246000000005,20950.569466666402,7643,3821.5,48.65054105665181,701.5397095381395,2.0,174.4000000000001,344.8000000000002,502.0,652.0,806.0,930.3999999999996,1002.0,1002.0,1004.0,1040.0,1048.0,1054.0,1098.0
wind_before_curtailment_mw,Wind before curtailment proxy,INTNED,Netherlands(BritNed),highest_20pct,export,export_mw_positive_magnitude_conditional_on_exporting,15710,14657.12997007133,12055.246000000005,20950.569466666402,6190,3095.0,39.401654996817314,676.6620355411955,2.0,194.0,322.0,454.0,584.0,732.0,860.0,984.0,1014.0,1016.0,1032.0,1044.0,1054.0,1082.0
wind_before_curtailment_mw,Wind before curtailment proxy,INTNEM,Belgium (Nemolink),lowest_20pct,import,import_mw_conditional_on_importing,15712,1666.26861771336,-115.2388,2888.2399999999993,12092,6046.0,76.9602851323829,765.4884220972543,2.0,276.0,500.0,684.0,798.0,888.0,970.0,1000.0,1000.0,1000.0,1000.0,1016.0,1020.0,1020.0
wind_before_curtailment_mw,Wind before curtailment proxy,INTNEM,Belgium (Nemolink),lowest_20pct,export,export_mw_positive_magnitude_conditional_on_exporting,15712,1666.26861771336,-115.2388,2888.2399999999993,3372,1686.0,21.461303462321794,560.6933570581258,2.0,104.0,206.0,306.0,418.0,550.0,696.0,823.3999999999996,896.5,960.0,1016.0,1020.0,1022.0,1024.0
wind_before_curtailment_mw,Wind before curtailment proxy,INTNEM,Belgium (Nemolink),20_40pct,import,import_mw_conditional_on_importing,15705,4043.541077855964,2888.8560000000007,5299.334,11447,5723.5,72.88761540910538,719.9198043155412,2.0,214.0,414.0,578.0,710.0,822.0,926.0,996.0,1000.0,1000.0,1000.0,1000.0,1020.0,1020.0
wind_before_curtailment_mw,Wind before curtailment proxy,INTNEM,Belgium (Nemolink),20_40pct,export,export_mw_positive_magnitude_conditional_on_exporting,15705,4043.541077855964,2888.8560000000007,5299.334,3863,1931.5,24.597262018465457,536.2956251617913,2.0,82.40000000000009,170.0,274.0,380.0,514.0,666.0,804.0,866.0,936.0,1000.0,1020.0,1022.0,1024.0
wind_before_curtailment_mw,Wind before curtailment proxy,INTNEM,Belgium (Nemolink),40_60pct,import,import_mw_conditional_on_importing,15711,6708.135708516417,5299.447999999998,8257.739600000003,10699,5349.5,68.0987842912609,698.6006168800823,2.0,194.0,380.0,544.0,682.0,788.0,896.0,982.0,998.0,1000.0,1000.0,1000.0,1020.0,1366.0
wind_before_curtailment_mw,Wind before curtailment proxy,INTNEM,Belgium (Nemolink),40_60pct,export,export_mw_positive_magnitude_conditional_on_exporting,15711,6708.135708516417,5299.447999999998,8257.739600000003,4606,2303.0,29.317039017249062,552.1315675206253,2.0,88.0,180.0,294.0,402.0,548.0,688.0,818.0,894.0,954.0,1016.0,1020.0,1022.0,1024.0
wind_before_curtailment_mw,Wind before curtailment proxy,INTNEM,Belgium (Nemolink),60_80pct,import,import_mw_conditional_on_importing,15706,10082.047673879415,8257.972000000005,12054.916999999996,10672,5336.0,67.94855469247422,698.5661544227886,2.0,192.0,372.0,530.5999999999995,674.0,798.0,902.0,992.0,1000.0,1000.0,1000.0,1000.0,1020.0,1358.0
wind_before_curtailment_mw,Wind before curtailment proxy,INTNEM,Belgium (Nemolink),60_80pct,export,export_mw_positive_magnitude_conditional_on_exporting,15706,10082.047673879415,8257.972000000005,12054.916999999996,4463,2231.5,28.415892015790146,554.8608559265068,2.0,92.0,186.0,296.0,418.0,550.0,700.0,812.0,876.0,952.0,1011.3999999999996,1020.0,1022.0,1024.0
wind_before_curtailment_mw,Wind before curtailment proxy,INTNEM,Belgium (Nemolink),highest_20pct,import,import_mw_conditional_on_importing,15710,14657.12997007133,12055.246000000005,20950.569466666402,9157,4578.5,58.28771483131763,672.0633395216774,2.0,154.0,316.0,469.59999999999945,620.0,760.0,876.0,978.0,998.0,1000.0,1000.0,1000.0,1020.0,1020.0
wind_before_curtailment_mw,Wind before curtailment proxy,INTNEM,Belgium (Nemolink),highest_20pct,export,export_mw_positive_magnitude_conditional_on_exporting,15710,14657.12997007133,12055.246000000005,20950.569466666402,6092,3046.0,38.77784850413749,598.3896913985554,2.0,114.0,240.0,354.0,478.0,622.0,754.0,878.0,942.0,1000.0,1020.0,1022.0,1022.0,1024.0
wind_before_curtailment_mw,Wind before curtailment proxy,INTNSL,North Sea Link (INTNSL),lowest_20pct,import,import_mw_conditional_on_importing,13317,1715.6926516116478,-115.2388,2888.2399999999993,11861,5930.5,89.06660659307651,1134.2883399376105,2.0,690.0,694.0,998.0,1296.0,1396.0,1398.0,1398.0,1398.0,1398.0,1400.0,1400.0,1400.0,1434.0
wind_before_curtailment_mw,Wind before curtailment proxy,INTNSL,North Sea Link (INTNSL),lowest_20pct,export,export_mw_positive_magnitude_conditional_on_exporting,13317,1715.6926516116478,-115.2388,2888.2399999999993,1332,666.0,10.002252759630547,416.6096096096096,2.0,6.0,8.0,66.0,199.5999999999999,341.0,498.0,716.0,738.0,738.0,744.0,989.2000000000007,1188.0,1280.0
wind_before_curtailment_mw,Wind before curtailment proxy,INTNSL,North Sea Link (INTNSL),20_40pct,import,import_mw_conditional_on_importing,14651,4049.9170620249747,2888.9741999999997,5299.334,12757,6378.5,87.07255477441814,1164.4780120718037,2.0,694.0,794.0,1096.0,1296.0,1396.0,1398.0,1398.0,1398.0,1398.0,1398.0,1400.0,1400.0,1846.0
wind_before_curtailment_mw,Wind before curtailment proxy,INTNSL,North Sea Link (INTNSL),20_40pct,export,export_mw_positive_magnitude_conditional_on_exporting,14651,4049.9170620249747,2888.9741999999997,5299.334,1554,777.0,10.606784519827999,536.4864864864865,2.0,6.0,24.0,194.0,348.0,518.0,728.0,738.1999999999998,857.0,1056.800000000001,1134.0,1134.0,1188.0,1412.0
wind_before_curtailment_mw,Wind before curtailment proxy,INTNSL,North Sea Link (INTNSL),40_60pct,import,import_mw_conditional_on_importing,15132,6711.021666435463,5299.447999999998,8257.739600000003,12985,6492.5,85.81152524451493,1123.7600308047747,2.0,694.0,694.0,1014.0,1174.0,1298.0,1398.0,1398.0,1398.0,1398.0,1398.0,1398.0,1400.0,1428.0
wind_before_curtailment_mw,Wind before curtailment proxy,INTNSL,North Sea Link (INTNSL),40_60pct,export,export_mw_positive_magnitude_conditional_on_exporting,15132,6711.021666435463,5299.447999999998,8257.739600000003,1634,817.0,10.798308220988634,565.8421052631579,2.0,6.0,34.0,190.0,378.4000000000001,588.0,738.0,822.0,938.0,1086.8000000000002,1134.0,1134.0,1188.0,1454.0
wind_before_curtailment_mw,Wind before curtailment proxy,INTNSL,North Sea Link (INTNSL),60_80pct,import,import_mw_conditional_on_importing,15298,10090.918111383848,8257.972000000005,12054.916999999996,12887,6443.5,84.23976990456269,1059.0669667106386,2.0,561.2000000000003,694.0,765.5999999999995,1048.0,1098.0,1396.0,1398.0,1398.0,1398.0,1398.0,1398.0,1398.0,1416.0
wind_before_curtailment_mw,Wind before curtailment proxy,INTNSL,North Sea Link (INTNSL),60_80pct,export,export_mw_positive_magnitude_conditional_on_exporting,15298,10090.918111383848,8257.972000000005,12054.916999999996,2028,1014.0,13.25663485422931,540.2573964497042,2.0,6.0,62.0,200.20000000000005,360.0,515.0,718.4000000000001,744.0,822.0,992.0,1080.0,1134.0,1213.2999999999997,1454.0
wind_before_curtailment_mw,Wind before curtailment proxy,INTNSL,North Sea Link (INTNSL),highest_20pct,import,import_mw_conditional_on_importing,15684,14660.497290348165,12055.246000000005,20950.569466666402,11586,5793.0,73.87146136189747,989.3965130329708,2.0,372.0,680.0,698.0,986.0,1096.0,1162.0,1398.0,1398.0,1398.0,1398.0,1398.0,1398.0,1420.0
wind_before_curtailment_mw,Wind before curtailment proxy,INTNSL,North Sea Link (INTNSL),highest_20pct,export,export_mw_positive_magnitude_conditional_on_exporting,15684,14660.497290348165,12055.246000000005,20950.569466666402,3580,1790.0,22.825809742412652,683.0346368715084,2.0,65.80000000000007,232.0,392.0,532.0,701.0,780.0,994.0,1044.0,1080.0,1144.3000000000002,1340.0,1454.0,1454.0
wind_before_curtailment_mw,Wind before curtailment proxy,INTVKL,Denmark (Viking link),lowest_20pct,import,import_mw_conditional_on_importing,5436,1776.5951910455499,-114.58820000000001,2888.1594,3821,1910.5,70.2906548933039,849.8073802669459,2.0,274.0,520.0,700.0,790.0,926.0,988.0,990.0,992.0,1134.0,1372.0,1418.0,1422.0,1428.0
wind_before_curtailment_mw,Wind before curtailment proxy,INTVKL,Denmark (Viking link),lowest_20pct,export,export_mw_positive_magnitude_conditional_on_exporting,5436,1776.5951910455499,-114.58820000000001,2888.1594,1295,647.5,23.822663723325974,600.1189189189189,2.0,106.80000000000001,206.0,340.0,464.0,590.0,730.0,879.5999999999999,954.0,1024.4,1072.0,1090.0,1094.0,1250.0
wind_before_curtailment_mw,Wind before curtailment proxy,INTVKL,Denmark (Viking link),20_40pct,import,import_mw_conditional_on_importing,6511,4054.4742779364037,2889.092999999999,5299.1068000000005,4068,2034.0,62.47888189218246,845.787610619469,2.0,256.0,522.0,698.0,792.0,932.0,988.0,990.0,992.0,1116.0,1356.0,1418.0,1424.0,1428.0
wind_before_curtailment_mw,Wind before curtailment proxy,INTVKL,Denmark (Viking link),20_40pct,export,export_mw_positive_magnitude_conditional_on_exporting,6511,4054.4742779364037,2889.092999999999,5299.1068000000005,1912,956.0,29.36568883428045,657.7939330543933,2.0,124.0,246.0,404.0,560.0,696.0,821.1999999999998,982.0,1040.0,1076.0,1090.0,1092.0,1094.0,1454.0
wind_before_curtailment_mw,Wind before curtailment proxy,INTVKL,Denmark (Viking link),40_60pct,import,import_mw_conditional_on_importing,7105,6744.086578308894,5299.447999999998,8257.739600000003,4355,2177.5,61.29486277269528,851.2711825487945,2.0,242.0,476.0,694.0,780.0,896.0,986.0,992.0,1094.0,1314.4000000000005,1404.0,1420.0,1424.0,1430.0
wind_before_curtailment_mw,Wind before curtailment proxy,INTVKL,Denmark (Viking link),40_60pct,export,export_mw_positive_magnitude_conditional_on_exporting,7105,6744.086578308894,5299.447999999998,8257.739600000003,2092,1046.0,29.44405348346235,668.0114722753347,2.0,134.0,268.0,398.0,564.0,700.0,863.1999999999998,1012.0,1058.0,1086.0,1090.0,1092.0,1094.0,1452.0
wind_before_curtailment_mw,Wind before curtailment proxy,INTVKL,Denmark (Viking link),60_80pct,import,import_mw_conditional_on_importing,7202,10073.701616320426,8258.315799999997,12054.916999999996,4409,2204.5,61.21910580394335,945.2356543433885,2.0,282.0,578.0,722.0,854.0,988.0,1090.0,1348.0,1404.0,1418.0,1420.0,1422.0,1424.0,1436.0
wind_before_curtailment_mw,Wind before curtailment proxy,INTVKL,Denmark (Viking link),60_80pct,export,export_mw_positive_magnitude_conditional_on_exporting,7202,10073.701616320426,8258.315799999997,12054.916999999996,2379,1189.5,33.03249097472924,683.4417822614544,2.0,152.0,315.20000000000005,452.0,586.0,724.0,824.0,998.0,1056.0,1086.0,1090.0,1092.0,1096.0,1454.0
wind_before_curtailment_mw,Wind before curtailment proxy,INTVKL,Denmark (Viking link),highest_20pct,import,import_mw_conditional_on_importing,8690,15113.54079813331,12056.089733333207,20950.569466666402,5263,2631.5,60.5638665132336,936.5741972259168,2.0,254.0,542.0,696.0,820.0,986.0,1146.0,1372.0,1404.0,1420.0,1422.0,1422.0,1424.0,2480.0
wind_before_curtailment_mw,Wind before curtailment proxy,INTVKL,Denmark (Viking link),highest_20pct,export,export_mw_positive_magnitude_conditional_on_exporting,8690,15113.54079813331,12056.089733333207,20950.569466666402,2947,1473.5,33.912543153049484,718.6644044791313,2.0,170.0,336.0,484.0,639.6000000000004,784.0,916.0,1074.0,1090.0,1092.0,1092.0,1094.0,1096.0,1456.0
