interconnectorId,interconnectorName,interconnectorBiddingZone,price_zone_code,spread_leads_flow_hours,observations,pearson_spread_vs_signed_mw,spearman_spread_vs_signed_mw
INTELEC,Eleclink (INTELEC),FRANCE,FR,-24,71850,0.5279482814614,0.545940930006303
INTELEC,Eleclink (INTELEC),FRANCE,FR,-12,71874,0.5006957143273831,0.4880275044063474
INTELEC,Eleclink (INTELEC),FRANCE,FR,-6,71886,0.5354184092584499,0.5464367910040405
INTELEC,Eleclink (INTELEC),FRANCE,FR,-3,71892,0.5614769954104004,0.6042769600434794
INTELEC,Eleclink (INTELEC),FRANCE,FR,-1,71896,0.58233482528809,0.6619139194897348
INTELEC,Eleclink (INTELEC),FRANCE,FR,0,71898,0.5872254567299461,0.6790447969062677
INTELEC,Eleclink (INTELEC),FRANCE,FR,1,71896,0.581729727189992,0.664395191138583
INTELEC,Eleclink (INTELEC),FRANCE,FR,3,71892,0.5626636514996916,0.6114217408618355
INTELEC,Eleclink (INTELEC),FRANCE,FR,6,71886,0.5360197781394956,0.5541047428813669
INTELEC,Eleclink (INTELEC),FRANCE,FR,12,71874,0.4978538274511529,0.48784926620968416
INTELEC,Eleclink (INTELEC),FRANCE,FR,24,71850,0.526761069613028,0.5504779136427365
INTEW,Ireland(East-West),IRELAND,IRL,-24,87566,0.3548522283460739,0.4514958119148009
INTEW,Ireland(East-West),IRELAND,IRL,-12,87590,0.1030735163485319,0.08464941981302108
INTEW,Ireland(East-West),IRELAND,IRL,-6,87602,0.0953918371663667,0.07015157214520885
INTEW,Ireland(East-West),IRELAND,IRL,-3,87608,0.14773037422199709,0.13258752577702068
INTEW,Ireland(East-West),IRELAND,IRL,-1,87612,0.1947595333660323,0.19833982416401028
INTEW,Ireland(East-West),IRELAND,IRL,0,87614,0.20897641682349535,0.22190885620287565
INTEW,Ireland(East-West),IRELAND,IRL,1,87612,0.20665407211311804,0.2173349075492887
INTEW,Ireland(East-West),IRELAND,IRL,3,87608,0.18680452409969941,0.18920356982559475
INTEW,Ireland(East-West),IRELAND,IRL,6,87602,0.16650088062112386,0.17600624736595663
INTEW,Ireland(East-West),IRELAND,IRL,12,87590,0.16531134598484173,0.1687070433909396
INTEW,Ireland(East-West),IRELAND,IRL,24,87566,0.2095661515046542,0.2230385998492351
INTFR,France(IFA),FRANCE,FR,-24,87566,0.3789178424485999,0.5131188068496632
INTFR,France(IFA),FRANCE,FR,-12,87590,0.32933930135585693,0.44602330504998067
INTFR,France(IFA),FRANCE,FR,-6,87602,0.3758616654401475,0.5045852692232831
INTFR,France(IFA),FRANCE,FR,-3,87608,0.40718224185759994,0.5607298690078025
INTFR,France(IFA),FRANCE,FR,-1,87612,0.42902781638268683,0.6099610836817813
INTFR,France(IFA),FRANCE,FR,0,87614,0.43291370942672447,0.6218643507658685
INTFR,France(IFA),FRANCE,FR,1,87612,0.4259381724482864,0.606614344657721
INTFR,France(IFA),FRANCE,FR,3,87608,0.4026496400321394,0.5554964103840087
INTFR,France(IFA),FRANCE,FR,6,87602,0.3680593281633026,0.5050158414987825
INTFR,France(IFA),FRANCE,FR,12,87590,0.3268453148323458,0.4383373732175036
INTFR,France(IFA),FRANCE,FR,24,87566,0.3697621872865032,0.5053521293943386
INTGRNL,Ireland (Greenlink),IRELAND,IRL,-24,24766,0.2534113451349604,0.32952691677564305
INTGRNL,Ireland (Greenlink),IRELAND,IRL,-12,24790,-0.07262072793240747,-0.04573697718252448
INTGRNL,Ireland (Greenlink),IRELAND,IRL,-6,24802,-0.08997076321250211,-0.10053444269409657
INTGRNL,Ireland (Greenlink),IRELAND,IRL,-3,24808,-0.056064944939072776,-0.07218767078587822
INTGRNL,Ireland (Greenlink),IRELAND,IRL,-1,24812,0.0016717678744837877,-0.011146898533274323
INTGRNL,Ireland (Greenlink),IRELAND,IRL,0,24814,0.0206021372694873,0.007508261758662109
INTGRNL,Ireland (Greenlink),IRELAND,IRL,1,24812,0.02354505247276951,0.002696037462130889
INTGRNL,Ireland (Greenlink),IRELAND,IRL,3,24808,0.014967374841709239,-0.02181696782347948
INTGRNL,Ireland (Greenlink),IRELAND,IRL,6,24802,0.022107242766311118,-0.005411120072054375
INTGRNL,Ireland (Greenlink),IRELAND,IRL,12,24790,0.04298440568768226,0.03463103745240103
INTGRNL,Ireland (Greenlink),IRELAND,IRL,24,24766,0.07398564735260432,0.09269891819827124
INTIFA2,IFA2 (INTIFA2),FRANCE,FR,-24,87566,0.439410407172483,0.5531607912728149
INTIFA2,IFA2 (INTIFA2),FRANCE,FR,-12,87590,0.3802077367976233,0.4774540520094463
INTIFA2,IFA2 (INTIFA2),FRANCE,FR,-6,87602,0.43573318565006264,0.545096509179714
INTIFA2,IFA2 (INTIFA2),FRANCE,FR,-3,87608,0.4683264626457853,0.6076723752126774
INTIFA2,IFA2 (INTIFA2),FRANCE,FR,-1,87612,0.4954642621885249,0.6678586863624593
INTIFA2,IFA2 (INTIFA2),FRANCE,FR,0,87614,0.5007877531323012,0.6839470894840751
INTIFA2,IFA2 (INTIFA2),FRANCE,FR,1,87612,0.49280275216494035,0.6660168545330852
INTIFA2,IFA2 (INTIFA2),FRANCE,FR,3,87608,0.4651722287254715,0.6051991820566864
INTIFA2,IFA2 (INTIFA2),FRANCE,FR,6,87602,0.42682537042113333,0.5449494940078967
INTIFA2,IFA2 (INTIFA2),FRANCE,FR,12,87590,0.3804328208308547,0.4733211276105311
INTIFA2,IFA2 (INTIFA2),FRANCE,FR,24,87566,0.43213517628936043,0.5527433087157436
INTIRL,Northern Ireland(Moyle),IRELAND,IRL,-24,87566,0.3345826066188876,0.4538116613934761
INTIRL,Northern Ireland(Moyle),IRELAND,IRL,-12,87590,0.11152091278119286,0.10493189888670612
INTIRL,Northern Ireland(Moyle),IRELAND,IRL,-6,87602,0.08373715328330565,0.07384966902792874
INTIRL,Northern Ireland(Moyle),IRELAND,IRL,-3,87608,0.12957727790407023,0.13026307575755966
INTIRL,Northern Ireland(Moyle),IRELAND,IRL,-1,87612,0.1749707551627816,0.1930869186224085
INTIRL,Northern Ireland(Moyle),IRELAND,IRL,0,87614,0.18840686067151283,0.21495506931248773
INTIRL,Northern Ireland(Moyle),IRELAND,IRL,1,87612,0.18642753398281484,0.21022416152108248
INTIRL,Northern Ireland(Moyle),IRELAND,IRL,3,87608,0.16985845086412477,0.17911678565135916
INTIRL,Northern Ireland(Moyle),IRELAND,IRL,6,87602,0.15418570170275922,0.16504711289469043
INTIRL,Northern Ireland(Moyle),IRELAND,IRL,12,87590,0.1691056018912655,0.16967172814326098
INTIRL,Northern Ireland(Moyle),IRELAND,IRL,24,87566,0.19787384701686697,0.21908504210521237
INTNED,Netherlands(BritNed),NETHERLANDS,NL,-24,87566,0.3177690714996385,0.4692313965796625
INTNED,Netherlands(BritNed),NETHERLANDS,NL,-12,87590,0.10541353238993433,0.15040421280046265
INTNED,Netherlands(BritNed),NETHERLANDS,NL,-6,87602,0.1663710846916309,0.2431525537040482
INTNED,Netherlands(BritNed),NETHERLANDS,NL,-3,87608,0.31794586469625497,0.46321327836044573
INTNED,Netherlands(BritNed),NETHERLANDS,NL,-1,87612,0.41226676629506415,0.6449133871646625
INTNED,Netherlands(BritNed),NETHERLANDS,NL,0,87614,0.4289439878522591,0.6905072188305023
INTNED,Netherlands(BritNed),NETHERLANDS,NL,1,87612,0.4070215628937116,0.6457176916396892
INTNED,Netherlands(BritNed),NETHERLANDS,NL,3,87608,0.31761996037119494,0.471080459358029
INTNED,Netherlands(BritNed),NETHERLANDS,NL,6,87602,0.20024454931035873,0.27514806429477434
INTNED,Netherlands(BritNed),NETHERLANDS,NL,12,87590,0.09970994451025614,0.1522146514153069
INTNED,Netherlands(BritNed),NETHERLANDS,NL,24,87566,0.3224598221435062,0.47779481467543095
INTNEM,Belgium (Nemolink),BELGIUM,B,-24,87566,0.33543394052818803,0.47805618949880874
INTNEM,Belgium (Nemolink),BELGIUM,B,-12,87590,0.17665437425532252,0.2399606214527192
INTNEM,Belgium (Nemolink),BELGIUM,B,-6,87602,0.25718451406853665,0.35726257887024965
INTNEM,Belgium (Nemolink),BELGIUM,B,-3,87608,0.36564571958069275,0.5318986937386905
INTNEM,Belgium (Nemolink),BELGIUM,B,-1,87612,0.4401808937347,0.6832647435152208
INTNEM,Belgium (Nemolink),BELGIUM,B,0,87614,0.45732247312709,0.7271368223894612
INTNEM,Belgium (Nemolink),BELGIUM,B,1,87612,0.43909868690465065,0.6851496840700296
INTNEM,Belgium (Nemolink),BELGIUM,B,3,87608,0.36821527433609186,0.5367635951838887
INTNEM,Belgium (Nemolink),BELGIUM,B,6,87602,0.27059720518748065,0.3736793621125347
INTNEM,Belgium (Nemolink),BELGIUM,B,12,87590,0.17442786582826456,0.24908936767085155
INTNEM,Belgium (Nemolink),BELGIUM,B,24,87566,0.34211105897761884,0.4956288806837939
INTNSL,North Sea Link (INTNSL),NORWAY2,NO,-24,83104,0.11606827325329697,0.08677593062152658
INTNSL,North Sea Link (INTNSL),NORWAY2,NO,-12,83128,0.07723339887162914,0.06515647443155927
INTNSL,North Sea Link (INTNSL),NORWAY2,NO,-6,83140,0.11501586554616695,0.094711614555292
INTNSL,North Sea Link (INTNSL),NORWAY2,NO,-3,83146,0.1662025380387114,0.149480373725359
INTNSL,North Sea Link (INTNSL),NORWAY2,NO,-1,83150,0.21242855481983158,0.2039068011555065
INTNSL,North Sea Link (INTNSL),NORWAY2,NO,0,83152,0.2235620605477475,0.21928818076981876
INTNSL,North Sea Link (INTNSL),NORWAY2,NO,1,83150,0.2188196146058073,0.21628904204807062
INTNSL,North Sea Link (INTNSL),NORWAY2,NO,3,83146,0.177984238538102,0.1732071398298902
INTNSL,North Sea Link (INTNSL),NORWAY2,NO,6,83140,0.10424762493839407,0.09578577029531722
INTNSL,North Sea Link (INTNSL),NORWAY2,NO,12,83128,0.07235511393195382,0.06678984678652838
INTNSL,North Sea Link (INTNSL),NORWAY2,NO,24,83104,0.11212144705784124,0.09130943354872632
INTVKL,Denmark (Viking link),DENMARK1,DK,-24,43822,0.292958661560102,0.3367182020439398
INTVKL,Denmark (Viking link),DENMARK1,DK,-12,43846,0.233746719291272,0.26595927287604876
INTVKL,Denmark (Viking link),DENMARK1,DK,-6,43858,0.2836926361361243,0.358678019554233
INTVKL,Denmark (Viking link),DENMARK1,DK,-3,43864,0.45438849029758793,0.5590482373946114
INTVKL,Denmark (Viking link),DENMARK1,DK,-1,43868,0.5715592052309612,0.7182315913769544
INTVKL,Denmark (Viking link),DENMARK1,DK,0,43870,0.5896531803145055,0.7539748060706475
INTVKL,Denmark (Viking link),DENMARK1,DK,1,43868,0.567863364934543,0.7180153221798578
INTVKL,Denmark (Viking link),DENMARK1,DK,3,43864,0.46008861141542606,0.5546570352188986
INTVKL,Denmark (Viking link),DENMARK1,DK,6,43858,0.3183385109637147,0.36868505682581426
INTVKL,Denmark (Viking link),DENMARK1,DK,12,43846,0.2154407673100367,0.2463668974614028
INTVKL,Denmark (Viking link),DENMARK1,DK,24,43822,0.2844040221575369,0.3210438153702876
