interconnectorId,interconnectorName,interconnectorBiddingZone,price_zone_code,spread_quantile_order,spread_quantile_band,observations,min_price_spread,max_price_spread,mean_price_spread_gb_minus_zone,mean_signed_mw,mean_signed_pct_capacity,import_share_pct,export_share_pct,aligned_share_pct,counter_price_share_pct,duration_hours
INTELEC,Eleclink (INTELEC),FRANCE,FR,1,"(-498.381, -20.003]",7190,-498.38,-20.00999999999999,-87.63825869262864,-758.7821974965229,-60.22080932512087,2.433936022253129,85.0904033379694,85.0904033379694,2.433936022253129,3595.0
INTELEC,Eleclink (INTELEC),FRANCE,FR,2,"(-20.003, -4.47]",7196,-20.0,-4.469999999999999,-9.71372984991662,-112.48916064480267,-8.927711162285926,37.34018899388549,49.708171206225686,49.708171206225686,37.34018899388549,3598.0
INTELEC,Eleclink (INTELEC),FRANCE,FR,3,"(-4.47, 0.77]",7184,-4.460000000000008,0.769999999999996,-1.6197703229398661,252.6890311804009,20.054685014317528,64.5740534521158,24.37360801781737,15.924276169265033,37.639198218262806,3592.0
INTELEC,Eleclink (INTELEC),FRANCE,FR,4,"(0.77, 5.05]",7192,0.7700000000000031,5.050000000000011,2.866012235817575,414.7091212458287,32.913422321097514,74.49944382647385,14.363181312569523,70.87041156840934,13.445494994438265,3596.0
INTELEC,Eleclink (INTELEC),FRANCE,FR,5,"(5.05, 10.32]",7200,5.059999999999988,10.319999999999993,7.61171388888889,562.7144444444444,44.659876543209876,81.23611111111111,7.430555555555555,81.23611111111111,7.430555555555555,3600.0
INTELEC,Eleclink (INTELEC),FRANCE,FR,6,"(10.32, 18.48]",7178,10.32,18.480000000000004,14.105243800501533,684.03204235163,54.28825732949444,82.41850097520201,4.876010030649206,82.41850097520201,4.876010030649206,3589.0
INTELEC,Eleclink (INTELEC),FRANCE,FR,7,"(18.48, 32.629]",7188,18.480000000000018,32.620000000000005,24.928277685030604,756.1371730662215,60.010886751287416,82.12298274902615,4.062326099053979,82.12298274902615,4.062326099053979,3594.0
INTELEC,Eleclink (INTELEC),FRANCE,FR,8,"(32.629, 51.98]",7194,32.629999999999995,51.980000000000004,41.858696135668616,809.2062830136225,64.22272087409702,84.5148735056992,2.9886016124548234,84.5148735056992,2.9886016124548234,3597.0
INTELEC,Eleclink (INTELEC),FRANCE,FR,9,"(51.98, 75.383]",7186,52.000000000000014,75.38000000000001,63.344500417478436,843.3626495964376,66.93354361876489,86.43195101586419,1.4611745059838577,86.43195101586419,1.4611745059838577,3593.0
INTELEC,Eleclink (INTELEC),FRANCE,FR,10,"(75.383, 1544.71]",7190,75.38999999999999,1544.71,98.72823643949931,842.744645340751,66.88449566196437,86.105702364395,0.8623087621696801,86.105702364395,0.8623087621696801,3595.0
INTEW,Ireland(East-West),IRELAND,IRL,1,"(-340.45099999999996, -69.01]",8762,-340.45,-69.01000000000002,-106.95775279616525,-215.8806208628167,-36.714391303200124,11.92650079890436,61.35585482766491,61.35585482766491,11.92650079890436,4381.0
INTEW,Ireland(East-West),IRELAND,IRL,2,"(-69.01, -42.62]",8762,-69.01,-42.620000000000005,-54.69129879023054,-201.9411093357681,-34.343726077511576,12.040629993152248,58.662405843414746,58.662405843414746,12.040629993152248,4381.0
INTEW,Ireland(East-West),IRELAND,IRL,3,"(-42.62, -27.16]",8761,-42.61999999999999,-27.159999999999997,-34.14415820111859,-190.46044972035156,-32.391232945638016,12.521401666476429,57.96141992923183,57.96141992923183,12.521401666476429,4380.5
INTEW,Ireland(East-West),IRELAND,IRL,4,"(-27.16, -17.32]",8766,-27.150000000000034,-17.319999999999993,-21.93564681724846,-184.87565594341774,-31.441438085615268,12.44581336983801,58.39607574720511,58.39607574720511,12.44581336983801,4383.0
INTEW,Ireland(East-West),IRELAND,IRL,5,"(-17.32, -10.07]",8758,-17.310000000000002,-10.070000000000007,-13.478391185202101,-185.61361041333637,-31.566940546485775,11.144096825759306,57.86709294359442,57.86709294359442,11.144096825759306,4379.0
INTEW,Ireland(East-West),IRELAND,IRL,6,"(-10.07, -4.022]",8759,-10.069999999999993,-4.029999999999999,-7.018244091791301,-180.4486813563192,-30.688551251074696,9.921223884005023,57.71206758762416,57.71206758762416,9.921223884005023,4379.5
INTEW,Ireland(East-West),IRELAND,IRL,7,"(-4.022, 2.68]",8772,-4.02000000000001,2.680000000000007,-0.8414717282261742,-158.6657546739626,-26.983971883326976,12.232102143182855,54.61696306429549,30.939352485180116,17.350661194710444,4386.0
INTEW,Ireland(East-West),IRELAND,IRL,8,"(2.68, 13.21]",8752,2.6899999999999977,13.209999999999994,7.386475091407679,-128.98423217550274,-21.936093907398426,16.830438756855575,49.55438756855576,16.830438756855575,49.55438756855576,4376.0
INTEW,Ireland(East-West),IRELAND,IRL,9,"(13.21, 38.98]",8761,13.210000000000008,38.98,23.780034242666364,-65.36491268120078,-11.116481748503535,26.66362287410113,41.85595251683598,26.66362287410113,41.85595251683598,4380.5
INTEW,Ireland(East-West),IRELAND,IRL,10,"(38.98, 2200.91]",8761,38.989999999999995,2200.91,96.87501312635544,35.26812007761671,5.997979605036854,42.906060951946124,30.487387284556554,42.906060951946124,30.487387284556554,4380.5
INTFR,France(IFA),FRANCE,FR,1,"(-2782.9210000000003, -26.547]",8762,-2782.92,-26.549999999999983,-88.19625656242867,-667.0835425701895,-25.36439325361937,4.462451495092445,84.26158411321616,84.26158411321616,4.462451495092445,4381.0
INTFR,France(IFA),FRANCE,FR,2,"(-26.547, -6.22]",8761,-26.54000000000002,-6.220000000000006,-13.441051249857322,-263.1014724346536,-10.003858267477321,31.73153749571967,65.12955142107066,65.12955142107066,31.73153749571967,4380.5
INTFR,France(IFA),FRANCE,FR,3,"(-6.22, -0.07]",8764,-6.220000000000002,-0.06999999999999318,-2.897299178457325,307.69831127339114,11.699555561725898,62.11775445002282,36.03377453217709,30.956184390689184,49.372432679141944,4382.0
INTFR,France(IFA),FRANCE,FR,4,"(-0.07, 4.57]",8768,-0.060000000000002274,4.569999999999993,2.21571852189781,698.0796076642335,26.54295086175793,78.93476277372264,19.57116788321168,61.849908759124084,14.051094890510948,4384.0
INTFR,France(IFA),FRANCE,FR,5,"(4.57, 10.125]",8752,4.570000000000007,10.120000000000005,7.242510283363802,944.1848720292504,35.900565476397354,86.28884826325411,11.825868372943326,86.28884826325411,11.825868372943326,4376.0
INTFR,France(IFA),FRANCE,FR,6,"(10.125, 18.21]",8763,10.129999999999995,18.21,13.829352961314617,1097.324432272053,41.72336244380429,88.74814561223326,8.695652173913043,88.74814561223326,8.695652173913043,4381.5
INTFR,France(IFA),FRANCE,FR,7,"(18.21, 31.671]",8760,18.210000000000008,31.67000000000001,24.36217579908676,1203.6449771689497,45.765968713648284,90.31963470319636,6.061643835616438,90.31963470319636,6.061643835616438,4380.0
INTFR,France(IFA),FRANCE,FR,8,"(31.671, 50.2]",8762,31.679999999999993,50.19999999999999,40.54792969641635,1274.4731796393517,48.4590562600514,93.72289431636612,3.2755078749144033,93.72289431636612,3.2755078749144033,4381.0
INTFR,France(IFA),FRANCE,FR,9,"(50.2, 74.68]",8763,50.199999999999996,74.68,61.982155654456236,1309.6642702270913,49.79712054095404,95.54946935980828,1.175396553691658,95.54946935980828,1.175396553691658,4381.5
INTFR,France(IFA),FRANCE,FR,10,"(74.68, 2385.91]",8759,74.69,2385.91,110.22494805343075,1265.013586025802,48.09937589451719,94.54275602237698,0.9133462724055257,94.54275602237698,0.9133462724055257,4379.5
INTGRNL,Ireland (Greenlink),IRELAND,IRL,1,"(-291.171, -76.621]",2482,-291.17,-76.63,-113.17543110394843,-334.4302981466559,-64.56183361904554,14.42385173247381,82.55439161966156,82.55439161966156,14.42385173247381,1241.0
INTGRNL,Ireland (Greenlink),IRELAND,IRL,2,"(-76.621, -48.52]",2482,-76.60000000000001,-48.52000000000001,-61.34643835616438,-335.96776792908946,-64.85864245735317,14.826752618855762,80.98307816277196,80.98307816277196,14.826752618855762,1241.0
INTGRNL,Ireland (Greenlink),IRELAND,IRL,3,"(-48.52, -30.652]",2480,-48.49999999999999,-30.67,-38.97742741935484,-353.94112903225806,-68.32840328808071,13.024193548387098,84.67741935483872,84.67741935483872,13.024193548387098,1240.0
INTGRNL,Ireland (Greenlink),IRELAND,IRL,4,"(-30.652, -19.056]",2482,-30.650000000000006,-19.060000000000002,-24.469298952457695,-338.32473811442384,-65.31365600664553,14.5044319097502,83.1587429492345,83.1587429492345,14.5044319097502,1241.0
INTGRNL,Ireland (Greenlink),IRELAND,IRL,5,"(-19.056, -11.57]",2484,-19.040000000000006,-11.569999999999993,-15.000450885668277,-334.1384863123994,-64.50549928810798,13.526570048309178,83.29307568438004,83.29307568438004,13.526570048309178,1242.0
INTGRNL,Ireland (Greenlink),IRELAND,IRL,6,"(-11.57, -6.152]",2478,-11.560000000000002,-6.159999999999997,-8.794455205811138,-339.82485875706215,-65.60325458630543,13.11541565778854,83.81759483454398,83.81759483454398,13.11541565778854,1239.0
INTGRNL,Ireland (Greenlink),IRELAND,IRL,7,"(-6.152, -1.22]",2488,-6.150000000000006,-1.2199999999999989,-3.678143086816721,-356.9855305466238,-68.9161255881513,11.655948553054662,85.73151125401928,85.73151125401928,11.655948553054662,1244.0
INTGRNL,Ireland (Greenlink),IRELAND,IRL,8,"(-1.22, 5.29]",2476,-1.210000000000008,5.290000000000006,1.8215508885298872,-346.6631663974152,-66.9233911964122,13.691437802907917,84.24878836833602,11.106623586429725,51.73667205169629,1238.0
INTGRNL,Ireland (Greenlink),IRELAND,IRL,9,"(5.29, 17.49]",2480,5.299999999999997,17.489999999999995,10.15791129032258,-327.5548387096774,-63.23452484742808,14.31451612903226,82.37903225806451,14.31451612903226,82.37903225806451,1240.0
INTGRNL,Ireland (Greenlink),IRELAND,IRL,10,"(17.49, 214.63]",2482,17.49000000000001,214.63,44.63432715551974,-313.85414987912975,-60.58960422377022,17.445608380338438,78.56567284448026,17.445608380338438,78.56567284448026,1241.0
INTIFA2,IFA2 (INTIFA2),FRANCE,FR,1,"(-2782.9210000000003, -26.547]",8762,-2782.92,-26.549999999999983,-88.19625656242867,-833.8813056379822,-51.284213138867294,2.5907327094270713,97.38644145172334,97.38644145172334,2.5907327094270713,4381.0
INTIFA2,IFA2 (INTIFA2),FRANCE,FR,2,"(-26.547, -6.22]",8761,-26.54000000000002,-6.220000000000006,-13.441051249857322,-278.1349161054674,-17.1054683951702,27.99908686223034,71.85252825019975,71.85252825019975,27.99908686223034,4380.5
INTIFA2,IFA2 (INTIFA2),FRANCE,FR,3,"(-6.22, -0.07]",8764,-6.220000000000002,-0.06999999999999318,-2.897299178457325,138.9301688726609,8.54429082857693,54.689639434048374,45.13920584208124,37.9963486992241,43.6558649018713,4382.0
INTIFA2,IFA2 (INTIFA2),FRANCE,FR,4,"(-0.07, 4.57]",8768,-0.060000000000002274,4.569999999999993,2.21571852189781,327.9842609489051,20.17123376069527,65.92153284671532,33.8845802919708,51.82481751824818,25.068430656934304,4384.0
INTIFA2,IFA2 (INTIFA2),FRANCE,FR,5,"(4.57, 10.125]",8752,4.570000000000007,10.120000000000005,7.242510283363802,444.2909049360146,27.324163895203853,70.8180987202925,29.13619744058501,70.8180987202925,29.13619744058501,4376.0
INTIFA2,IFA2 (INTIFA2),FRANCE,FR,6,"(10.125, 18.21]",8763,10.129999999999995,18.21,13.829352961314617,570.4980029670204,35.08597804225218,76.01278101106926,23.918749286773934,76.01278101106926,23.918749286773934,4381.5
INTIFA2,IFA2 (INTIFA2),FRANCE,FR,7,"(18.21, 31.671]",8760,18.210000000000008,31.67000000000001,24.36217579908676,657.8828767123288,40.460201519823414,78.1392694063927,21.80365296803653,78.1392694063927,21.80365296803653,4380.0
INTIFA2,IFA2 (INTIFA2),FRANCE,FR,8,"(31.671, 50.2]",8762,31.679999999999993,50.19999999999999,40.54792969641635,713.1029445332116,43.85626965148903,79.37685459940653,20.611732481168684,79.37685459940653,20.611732481168684,4381.0
INTIFA2,IFA2 (INTIFA2),FRANCE,FR,9,"(50.2, 74.68]",8763,50.199999999999996,74.68,61.982155654456236,754.5272167066073,46.40388786633501,79.79002624671917,20.198562136254708,79.79002624671917,20.198562136254708,4381.5
INTIFA2,IFA2 (INTIFA2),FRANCE,FR,10,"(74.68, 2385.91]",8759,74.69,2385.91,110.22494805343075,789.3284621532139,48.544185864281296,82.23541500171252,17.73033451307227,82.23541500171252,17.73033451307227,4379.5
INTIRL,Northern Ireland(Moyle),IRELAND,IRL,1,"(-340.45099999999996, -69.01]",8762,-340.45,-69.01000000000002,-106.95775279616525,-228.09427071444875,-33.44490772939131,18.8541428897512,75.02853229856197,75.02853229856197,18.8541428897512,4381.0
INTIRL,Northern Ireland(Moyle),IRELAND,IRL,2,"(-69.01, -42.62]",8762,-69.01,-42.620000000000005,-54.69129879023054,-234.13261812371604,-34.33029591256833,17.610134672449213,76.5464505820589,76.5464505820589,17.610134672449213,4381.0
INTIRL,Northern Ireland(Moyle),IRELAND,IRL,3,"(-42.62, -27.16]",8761,-42.61999999999999,-27.159999999999997,-34.14415820111859,-223.30350416619106,-32.74244929123036,19.198721607122472,75.40235132975688,75.40235132975688,19.198721607122472,4380.5
INTIRL,Northern Ireland(Moyle),IRELAND,IRL,4,"(-27.16, -17.32]",8766,-27.150000000000034,-17.319999999999993,-21.93564681724846,-219.48368697239334,-32.18235879360606,19.689710244125028,75.24526579968058,75.24526579968058,19.689710244125028,4383.0
INTIRL,Northern Ireland(Moyle),IRELAND,IRL,5,"(-17.32, -10.07]",8758,-17.310000000000002,-10.070000000000007,-13.478391185202101,-219.70723909568395,-32.215137697314354,18.543046357615893,75.64512445763873,75.64512445763873,18.543046357615893,4379.0
INTIRL,Northern Ireland(Moyle),IRELAND,IRL,6,"(-10.07, -4.022]",8759,-10.069999999999993,-4.029999999999999,-7.018244091791301,-225.91186208471288,-33.12490646403415,17.045324808768125,76.4470830003425,76.4470830003425,17.045324808768125,4379.5
INTIRL,Northern Ireland(Moyle),IRELAND,IRL,7,"(-4.022, 2.68]",8772,-4.02000000000001,2.680000000000007,-0.8414717282261742,-204.88166894664843,-30.041300432059884,19.915640674874602,73.51801185590516,42.14546283629731,24.544003647970815,4386.0
INTIRL,Northern Ireland(Moyle),IRELAND,IRL,8,"(2.68, 13.21]",8752,2.6899999999999977,13.209999999999994,7.386475091407679,-157.96183729433272,-23.16155972057664,26.930987202925046,66.9446983546618,26.930987202925046,66.9446983546618,4376.0
INTIRL,Northern Ireland(Moyle),IRELAND,IRL,9,"(13.21, 38.98]",8761,13.210000000000008,38.98,23.780034242666364,-97.39253509873302,-14.280430366383138,36.833694783700494,58.21253281588859,36.833694783700494,58.21253281588859,4380.5
INTIRL,Northern Ireland(Moyle),IRELAND,IRL,10,"(38.98, 2200.91]",8761,38.989999999999995,2200.91,96.87501312635544,-8.39310580983906,-1.23066067592948,50.644903549823084,41.71898185138683,50.644903549823084,41.71898185138683,4380.5
INTNED,Netherlands(BritNed),NETHERLANDS,NL,1,"(-355.911, -25.07]",8762,-355.90999999999997,-25.07000000000002,-63.74645400593472,-557.1079662177585,-39.73665950197992,14.209084683862134,74.06984706687972,74.06984706687972,14.209084683862134,4381.0
INTNED,Netherlands(BritNed),NETHERLANDS,NL,2,"(-25.07, -10.11]",8764,-25.069999999999993,-10.110000000000014,-16.123039707895938,-380.29803742583294,-27.125394966179243,24.08717480602465,66.00867183934277,66.00867183934277,24.08717480602465,4382.0
INTNED,Netherlands(BritNed),NETHERLANDS,NL,3,"(-10.11, -3.95]",8760,-10.11,-3.950000000000003,-6.759156392694064,-237.1541095890411,-16.915414378676253,30.525114155251142,59.3607305936073,59.3607305936073,30.525114155251142,4380.0
INTNED,Netherlands(BritNed),NETHERLANDS,NL,4,"(-3.95, 0.21]",8761,-3.9499999999999886,0.20999999999999375,-1.7794703800935967,-38.21070654034928,-2.7254426918936714,42.141308069855036,46.51295514210707,33.10124415021116,27.782216641935854,4380.5
INTNED,Netherlands(BritNed),NETHERLANDS,NL,5,"(0.21, 4.09]",8778,0.21000000000000008,4.090000000000003,2.1521439963545226,200.71337434495328,14.316217856273415,58.69218500797449,31.16883116883117,48.73547505126453,23.843700159489632,4389.0
INTNED,Netherlands(BritNed),NETHERLANDS,NL,6,"(4.09, 8.86]",8745,4.099999999999994,8.86,6.377650085763293,404.2655231560892,28.83491605963546,72.24699828473413,18.444825614636937,72.24699828473413,18.444825614636937,4372.5
INTNED,Netherlands(BritNed),NETHERLANDS,NL,7,"(8.86, 16.231]",8760,8.860000000000014,16.230000000000004,12.206680365296805,603.6844748858448,43.05880705319863,83.10502283105022,9.39497716894977,83.10502283105022,9.39497716894977,4380.0
INTNED,Netherlands(BritNed),NETHERLANDS,NL,8,"(16.231, 30.464]",8761,16.239999999999995,30.459999999999994,22.532420956511814,717.3610318456797,51.16697802037658,87.18182855838374,4.965186622531674,87.18182855838374,4.965186622531674,4380.5
INTNED,Netherlands(BritNed),NETHERLANDS,NL,9,"(30.464, 59.307]",8761,30.47,59.3,42.830959936080355,774.6846250428033,55.2556793896436,89.1108320967926,2.5910284214130805,89.1108320967926,2.5910284214130805,4380.5
INTNED,Netherlands(BritNed),NETHERLANDS,NL,10,"(59.307, 2385.91]",8762,59.31000000000003,2385.91,112.03549303811916,845.5806893403333,60.31246001000951,91.04085825154074,1.2554211367267747,91.04085825154074,1.2554211367267747,4381.0
INTNEM,Belgium (Nemolink),BELGIUM,B,1,"(-451.191, -21.09]",8763,-451.19,-21.089999999999996,-59.117447221271256,-591.2351934269086,-43.28222499464923,14.024877325116968,82.52881433299099,82.52881433299099,14.024877325116968,4381.5
INTNEM,Belgium (Nemolink),BELGIUM,B,2,"(-21.09, -7.63]",8762,-21.089999999999975,-7.6299999999999955,-12.811843186487103,-256.47751654873315,-18.77580648233771,32.321387811002054,65.51015749828805,65.51015749828805,32.321387811002054,4381.0
INTNEM,Belgium (Nemolink),BELGIUM,B,3,"(-7.63, -2.04]",8763,-7.6200000000000045,-2.039999999999992,-4.580378865685268,-47.74894442542508,-3.4955303386109136,45.16718018943284,51.85438776674655,51.85438776674655,45.16718018943284,4381.5
INTNEM,Belgium (Nemolink),BELGIUM,B,4,"(-2.04, 1.78]",8771,-2.030000000000001,1.7800000000000011,-0.08015049595257073,153.86614981188006,11.263993397648614,60.81404628890662,36.44966366434842,24.820430965682363,20.339756014137496,4385.5
INTNEM,Belgium (Nemolink),BELGIUM,B,5,"(1.78, 5.7]",8748,1.7800000000000153,5.699999999999989,3.6896844993141285,330.64174668495656,24.205105906658606,73.19387288523092,24.359853680841333,73.19387288523092,24.359853680841333,4374.0
INTNEM,Belgium (Nemolink),BELGIUM,B,6,"(5.7, 10.61]",8778,5.700000000000003,10.61,8.04665527455001,519.1086807928913,38.0020996188061,85.01936659831397,13.055365686944635,85.01936659831397,13.055365686944635,4389.0
INTNEM,Belgium (Nemolink),BELGIUM,B,7,"(10.61, 17.93]",8746,10.610000000000014,17.930000000000007,13.99004230505374,693.146581294306,50.74279511671347,91.67619483192317,6.357191859135606,91.67619483192317,6.357191859135606,4373.0
INTNEM,Belgium (Nemolink),BELGIUM,B,8,"(17.93, 31.074]",8760,17.939999999999998,31.07,23.808722602739728,762.1737442922374,55.79602813266745,92.97945205479452,4.8173515981735155,92.97945205479452,4.8173515981735155,4380.0
INTNEM,Belgium (Nemolink),BELGIUM,B,9,"(31.074, 57.784]",8761,31.079999999999984,57.77,42.609990868622305,810.9962333067001,59.37014885114935,94.7380436023285,2.431229311722406,94.7380436023285,2.431229311722406,4380.5
INTNEM,Belgium (Nemolink),BELGIUM,B,10,"(57.784, 2385.91]",8762,57.78999999999999,2385.91,109.73881990413147,890.0047934261584,65.15408443822535,97.39785437114814,1.1869436201780417,97.39785437114814,1.1869436201780417,4381.0
INTNSL,North Sea Link (INTNSL),NORWAY2,NO,1,"(-241.471, 2.78]",8318,-241.47000000000003,2.780000000000001,-17.598253185861985,-481.13128155806686,-26.063449705204054,25.306564077903342,72.62563116133686,69.7763885549411,19.30752584755951,4159.0
INTNSL,North Sea Link (INTNSL),NORWAY2,NO,2,"(2.78, 18.21]",8314,2.7900000000000063,18.209999999999994,10.820483521770507,553.5910512388742,29.98868099885559,73.50252585999519,25.294683666105367,73.50252585999519,25.294683666105367,4157.0
INTNSL,North Sea Link (INTNSL),NORWAY2,NO,3,"(18.21, 30.81]",8315,18.21,30.810000000000002,24.676013229104026,933.1583884546001,50.550291898949084,86.6867107636801,11.256764882742033,86.6867107636801,11.256764882742033,4157.5
INTNSL,North Sea Link (INTNSL),NORWAY2,NO,4,"(30.81, 42.31]",8314,30.819999999999993,42.31000000000001,36.61154438296849,1024.1412076016359,55.47893865664332,90.34159249458745,7.144575414962713,90.34159249458745,7.144575414962713,4157.0
INTNSL,North Sea Link (INTNSL),NORWAY2,NO,5,"(42.31, 52.73]",8316,42.31000000000002,52.72999999999999,47.63059163059163,1087.458633958634,58.90891841596067,91.54641654641654,6.529581529581529,91.54641654641654,6.529581529581529,4158.0
INTNSL,North Sea Link (INTNSL),NORWAY2,NO,6,"(52.73, 63.056]",8314,52.730000000000004,63.05000000000001,57.82836661053644,1109.3170555689198,60.09301492789382,91.85710849170074,5.52080827519846,91.85710849170074,5.52080827519846,4157.0
INTNSL,North Sea Link (INTNSL),NORWAY2,NO,7,"(63.056, 75.67]",8316,63.05999999999999,75.67,69.09835016835017,1106.5786435786436,59.944671916502905,92.07551707551708,4.425204425204425,92.07551707551708,4.425204425204425,4158.0
INTNSL,North Sea Link (INTNSL),NORWAY2,NO,8,"(75.67, 92.25]",8316,75.67000000000002,92.25,83.4035582010582,1046.0880230880232,56.66782356923202,91.26984126984127,5.218855218855219,91.26984126984127,5.218855218855219,4158.0
INTNSL,North Sea Link (INTNSL),NORWAY2,NO,9,"(92.25, 125.089]",8313,92.27,125.08000000000001,105.97279201251052,908.0226151810417,49.18865737708785,90.91783952844942,6.70034885119692,90.91783952844942,6.70034885119692,4156.5
INTNSL,North Sea Link (INTNSL),NORWAY2,NO,10,"(125.089, 2123.65]",8316,125.09000000000002,2123.65,191.16981000481,695.0935545935546,37.65403871037674,87.42183742183742,11.568061568061568,87.42183742183742,11.568061568061568,4158.0
INTVKL,Denmark (Viking link),DENMARK1,DK,1,"(-421.52099999999996, -17.72]",4388,-421.52,-17.72,-47.031048313582495,-795.7803099361896,-32.08791572323345,4.6034639927073835,84.00182315405652,84.00182315405652,4.6034639927073835,2194.0
INTVKL,Denmark (Viking link),DENMARK1,DK,2,"(-17.72, -7.932]",4386,-17.700000000000003,-7.9399999999999835,-11.942927496580028,-550.2704058367533,-22.188322815998117,15.823073415412678,77.06338349293206,77.06338349293206,15.823073415412678,2193.0
INTVKL,Denmark (Viking link),DENMARK1,DK,3,"(-7.932, -2.84]",4388,-7.930000000000007,-2.8400000000000034,-5.21848678213309,-239.71558796718324,-9.665951127709002,29.580674567000916,63.35460346399271,63.35460346399271,29.580674567000916,2194.0
INTVKL,Denmark (Viking link),DENMARK1,DK,4,"(-2.84, 1.12]",4392,-2.8399999999999963,1.1200000000000045,-0.8454781420765025,35.05874316939891,1.4136589987660848,48.13296903460838,45.33242258652095,24.95446265938069,19.376138433515482,2196.0
INTVKL,Denmark (Viking link),DENMARK1,DK,5,"(1.12, 5.35]",4384,1.1299999999999955,5.349999999999994,3.254676094890511,349.3380474452555,14.086211590534495,69.61678832116789,24.61222627737226,69.61678832116789,24.61222627737226,2192.0
INTVKL,Denmark (Viking link),DENMARK1,DK,6,"(5.35, 10.79]",4388,5.350000000000001,10.789999999999992,7.834266180492252,617.6864175022789,24.90671038315641,83.7739288969918,11.62260711030082,83.7739288969918,11.62260711030082,2194.0
INTVKL,Denmark (Viking link),DENMARK1,DK,7,"(10.79, 20.5]",4384,10.790000000000006,20.5,15.201961678832115,848.0488138686131,34.195516688250535,89.11952554744525,5.223540145985401,89.11952554744525,5.223540145985401,2192.0
INTVKL,Denmark (Viking link),DENMARK1,DK,8,"(20.5, 36.282]",4386,20.50999999999999,36.28,27.829521203830367,965.7227542179662,38.94043363782122,90.85727314181486,2.7359781121751023,90.85727314181486,2.7359781121751023,2193.0
INTVKL,Denmark (Viking link),DENMARK1,DK,9,"(36.282, 64.97]",4388,36.28999999999999,64.97,49.07540109389243,1040.7187784867822,41.96446687446702,91.9553327256153,1.504102096627165,91.9553327256153,1.504102096627165,2194.0
INTVKL,Denmark (Viking link),DENMARK1,DK,10,"(64.97, 881.13]",4386,64.98,881.1299999999999,88.5915959872321,995.1354309165527,40.126428665990026,90.24167806657547,0.615595075239398,90.24167806657547,0.615595075239398,2193.0
