interconnectorId,year,interconnectorName,interconnectorBiddingZone,capacity_mw,first_timestamp,last_timestamp,observations,expected_half_hours_between_first_last,missing_half_hours_between_first_last,coverage_pct_between_first_last,duration_hours,import_half_hours,export_half_hours,near_zero_half_hours,import_share_pct,export_share_pct,near_zero_share_pct,dominant_direction,mean_signed_mw,median_signed_mw,p05_signed_mw,p25_signed_mw,p75_signed_mw,p95_signed_mw,mean_import_mw,mean_export_mw,mean_import_mw_when_importing,mean_export_mw_when_exporting,max_import_mw,max_export_mw,observed_abs_peak_mw,observed_abs_p95_mw,mean_signed_pct_capacity,median_signed_pct_capacity,p05_signed_pct_capacity,p95_signed_pct_capacity,mean_import_pct_capacity_when_importing,mean_export_pct_capacity_when_exporting,observed_abs_peak_pct_capacity,observed_abs_p95_pct_capacity,mean_active_capacity_mw,mean_signed_pct_active_capacity,mean_import_pct_active_capacity_when_importing,mean_export_pct_active_capacity_when_exporting,mean_available_interconnector_count,mean_missing_interconnector_count,import_gwh,export_gwh,net_gwh,abs_flow_gwh,direction_switches_ignoring_near_zero,direction_switches_per_30d,share_abs_ge_500mw_pct,share_abs_ge_1000mw_pct,share_abs_ge_1500mw_pct,share_import_ge_1000mw_pct,share_export_ge_1000mw_pct,longest_near_zero_run_hours,deadband_mw,primary_state,primary_state_share_pct,import_export_margin_pct,abs_import_export_margin_pct,direction_bias,mostly_direction
INTELEC,2022,Eleclink (INTELEC),FRANCE,1260,2022-05-24 23:00:00+00:00,2022-12-31 23:30:00+00:00,10606,10610,4,99.96229971724789,5303.0,1269,8341,996,11.964925513860079,78.64416368093532,9.390910805204602,export,-589.9900056571752,-872.0,-1024.0,-1022.0,-174.0,771.5,70.65962662643787,660.6496322836131,590.5563435776202,840.0491547776046,1002.0,1028.0,1028.0,1024.0,-46.82460362358533,-69.2063492063492,-81.26984126984127,61.230158730158735,46.869551077588895,66.67056783949243,81.58730158730158,81.26984126984127,,,,,,,374.7080000000001,3503.425,-3128.717,3878.1330000000003,117,15.880855877085494,75.41957382613616,36.451065434659625,0.0,0.6788610220629833,35.77220441259664,204.0,1.0,export,78.64416368093532,-66.67923816707524,66.67923816707524,export,mostly_export
INTELEC,2023,Eleclink (INTELEC),FRANCE,1260,2023-01-01 00:00:00+00:00,2023-12-31 23:30:00+00:00,17518,17520,2,99.98858447488584,8759.0,13325,3816,377,76.06461924877269,21.78330859687179,2.15207215435552,import,437.7925562278799,578.0,-710.0,24.0,992.0,998.0,530.6097728051147,92.81721657723484,697.5776360225141,426.09329140461216,1014.0,1026.0,1026.0,998.0,34.74544097046667,45.87301587301587,-56.34920634920635,79.2063492063492,55.363304446231275,33.81692788925493,81.42857142857143,79.2063492063492,,,,,,,4647.611000000001,812.986,3834.625,5460.597000000001,644,52.934528226496944,61.6851238725882,4.018723598584313,0.0,2.437492864482247,1.5812307341020664,50.0,1.0,import,76.06461924877269,54.281310651900895,54.281310651900895,import,mostly_import
INTELEC,2024,Eleclink (INTELEC),FRANCE,1260,2024-01-01 00:00:00+00:00,2024-12-31 23:30:00+00:00,17568,17568,0,100.0,8784.0,12098,993,4477,68.86384335154827,5.652322404371585,25.483834244080146,import,590.6641621129326,944.0,-2.0,0.0,996.0,998.0,604.3128415300547,13.64867941712204,877.547363200529,241.47029204431018,1260.0,1024.0,1260.0,998.0,46.878108104201004,74.92063492063492,-0.15873015873015872,79.2063492063492,69.6466161270261,19.16430889240557,100.0,79.2063492063492,,,,,,,5308.284000000001,119.89000000000001,5188.394,5428.174,167,13.689303808276883,62.465846994535525,1.092896174863388,0.0,0.9904371584699454,0.10245901639344263,1498.5,1.0,import,68.86384335154827,63.21152094717668,63.21152094717668,import,mostly_import
INTELEC,2025,Eleclink (INTELEC),FRANCE,1260,2025-01-01 00:00:00+00:00,2025-12-31 23:30:00+00:00,17520,17520,0,100.0,8760.0,13881,674,2965,79.22945205479452,3.8470319634703194,16.92351598173516,import,672.4077625570776,990.0,0.0,218.0,996.0,998.0,682.8909817351598,10.483219178082193,861.9155680426483,272.5014836795252,1102.0,1024.0,1102.0,998.0,53.36569544103791,78.57142857142857,0.0,79.2063492063492,68.40599746370223,21.627101879327398,87.46031746031746,79.2063492063492,,,,,,,5982.125,91.833,5890.292,6073.9580000000005,216,17.754438038700837,70.09703196347033,4.2408675799086755,0.0,4.166666666666666,0.07420091324200913,764.5,1.0,import,79.22945205479452,75.3824200913242,75.3824200913242,import,mostly_import
INTELEC,2026,Eleclink (INTELEC),FRANCE,1260,2026-01-01 00:00:00+00:00,2026-06-30 22:30:00+00:00,8686,8686,0,100.0,4343.0,8436,214,36,97.12180520377619,2.4637347455675798,0.41446005065622843,import,840.5952106838591,996.0,112.5,846.0,998.0,998.0,847.8084273543633,7.213216670504259,872.9331436699857,292.77570093457945,1000.0,948.0,1000.0,998.0,66.71390560983009,79.04761904761905,8.928571428571429,79.2063492063492,69.28040822777665,23.236166740839643,79.36507936507937,79.2063492063492,,,,,,,3682.032,31.327000000000005,3650.705,3713.359,63,10.44559585492228,86.87543172921943,1.4506101772967994,0.0,1.4506101772967994,0.0,6.5,1.0,import,97.12180520377619,94.65807045820861,94.65807045820861,import,mostly_import
INTEW,2021,Ireland(East-West),IRELAND,588,2021-07-01 00:00:00+00:00,2021-12-31 23:30:00+00:00,8819,8832,13,99.85280797101449,4409.5,2177,3686,2956,24.68533847374986,41.79612200929811,33.51853951695203,export,-57.09309445515365,0.0,-536.0,-162.0,0.0,450.0,55.91450277809275,113.0075972332464,226.50895728066146,270.3781877373847,504.0,536.0,536.0,536.0,-9.709709941352662,0.0,-91.15646258503402,76.53061224489795,38.52193151031658,45.982684989351135,91.15646258503402,91.15646258503402,,,,,,,246.555,498.307,-251.752,744.8620000000001,325,52.99513078926509,14.105907699285632,0.0,0.0,0.0,0.0,133.0,1.0,export,41.79612200929811,-17.11078353554825,17.11078353554825,export,mixed
INTEW,2022,Ireland(East-West),IRELAND,588,2022-01-01 00:00:00+00:00,2022-12-31 23:30:00+00:00,17503,17520,17,99.90296803652969,8751.5,7253,3577,6673,41.438610523910185,20.436496600582757,38.12489287550706,import,69.20642175627036,0.0,-354.0,0.0,198.0,504.0,113.06656001828259,43.86013826201223,272.85316420791395,214.61671792004472,504.0,586.0,586.0,504.0,11.769799618413323,0.0,-60.204081632653065,85.71428571428571,46.4035993550874,36.499441823136856,99.65986394557824,85.71428571428571,,,,,,,989.5020000000001,383.842,605.66,1373.344,611,50.22204463725098,11.3751928240873,0.0,0.0,0.0,0.0,1087.0,1.0,import,41.438610523910185,21.00211392332743,21.00211392332743,import,mixed
INTEW,2023,Ireland(East-West),IRELAND,588,2023-01-01 00:00:00+00:00,2023-12-31 23:30:00+00:00,17518,17520,2,99.98858447488584,8759.0,2493,11498,3527,14.231076606918597,65.6353465007421,20.13357689233931,export,-191.34946911747917,-142.0,-530.0,-486.0,0.0,238.0,27.308368535220914,218.65783765270007,191.89249899719215,333.1403722386502,504.0,532.0,532.0,530.0,-32.542426720659726,-24.149659863945576,-90.1360544217687,40.476190476190474,32.63477874101907,56.656525890926915,90.47619047619048,90.1360544217687,,,,,,,239.19400000000002,1915.2240000000004,-1676.0300000000002,2154.418,606,49.81106227524402,25.191231875784908,0.0,0.0,0.0,0.0,96.0,1.0,export,65.6353465007421,-51.4042698938235,51.4042698938235,export,mostly_export
INTEW,2024,Ireland(East-West),IRELAND,588,2024-01-01 00:00:00+00:00,2024-12-31 23:30:00+00:00,17568,17568,0,100.0,8784.0,1413,13648,2507,8.043032786885245,77.68670309653916,14.270264116575593,export,-305.6132741347905,-430.0,-532.0,-528.0,-30.0,94.0,15.5823087431694,321.1955828779599,193.7367303609342,413.44988276670574,504.0,532.0,532.0,532.0,-51.975046621563024,-73.12925170068027,-90.47619047619048,15.98639455782313,32.948423530771116,70.31460591270505,90.47619047619048,90.47619047619048,,,,,,,136.875,2821.382,-2684.5070000000005,2958.257,362,29.673820231115158,45.43488160291439,0.0,0.0,0.0,0.0,96.0,1.0,export,77.68670309653916,-69.64367030965391,69.64367030965391,export,mostly_export
INTEW,2025,Ireland(East-West),IRELAND,588,2025-01-01 00:00:00+00:00,2025-12-31 23:30:00+00:00,17520,17520,0,100.0,8760.0,867,9627,7026,4.948630136986301,54.948630136986296,40.102739726027394,export,-192.41232876712328,-48.0,-532.0,-494.0,0.0,0.0,7.170091324200913,199.5824200913242,144.89042675893887,363.21637062428584,504.0,588.0,588.0,532.0,-32.72318516447675,-8.16326530612245,-90.47619047619048,0.0,24.641229040635864,61.771491602769714,100.0,90.47619047619048,,,,,,,62.81000000000002,1748.342,-1685.5320000000002,1811.152,254,20.87790398995376,24.64611872146119,0.0,0.0,0.0,0.0,624.0,1.0,export,54.948630136986296,-49.99999999999999,49.99999999999999,export,mostly_export
INTEW,2026,Ireland(East-West),IRELAND,588,2026-01-01 00:00:00+00:00,2026-06-30 22:30:00+00:00,8686,8686,0,100.0,4343.0,571,4266,3849,6.573796914575178,49.11351600276307,44.31268708266175,export,-179.18420446695833,0.0,-532.0,-466.0,0.0,40.0,6.842505180750633,186.02670964770897,104.08756567425569,378.76887013595876,264.0,532.0,532.0,532.0,-30.473504161047337,0.0,-90.47619047619048,6.802721088435375,17.70196695140403,64.41647451291816,90.47619047619048,90.47619047619048,,,,,,,29.717000000000002,807.914,-778.1970000000001,837.6310000000001,150,24.870466321243523,23.26732673267327,0.0,0.0,0.0,0.0,474.5,1.0,export,49.11351600276307,-42.539719088187894,42.539719088187894,export,mixed
INTFR,2021,France(IFA),FRANCE,2630,2021-07-01 00:00:00+00:00,2021-12-31 23:30:00+00:00,8819,8832,13,99.85280797101449,4409.5,5161,1947,1711,58.52137430547681,22.077333030955888,19.4012926635673,import,672.4612767887515,574.0,-926.0,0.0,1658.0,2004.0,799.3976641342556,126.93638734550403,1365.9926370858361,574.9625064201335,2050.0,1030.0,2050.0,2004.0,25.568869839876484,21.825095057034222,-35.20912547528517,76.19771863117872,51.93888353938541,21.86169225932067,77.9467680608365,76.19771863117872,,,,,,,3524.9440000000004,559.726,2965.218,4084.67,215,35.058317291359984,64.32702120421816,44.925728540650866,32.45265903163624,41.47862569452319,3.4471028461276787,685.0,1.0,import,58.52137430547681,36.44404127452093,36.44404127452093,import,mostly_import
INTFR,2022,France(IFA),FRANCE,2630,2022-01-01 00:00:00+00:00,2022-12-31 23:30:00+00:00,17503,17520,17,99.90296803652969,8751.5,4216,11948,1339,24.08729932011655,68.26258355710449,7.650117122778951,export,-343.23784494086726,-474.0,-1032.0,-974.0,0.0,958.0,127.48991601439754,470.7277609552648,529.2827324478178,689.5838634081018,1010.0,1038.0,1038.0,1032.0,-13.050868628930315,-18.022813688212928,-39.239543726235745,36.42585551330799,20.12481872425163,26.219918760764326,39.46768060836502,39.239543726235745,,,,,,,1115.728,4119.574,-3003.8460000000005,5235.302000000001,699,57.45533420857355,61.018111180940416,27.772381877392448,0.0,4.227846654859167,23.54453522253328,500.0,1.0,export,68.26258355710449,-44.17528423698794,44.17528423698794,export,mostly_export
INTFR,2023,France(IFA),FRANCE,2630,2023-01-01 00:00:00+00:00,2023-12-31 23:30:00+00:00,17518,17520,2,99.98858447488584,8759.0,13676,3724,118,78.0682726338623,21.25813449023861,0.6735928758990752,import,672.9172279940633,818.0,-1024.0,110.0,1409.5,2000.0,817.3511816417399,144.43395364767667,1046.9697279906406,679.4291084854995,2040.0,2056.0,2056.0,2000.0,25.586206387606968,31.102661596958175,-38.93536121673004,76.04562737642586,39.80873490458709,25.833806406292755,78.17490494296578,76.04562737642586,,,,,,,7159.179,1265.097,5894.082,8424.276,770,63.29128374907243,73.1076606918598,42.46489325265441,23.387372987783994,36.944856718803514,5.520036533850896,31.0,1.0,import,78.0682726338623,56.810138143623696,56.810138143623696,import,mostly_import
INTFR,2024,France(IFA),FRANCE,2630,2024-01-01 00:00:00+00:00,2024-12-31 23:30:00+00:00,17568,17568,0,100.0,8784.0,16064,1485,19,91.43897996357013,8.452868852459016,0.1081511839708561,import,1150.795878870674,1107.0,-447.29999999999995,964.0,1858.0,2004.0,1213.3474499089252,62.55157103825137,1326.9477091633466,740.0040404040404,2630.0,2070.0,2630.0,2004.0,43.756497295462886,42.09125475285171,-17.00760456273764,76.19771863117872,50.45428551951888,28.13703575680762,100.0,76.19771863117872,,,,,,,10658.044,549.453,10108.591,11207.497000000001,349,28.608185802925938,90.00455373406193,71.47085610200364,37.46584699453552,69.03460837887067,2.4362477231329693,5.5,1.0,import,91.43897996357013,82.98611111111111,82.98611111111111,import,mostly_import
INTFR,2025,France(IFA),FRANCE,2630,2025-01-01 00:00:00+00:00,2025-12-31 23:30:00+00:00,17520,17520,0,100.0,8760.0,16191,1312,17,92.41438356164383,7.488584474885844,0.09703196347031963,import,1179.870091324201,1358.0,-198.29999999999973,978.0,1510.0,2006.0,1216.3989726027398,36.52888127853881,1316.2442097461553,487.7942073170732,2548.0,2072.0,2548.0,2006.0,44.86198065871487,51.634980988593156,-7.539923954372613,76.27376425855513,50.04730835536712,18.547308263006585,96.88212927756655,76.27376425855513,,,,,,,10655.655,319.993,10335.662,10975.648,304,24.987727610023402,89.337899543379,73.98972602739727,41.74657534246575,72.8595890410959,1.13013698630137,1.5,1.0,import,92.41438356164383,84.92579908675799,84.92579908675799,import,mostly_import
INTFR,2026,France(IFA),FRANCE,2630,2026-01-01 00:00:00+00:00,2026-06-30 22:30:00+00:00,8686,8686,0,100.0,4343.0,8335,345,6,95.95901450610177,3.971908818788856,0.0690766751093714,import,1176.0377619157264,1478.0,86.5,1000.0,1504.0,1510.0,1192.649320746028,16.611558830301636,1242.8736652669465,418.2260869565217,2012.0,1514.0,2012.0,1510.0,44.716264711624575,56.1977186311787,3.2889733840304185,57.414448669201526,47.25755381243143,15.902132583898165,76.50190114068441,57.414448669201526,,,,,,,5179.6759999999995,72.144,5107.531999999999,5251.82,105,17.409326424870464,90.24867603039374,75.89224038682939,47.616854708726684,75.45475477780336,0.4374856090260189,1.0,1.0,import,95.95901450610177,91.9871056873129,91.9871056873129,import,mostly_import
INTGRNL,2025,Ireland (Greenlink),IRELAND,518,2025-01-30 00:00:00+00:00,2025-12-31 23:30:00+00:00,16128,16128,0,100.0,8064.0,2124,13796,208,13.169642857142858,85.54067460317461,1.2896825396825395,export,-348.57886904761904,-514.0,-514.0,-514.0,-282.0,300.0,32.92943948412698,381.508308531746,250.04048964218455,445.9963757610902,506.0,516.0,516.0,514.0,-67.29321796286082,-99.22779922779922,-99.22779922779922,57.91505791505791,48.270364795788524,86.09968644036489,99.61389961389962,99.22779922779922,,,,,,,265.543,3076.4830000000006,-2810.9400000000005,3342.0260000000007,390,34.82358777205928,57.33506944444444,0.0,0.0,0.0,0.0,19.0,1.0,export,85.54067460317461,-72.37103174603175,72.37103174603175,export,mostly_export
INTGRNL,2026,Ireland (Greenlink),IRELAND,518,2026-01-01 00:00:00+00:00,2026-06-30 22:30:00+00:00,8686,8686,0,100.0,4343.0,1363,6785,538,15.691918029012204,78.11420676951415,6.193875201473635,export,-318.84296569191804,-496.0,-514.0,-514.0,-72.0,200.0,21.547778033617316,340.39074372553534,137.31768158473955,435.76035372144435,300.0,518.0,518.0,514.0,-61.55269607952085,-95.75289575289575,-99.22779922779922,38.61003861003861,26.509204939138908,84.12362040954523,100.0,99.22779922779922,,,,,,,93.58200000000001,1478.3170000000002,-1384.7350000000001,1571.8990000000001,242,40.12435233160622,49.80428275385678,0.0,0.0,0.0,0.0,181.5,1.0,export,78.11420676951415,-62.422288740501955,62.422288740501955,export,mostly_export
INTIFA2,2021,IFA2 (INTIFA2),FRANCE,1626,2021-07-01 00:00:00+00:00,2021-12-31 23:30:00+00:00,8819,8832,13,99.85280797101449,4409.5,6595,2217,7,74.78172128359223,25.138904637714028,0.07937407869372945,import,456.47511055675244,720.0,-950.0,-2.0,968.0,992.0,590.7227576822769,134.24764712552442,789.9293404094011,534.0234551195309,996.0,1028.0,1028.0,994.0,28.07350003424062,44.28044280442804,-58.42558425584256,61.00861008610086,48.581140246580624,32.84277091756033,63.22263222632226,61.131611316113165,,,,,,,2604.7920000000004,591.965,2012.827,3196.757,235,38.319556109160914,80.26987186755868,4.206826170767661,0.0,0.0,4.206826170767661,1.5,1.0,import,74.78172128359223,49.642816645878206,49.642816645878206,import,mostly_import
INTIFA2,2022,IFA2 (INTIFA2),FRANCE,1626,2022-01-01 00:00:00+00:00,2022-12-31 23:30:00+00:00,17503,17520,17,99.90296803652969,8751.5,4029,13464,10,23.01891104382106,76.92395589327545,0.05713306290350225,export,-443.1470033708507,-754.0,-1030.0,-1028.0,-2.0,990.0,142.18419699480089,585.3312003656516,617.6842889054356,760.9218657159834,994.0,1626.0,1626.0,1030.0,-27.25381324543977,-46.371463714637144,-63.34563345633456,60.88560885608856,37.98796364732076,46.7971627131601,100.0,63.34563345633456,,,,,,,1244.3250000000003,5122.526,-3878.2010000000005,6366.851000000001,539,44.3038986243507,72.74752899502943,37.36502313889047,0.005713306290350225,0.0,37.36502313889047,0.5,1.0,export,76.92395589327545,-53.905044849454384,53.905044849454384,export,mostly_export
INTIFA2,2023,IFA2 (INTIFA2),FRANCE,1626,2023-01-01 00:00:00+00:00,2023-12-31 23:30:00+00:00,17518,17520,2,99.98858447488584,8759.0,11658,5833,27,66.54869277314762,33.29718004338395,0.1541271834684325,import,357.12307341020664,364.0,-592.3,-4.0,890.0,992.0,434.1791300376755,77.05605662746889,652.4232286841653,231.419166809532,1398.0,1030.0,1398.0,992.0,21.96328864761419,22.386223862238623,-36.426814268142685,61.00861008610086,40.12442980837426,14.232421082997044,85.97785977859779,61.00861008610086,,,,,,,3802.9750000000004,674.9340000000001,3128.041,4477.909,673,55.31822592613734,50.65646763329147,1.0160977280511474,0.0,0.011416828405069072,1.0046808996460783,1.5,1.0,import,66.54869277314762,33.25151272976367,33.25151272976367,import,mostly_import
INTIFA2,2024,IFA2 (INTIFA2),FRANCE,1626,2024-01-01 00:00:00+00:00,2024-12-31 23:30:00+00:00,17568,17568,0,100.0,8784.0,10257,7304,7,58.384562841530055,41.57559198542805,0.039845173041894354,import,472.661543715847,490.0,-6.0,-2.0,992.0,992.0,490.6197632058288,17.958219489981786,840.3244613434728,43.194140197152244,1178.0,1030.0,1178.0,992.0,29.06897562828087,30.13530135301353,-0.36900369003690037,61.00861008610086,51.68047117733535,2.656466186786731,72.44772447724476,61.00861008610086,,,,,,,4309.604,157.745,4151.8589999999995,4467.349,200,16.394375818295668,51.064435336976324,0.44968123861566484,0.0,0.022768670309653915,0.426912568306011,1.0,1.0,import,58.384562841530055,16.808970856102007,16.808970856102007,import,mostly_import
INTIFA2,2025,IFA2 (INTIFA2),FRANCE,1626,2025-01-01 00:00:00+00:00,2025-12-31 23:30:00+00:00,17520,17520,0,100.0,8760.0,13922,3584,14,79.4634703196347,20.456621004566212,0.07990867579908677,import,651.886301369863,984.0,-176.0,251.5,992.0,992.0,683.2127853881278,31.32648401826484,859.7822151989657,153.13616071428572,1156.0,1028.0,1156.0,992.0,40.09140844833106,60.51660516605166,-10.824108241082412,61.00861008610086,52.87713500608645,9.417968063609209,71.09471094710948,61.00861008610086,,,,,,,5984.944,274.42,5710.523999999999,6259.364,276,22.686226382784405,72.77397260273972,0.7705479452054794,0.0,0.017123287671232876,0.7534246575342466,1.0,1.0,import,79.4634703196347,59.00684931506848,59.00684931506848,import,mostly_import
INTIFA2,2026,IFA2 (INTIFA2),FRANCE,1626,2026-01-01 00:00:00+00:00,2026-06-30 22:30:00+00:00,8686,8686,0,100.0,4343.0,7646,1038,2,88.02670964770896,11.950264793921253,0.023025558369790467,import,751.169928620769,992.0,-4.0,630.0,992.0,992.0,764.5742574257425,13.40432880497352,868.5707559508239,112.16763005780346,996.0,1028.0,1028.0,992.0,46.19741258430314,61.00861008610086,-0.24600246002460024,61.00861008610086,53.41763566733234,6.898378232337238,63.22263222632226,61.00861008610086,,,,,,,3320.5460000000003,58.215,3262.331,3378.761,103,17.077720207253886,79.63389362192032,0.0690766751093714,0.0,0.0,0.0690766751093714,0.5,1.0,import,88.02670964770896,76.0764448537877,76.0764448537877,import,mostly_import
INTIRL,2021,Northern Ireland(Moyle),IRELAND,682,2021-07-01 00:00:00+00:00,2021-12-31 23:30:00+00:00,8819,8832,13,99.85280797101449,4409.5,3383,5169,267,38.36035831726953,58.61208753826964,3.027554144460823,export,-93.30332237215104,-100.0,-456.0,-388.0,172.0,384.0,85.99274294137658,179.2960653135276,224.17085427135677,305.90288256916233,404.0,458.0,458.0,456.0,-13.680839057500151,-14.66275659824047,-66.86217008797654,56.30498533724341,32.86962672600539,44.85379509811764,67.15542521994135,66.86217008797654,,,,,,,379.18500000000006,790.606,-411.421,1169.791,497,81.04178462235308,0.0,0.0,0.0,0.0,0.0,132.0,1.0,export,58.61208753826964,-20.25172922100011,20.25172922100011,export,mostly_export
INTIRL,2022,Northern Ireland(Moyle),IRELAND,682,2022-01-01 00:00:00+00:00,2022-12-31 23:30:00+00:00,17503,17520,17,99.90296803652969,8751.5,9514,6557,1432,54.35639604639205,37.462149345826425,8.181454607781523,import,31.68382562989202,32.0,-452.0,-162.0,246.0,400.0,122.70410786722276,91.02028223733075,225.73996216102586,242.9659905444563,682.0,506.0,682.0,452.0,4.645722233121997,4.69208211143695,-66.27565982404691,58.65102639296188,33.09970119663136,35.62551181003759,100.0,66.27565982404691,,,,,,,1073.845,796.5640000000001,277.281,1870.409,1033,84.90895599063873,0.0685596754842027,0.0,0.0,0.0,0.0,298.5,1.0,import,54.35639604639205,16.894246700565624,16.894246700565624,import,mostly_import
INTIRL,2023,Northern Ireland(Moyle),IRELAND,682,2023-01-01 00:00:00+00:00,2023-12-31 23:30:00+00:00,17518,17520,2,99.98858447488584,8759.0,3599,13705,214,20.544582714921795,78.23381664573581,1.2216006393423906,export,-231.98492978650532,-356.0,-452.0,-452.0,-60.0,388.0,48.161205617079574,280.1461354035849,234.4228952486802,358.0882889456403,400.0,454.0,454.0,452.0,-34.015385599194325,-52.19941348973607,-66.27565982404691,56.89149560117303,34.3728585408622,52.50561421490326,66.56891495601172,66.27565982404691,,,,,,,421.84400000000005,2453.8,-2031.956,2875.6440000000002,634,52.11256350248302,0.0,0.0,0.0,0.0,0.0,32.0,1.0,export,78.23381664573581,-57.68923393081402,57.68923393081402,export,mostly_export
INTIRL,2024,Northern Ireland(Moyle),IRELAND,682,2024-01-01 00:00:00+00:00,2024-12-31 23:30:00+00:00,17568,17568,0,100.0,8784.0,2131,15193,244,12.130009107468123,86.48110200364299,1.3888888888888888,export,-284.4504781420765,-380.0,-452.0,-452.0,-228.0,294.0,28.354394353369763,312.80487249544626,233.754106053496,361.703152767722,400.0,456.0,456.0,452.0,-41.70828125250388,-55.718475073313776,-66.27565982404691,43.10850439882698,34.27479560901701,53.035652898492955,66.86217008797654,66.27565982404691,,,,,,,249.065,2747.678,-2498.6130000000003,2996.743,428,35.08396425115273,0.0,0.0,0.0,0.0,0.0,64.0,1.0,export,86.48110200364299,-74.35109289617486,74.35109289617486,export,mostly_export
INTIRL,2025,Northern Ireland(Moyle),IRELAND,682,2025-01-01 00:00:00+00:00,2025-12-31 23:30:00+00:00,17520,17520,0,100.0,8760.0,1790,13791,1939,10.21689497716895,78.71575342465754,11.067351598173516,export,-255.00422374429223,-344.0,-452.0,-452.0,-34.0,138.09999999999854,16.176141552511414,271.18036529680364,158.32737430167597,344.50583714016386,400.0,592.0,592.0,452.0,-37.39064864285809,-50.43988269794721,-66.27565982404691,20.249266862169875,23.21515752223988,50.51405236659294,86.80351906158357,66.27565982404691,,,,,,,141.703,2375.54,-2233.837,2517.2430000000004,460,37.810377304640674,0.01141552511415525,0.0,0.0,0.0,0.0,98.5,1.0,export,78.71575342465754,-68.49885844748859,68.49885844748859,export,mostly_export
INTIRL,2026,Northern Ireland(Moyle),IRELAND,682,2026-01-01 00:00:00+00:00,2026-06-30 22:30:00+00:00,8686,8686,0,100.0,4343.0,1071,6452,1163,12.330186507022797,74.28045130094405,13.389362192033158,export,-246.68961547317522,-342.0,-452.0,-452.0,0.0,156.0,14.512548929311535,261.20216440248674,117.69934640522875,351.64321140731556,296.0,486.0,486.0,452.0,-36.17149786996704,-50.146627565982406,-66.27565982404691,22.87390029325513,17.257968681118584,51.56058818289084,71.26099706744868,66.27565982404691,,,,,,,63.02799999999999,1134.4009999999998,-1071.373,1197.429,240,39.79274611398964,0.0,0.0,0.0,0.0,0.0,107.0,1.0,export,74.28045130094405,-61.95026479392126,61.95026479392126,export,mostly_export
INTNED,2021,Netherlands(BritNed),NETHERLANDS,1402,2021-07-01 00:00:00+00:00,2021-12-31 23:30:00+00:00,8819,8832,13,99.85280797101449,4409.5,8155,366,298,92.4708016781948,4.15013040027214,3.3790679215330535,import,755.0910534074158,902.0,0.0,644.0,1030.0,1052.0,769.4124050345844,14.321351627168614,832.059840588596,345.08196721311475,1196.0,1014.0,1196.0,1052.0,53.85813505045762,64.33666191155493,0.0,75.03566333808844,59.34806280945763,24.613549729894068,85.30670470756063,75.03566333808844,,,,,,,3392.724,63.150000000000006,3329.574,3455.874,142,23.154795606386593,81.61923120535208,37.16974713686359,0.0,37.14706882866538,0.022678308198208413,9.5,1.0,import,92.4708016781948,88.32067127792266,88.32067127792266,import,mostly_import
INTNED,2022,Netherlands(BritNed),NETHERLANDS,1402,2022-01-01 00:00:00+00:00,2022-12-31 23:30:00+00:00,17503,17520,17,99.90296803652969,8751.5,10014,6418,1071,57.21304919156716,36.66799977146775,6.1189510369650915,import,165.6130948980175,252.0,-1048.0,-468.0,900.0,1054.0,412.104210706736,246.49111580871852,720.2975833832635,672.2240573387348,1062.0,1076.0,1076.0,1056.0,11.812631590443473,17.97432239657632,-74.75035663338089,75.17831669044223,51.376432480974564,47.94750765611518,76.7475035663338,75.320970042796,,,,,,,3606.5300000000007,2157.1670000000004,1449.363,5763.697,769,63.209087276671035,65.58304290693025,30.126264069016738,0.0,19.328115180254812,10.798148888761927,25.0,1.0,import,57.21304919156716,20.54504942009941,20.54504942009941,import,mostly_import
INTNED,2023,Netherlands(BritNed),NETHERLANDS,1402,2023-01-01 00:00:00+00:00,2023-12-31 23:30:00+00:00,17518,17520,2,99.98858447488584,8759.0,11432,5119,967,65.25859116337482,29.22137230277429,5.520036533850896,import,305.42756022376983,476.0,-994.0,-218.0,988.0,1050.0,486.58682498002054,181.1592647562507,745.6287613715886,619.9546786481735,1402.0,1076.0,1402.0,1052.0,21.785132683578446,33.951497860199716,-70.89871611982882,74.89300998573466,53.18322121052699,44.21930660828627,100.0,75.03566333808844,,,,,,,4262.014,1586.7740000000001,2675.24,5848.7880000000005,755,62.05833666305154,67.22799406324923,28.690489781938577,0.0,23.918255508619705,4.772234273318872,107.5,1.0,import,65.25859116337482,36.037218860600525,36.037218860600525,import,mostly_import
INTNED,2024,Netherlands(BritNed),NETHERLANDS,1402,2024-01-01 00:00:00+00:00,2024-12-31 23:30:00+00:00,17568,17568,0,100.0,8784.0,9030,5071,3467,51.400273224043715,28.864981785063755,19.734744990892533,import,180.47165300546447,2.0,-1014.0,-212.0,854.0,1028.0,367.8787568306011,187.4071038251366,715.7136212624584,649.2541904949715,1098.0,1080.0,1098.0,1034.0,12.872443153028849,0.14265335235378032,-72.32524964336662,73.32382310984308,51.04947369917678,46.309143401923784,78.3166904422254,73.75178316690443,,,,,,,3231.447,1646.1840000000002,1585.263,4877.631,866,70.98764729322023,55.86293260473588,24.499089253187613,0.0,17.57172131147541,6.927367941712204,127.0,1.0,import,51.400273224043715,22.53529143897996,22.53529143897996,import,mostly_import
INTNED,2025,Netherlands(BritNed),NETHERLANDS,1402,2025-01-01 00:00:00+00:00,2025-12-31 23:30:00+00:00,17520,17520,0,100.0,8760.0,8278,7250,1992,47.24885844748859,41.381278538812786,11.36986301369863,import,50.19429223744292,0.0,-1040.0,-596.0,784.0,1042.0,332.26552511415525,282.0712328767123,703.2244503503262,681.639724137931,1080.0,1092.0,1092.0,1054.0,3.5801920283482827,0.0,-74.17974322396577,74.32239657631953,50.15866264980929,48.619095872890945,77.88873038516405,75.17831669044223,,,,,,,2910.6459999999997,2470.9440000000004,439.702,5381.59,940,77.2646840573092,60.736301369863014,28.647260273972602,0.0,17.442922374429223,11.204337899543379,61.5,1.0,import,47.24885844748859,5.8675799086758005,5.8675799086758005,import,mixed
INTNED,2026,Netherlands(BritNed),NETHERLANDS,1402,2026-01-01 00:00:00+00:00,2026-06-30 22:30:00+00:00,8686,8686,0,100.0,4343.0,4985,3270,431,57.39120423670274,37.64678793460741,4.9620078286898455,import,170.55031084503798,306.0,-1056.0,-547.5,952.0,1058.0,433.63205157725076,263.0817407322128,755.5723169508526,698.8159021406727,1078.0,1094.0,1094.0,1066.0,12.164786793511983,21.82596291012839,-75.320970042796,75.46362339514978,53.892461979376066,49.844215559249136,78.03138373751783,76.0342368045649,,,,,,,1883.2639999999997,1142.564,740.7,3025.828,483,80.08290155440415,69.82500575638959,33.97421137462583,0.0,22.691687773428505,11.28252360119733,107.5,1.0,import,57.39120423670274,19.74441630209533,19.74441630209533,import,mostly_import
INTNEM,2021,Belgium (Nemolink),BELGIUM,1366,2021-07-01 00:00:00+00:00,2021-12-31 23:30:00+00:00,8819,8832,13,99.85280797101449,4409.5,8144,489,186,92.34607098310465,5.544846354461956,2.1090826624333823,import,730.9783422156708,854.0,-66.19999999999993,686.0,1000.0,1020.0,755.3845107155006,24.406168499829914,817.9931237721022,440.159509202454,1020.0,1020.0,1020.0,1020.0,53.51232373467575,62.51830161054173,-4.846266471449482,74.67057101024889,59.88236630835301,32.22251165464524,74.67057101024889,74.67057101024889,,,,,,,3330.8679999999995,107.619,3223.2490000000003,3438.487,158,25.763786660627336,84.83955096949768,28.41592017235514,0.0,28.34788524776052,0.06803492459462525,76.5,1.0,import,92.34607098310465,86.8012246286427,86.8012246286427,import,mostly_import
INTNEM,2022,Belgium (Nemolink),BELGIUM,1366,2022-01-01 00:00:00+00:00,2022-12-31 23:30:00+00:00,17503,17520,17,99.90296803652969,8751.5,9400,7739,364,53.70507912929212,44.21527738102039,2.079643489687482,import,75.1127235331086,118.0,-1020.0,-658.0,818.0,1000.0,368.7435296806262,293.63080614751755,686.6082978723405,664.0935521385192,1020.0,1024.0,1024.0,1020.0,5.498735251325667,8.638360175695462,-74.67057101024889,73.20644216691069,50.26415064951247,48.61592621804679,74.96339677891655,74.67057101024889,,,,,,,3227.059,2569.71,657.3490000000002,5796.769,737,60.578800159826464,67.77123921613438,24.750042849797175,0.0,12.87207907215906,11.877963777638119,56.5,1.0,import,53.70507912929212,9.48980174827173,9.48980174827173,import,mostly_import
INTNEM,2023,Belgium (Nemolink),BELGIUM,1366,2023-01-01 00:00:00+00:00,2023-12-31 23:30:00+00:00,17518,17520,2,99.98858447488584,8759.0,12173,4509,836,69.48852608745291,25.739239639228224,4.772234273318872,import,340.2985500627926,422.0,-766.0,-24.0,886.0,1000.0,454.7664116908323,114.46786162803973,654.4482050439498,444.7212242182302,1020.0,1022.0,1022.0,1018.0,24.912046124655387,30.89311859443631,-56.07613469985358,73.20644216691069,47.909824673788414,32.55645858112959,74.81698389458272,74.52415812591508,,,,,,,3983.299,1002.624,2980.675,4985.923,954,78.4154346709287,56.35346500742094,17.119534193401073,0.0,15.61822125813449,1.5013129352665828,200.0,1.0,import,69.48852608745291,43.74928644822469,43.74928644822469,import,mostly_import
INTNEM,2024,Belgium (Nemolink),BELGIUM,1366,2024-01-01 00:00:00+00:00,2024-12-31 23:30:00+00:00,17568,17568,0,100.0,8784.0,13630,3622,316,77.58424408014571,20.61703096539162,1.7987249544626593,import,473.9141621129326,701.0,-830.0,80.0,1000.0,1020.0,577.3705601092896,103.45639799635701,744.1853264856933,501.8006626173385,1366.0,1024.0,1366.0,1020.0,34.69356970080033,51.31771595900439,-60.76134699853587,74.67057101024889,54.47916006483847,36.735041187213646,100.0,74.67057101024889,,,,,,,5071.623,908.761,4162.861999999999,5980.384,831,68.11863152501849,68.7044626593807,27.851775956284154,0.0,25.159380692167577,2.6923952641165756,112.0,1.0,import,77.58424408014571,56.96721311475409,56.96721311475409,import,mostly_import
INTNEM,2025,Belgium (Nemolink),BELGIUM,1366,2025-01-01 00:00:00+00:00,2025-12-31 23:30:00+00:00,17520,17520,0,100.0,8760.0,10958,6181,381,62.545662100456624,35.279680365296805,2.1746575342465753,import,227.2570776255708,346.0,-1016.0,-306.0,888.5,1016.0,427.44794520547947,200.19086757990868,683.4174119364848,567.4395728846465,1020.0,1024.0,1024.0,1020.0,16.63668211021748,25.329428989751097,-74.37774524158127,74.37774524158127,50.03055724278805,41.540232275596374,74.96339677891655,74.67057101024889,,,,,,,3744.4440000000004,1753.672,1990.7720000000002,5498.116,976,80.22375706375934,63.37899543378995,18.664383561643834,0.0,12.808219178082192,5.856164383561644,118.0,1.0,import,62.545662100456624,27.26598173515982,27.26598173515982,import,mostly_import
INTNEM,2026,Belgium (Nemolink),BELGIUM,1366,2026-01-01 00:00:00+00:00,2026-06-30 22:30:00+00:00,8686,8686,0,100.0,4343.0,5911,2745,30,68.05203776191573,31.602578862537417,0.345383375546857,import,295.24798526364265,482.0,-1020.0,-227.5,972.0,1016.0,480.5742574257426,185.32627216209994,706.1864320757909,586.4276867030966,1034.0,1044.0,1044.0,1020.0,21.614054558099756,35.28550512445095,-74.67057101024889,74.37774524158127,51.69739619881337,42.93028453170546,76.42752562225475,74.67057101024889,,,,,,,2087.134,804.8720000000001,1282.2620000000002,2892.0060000000003,491,81.40932642487046,67.24614321897306,15.634354133087728,0.0,9.164172231176607,6.470181901911122,3.0,1.0,import,68.05203776191573,36.449458899378314,36.449458899378314,import,mostly_import
INTNSL,2021,North Sea Link (INTNSL),NORWAY2,1846,2021-10-01 23:00:00+00:00,2021-12-31 23:30:00+00:00,4357,4370,13,99.7025171624714,2178.5,4165,173,19,95.59329814092266,3.970621987606151,0.4360798714711958,import,623.905898554051,694.0,21.600000000000023,694.0,694.0,698.0,633.1774156529722,9.271517098921276,662.365906362545,233.5028901734104,698.0,738.0,738.0,698.0,33.79771931495401,37.594799566630556,1.1700975081256784,37.81148429035753,35.88114335658424,12.649127311669035,39.978331527627304,37.81148429035753,,,,,,,1379.3770000000002,20.198,1359.179,1399.575,38,12.524605172808423,90.383291255451,0.0,0.0,0.0,0.0,2.5,1.0,import,95.59329814092266,91.6226761533165,91.6226761533165,import,mostly_import
INTNSL,2022,North Sea Link (INTNSL),NORWAY2,1846,2022-01-01 00:00:00+00:00,2022-12-31 23:30:00+00:00,17503,17520,17,99.90296803652969,8751.5,11239,6117,147,64.21184939724618,34.94829457807233,0.8398560246814832,import,317.7932925784151,626.0,-1100.0,-246.0,1048.0,1260.0,518.7327886648003,200.9394960863852,807.8458937627903,574.9622363903875,1846.0,1280.0,1846.0,1260.0,17.215237951160084,33.91115926327194,-59.58829902491875,68.25568797399784,43.761966075990806,31.146383336424023,100.0,68.25568797399784,,,,,,,4539.6900000000005,1758.5220000000002,2781.168,6298.2119999999995,512,42.0845938695131,72.51328343712507,34.434097011940814,0.01142661258070045,26.875392789807464,7.558704222133349,8.5,1.0,import,64.21184939724618,29.263554819173855,29.263554819173855,import,mostly_import
INTNSL,2023,North Sea Link (INTNSL),NORWAY2,1846,2023-01-01 00:00:00+00:00,2023-12-31 23:30:00+00:00,17518,17520,2,99.98858447488584,8759.0,15457,1451,610,88.23495832857631,8.282909007877612,3.482132663546067,import,973.7035049663203,1256.0,-292.0,872.0,1398.0,1400.0,1020.925676447083,47.22217148076265,1157.0535032671282,570.1157822191592,1400.0,1454.0,1454.0,1400.0,52.746668741404136,68.03900325027085,-15.81798483206934,75.83965330444204,62.6789546731922,30.883845190637015,78.76489707475623,75.83965330444204,,,,,,,8942.288,413.619,8528.669,9355.907,226,18.576402762714764,86.0486356890056,74.66605776915173,0.0,72.53681927160635,2.1292384975453817,251.5,1.0,import,88.23495832857631,79.9520493206987,79.9520493206987,import,mostly_import
INTNSL,2024,North Sea Link (INTNSL),NORWAY2,1846,2024-01-01 00:00:00+00:00,2024-12-31 23:30:00+00:00,17568,17568,0,100.0,8784.0,15936,1073,559,90.7103825136612,6.107695810564663,3.1819216757741344,import,1095.499203096539,1398.0,-20.0,998.0,1398.0,1400.0,1127.6632513661202,32.16404826958106,1243.1468373493976,526.6150978564772,1474.0,1454.0,1474.0,1400.0,59.344485541524335,75.73131094257855,-1.0834236186348862,75.83965330444204,67.34273225077993,28.52736174737146,79.84832069339112,75.83965330444204,,,,,,,9905.394,282.529,9622.865,10187.923,200,16.394375818295668,88.11475409836066,75.44398907103826,0.0,74.21448087431693,1.2295081967213115,269.0,1.0,import,90.7103825136612,84.60268670309654,84.60268670309654,import,mostly_import
INTNSL,2025,North Sea Link (INTNSL),NORWAY2,1846,2025-01-01 00:00:00+00:00,2025-12-31 23:30:00+00:00,17520,17520,0,100.0,8760.0,15605,1372,543,89.06963470319634,7.831050228310503,3.099315068493151,import,1023.4210045662101,1396.0,-434.0999999999999,910.0,1398.0,1398.0,1077.0114155251142,53.59041095890411,1209.1791092598526,684.332361516035,1420.0,1454.0,1454.0,1398.0,55.439924407703685,75.62296858071505,-23.515709642470203,75.73131094257855,65.5026603066009,37.071092173132996,78.76489707475623,75.73131094257855,,,,,,,9434.62,469.452,8965.168000000001,9904.072,198,16.27490153547577,88.8013698630137,67.90525114155251,0.0,65.587899543379,2.317351598173516,266.5,1.0,import,89.06963470319634,81.23858447488584,81.23858447488584,import,mostly_import
INTNSL,2026,North Sea Link (INTNSL),NORWAY2,1846,2026-01-01 00:00:00+00:00,2026-06-30 22:30:00+00:00,8686,8686,0,100.0,4343.0,5858,2811,17,67.44186046511628,32.3624222887405,0.19571724614321898,import,444.0322357817177,798.0,-1454.0,-331.5,1398.0,1398.0,722.6343541330878,278.60211835137,1071.492318197337,860.8815368196372,1398.0,1454.0,1454.0,1454.0,24.053750584058378,43.228602383531964,-78.76489707475623,75.73131094257855,58.04400423604209,46.63496949185466,78.76489707475623,78.76489707475623,,,,,,,3138.4010000000003,1209.969,1928.432,4348.37,208,34.487046632124354,78.70135850794382,60.039143449228646,0.0,43.967303707114894,16.071839742113745,1.0,1.0,import,67.44186046511628,35.07943817637578,35.07943817637578,import,mostly_import
INTVKL,2023,Denmark (Viking link),DENMARK1,2480,2023-12-30 00:00:00+00:00,2023-12-31 23:30:00+00:00,96,96,0,100.0,48.0,96,0,0,100.0,0.0,0.0,import,646.3125,702.0,293.0,578.0,770.0,774.0,646.3125,0.0,646.3125,,774.0,0.0,774.0,774.0,26.060987903225808,28.306451612903228,11.814516129032258,31.209677419354836,26.060987903225808,,31.209677419354836,31.209677419354836,,,,,,,31.023,0.0,31.023,31.023,0,0.0,83.33333333333334,0.0,0.0,0.0,0.0,0.0,1.0,import,100.0,100.0,100.0,import,mostly_import
INTVKL,2024,Denmark (Viking link),DENMARK1,2480,2024-01-01 00:00:00+00:00,2024-12-31 23:30:00+00:00,17568,17568,0,100.0,8784.0,11397,4507,1664,64.87363387978142,25.65459927140255,9.47176684881603,import,416.9627732240437,602.0,-1028.0,-24.0,988.5,1422.0,575.3295765027323,158.36680327868854,886.8465385627796,617.3037497226536,1436.0,1456.0,1456.0,1422.0,16.8130150493566,24.274193548387096,-41.4516129032258,57.33870967741935,35.75994107107982,24.891280230752162,58.70967741935483,57.33870967741935,,,,,,,5053.695,1391.094,3662.6009999999997,6444.789000000001,738,60.49524676951102,67.89617486338798,27.601320582877957,0.0,22.14253187613843,5.458788706739527,272.0,1.0,import,64.87363387978142,39.21903460837888,39.21903460837888,import,mostly_import
INTVKL,2025,Denmark (Viking link),DENMARK1,2480,2025-01-01 00:00:00+00:00,2025-12-31 23:30:00+00:00,17520,17520,0,100.0,8760.0,10609,6172,739,60.55365296803653,35.22831050228311,4.218036529680366,import,290.45559360730596,463.0,-1092.0,-458.0,990.0,1424.0,542.9811643835617,252.5255707762557,896.6943161466679,716.8256642903435,2480.0,1454.0,2480.0,1424.0,11.711919097068787,18.66935483870968,-44.03225806451613,57.41935483870968,36.157028876881775,28.90426065686869,100.0,57.41935483870968,,,,,,,4756.515,2212.1240000000003,2544.3909999999996,6968.639,716,58.85267423939722,73.20205479452055,32.95662100456621,0.01141552511415525,19.931506849315067,13.025114155251142,323.0,1.0,import,60.55365296803653,25.325342465753423,25.325342465753423,import,mostly_import
INTVKL,2026,Denmark (Viking link),DENMARK1,2480,2026-01-01 00:00:00+00:00,2026-06-30 22:30:00+00:00,8686,8686,0,100.0,4343.0,4819,3189,678,55.48008289201013,36.7142528206309,7.805664287358968,import,212.69352981809809,228.0,-1174.5,-566.0,992.0,1426.0,504.09509555606724,291.4015657379691,908.6055198173894,793.7014738162434,1430.0,1454.0,1454.0,1426.0,8.576352008794277,9.193548387096774,-47.358870967741936,57.49999999999999,36.637319347475376,32.00409168613884,58.62903225806452,57.49999999999999,,,,,,,2189.285,1265.5570000000002,923.728,3454.842,377,62.50777202072538,70.11282523601197,37.87704351830532,0.0,21.7361271010822,16.140916417223117,324.0,1.0,import,55.48008289201013,18.765830071379234,18.765830071379234,import,mostly_import
TOTAL_GB_INTERCONNECTORS,2021,GB interconnector fleet total,Fleet,14398,2021-07-01 00:00:00+00:00,2021-12-31 23:30:00+00:00,8832,8832,0,100.0,4416.0,8234,584,14,93.22916666666666,6.61231884057971,0.1585144927536232,import,2768.766757246377,3218.0,-289.79999999999995,1814.0,3896.0,4648.0,2825.9884510869565,57.22169384057971,3031.227835802769,865.3801369863014,5690.0,3306.0,5690.0,4648.0,19.230217788903854,22.350326434226975,-2.0127795527156542,32.282261425197945,21.05311734826204,6.010419065052795,39.51937769134602,32.282261425197945,9192.460144927536,31.16088523454402,33.986600870756554,8.626412134188014,6.484488224637682,3.515511775362319,12479.565000000002,252.691,12226.874000000002,12732.256000000001,168,27.3944060695278,93.72735507246377,87.11503623188406,80.33288043478261,84.81657608695652,2.2984601449275366,1.5,1.0,import,93.22916666666666,86.61684782608695,86.61684782608695,import,mostly_import
TOTAL_GB_INTERCONNECTORS,2022,GB interconnector fleet total,Fleet,14398,2022-01-01 00:00:00+00:00,2022-12-31 23:30:00+00:00,17520,17520,0,100.0,8760.0,7490,10006,24,42.75114155251142,57.11187214611873,0.136986301369863,export,-484.0117579908676,-730.0,-4860.0,-3032.0,1838.5,4620.0,1063.7936073059361,1547.8053652968038,2488.339652870494,2710.1289226464123,6668.0,6360.0,6668.0,5222.0999999999985,-3.3616596610006075,-5.07014863175441,-33.7546881511321,32.087789970829284,17.282536830604904,18.822954039772274,46.31198777608001,36.26962078066397,10892.921232876712,-3.817409373650166,23.603045577777877,24.34568535324357,7.598573059360731,2.4014269406392694,9318.832,13558.775000000001,-4239.943000000001,22877.607000000004,574,47.18077515839945,90.57648401826484,80.16552511415526,69.91438356164383,33.19063926940639,46.97488584474886,1.5,1.0,export,57.11187214611873,-14.360730593607308,14.360730593607308,export,mostly_export
TOTAL_GB_INTERCONNECTORS,2023,GB interconnector fleet total,Fleet,14398,2023-01-01 00:00:00+00:00,2023-12-31 23:30:00+00:00,17520,17520,0,100.0,8760.0,14206,3303,11,81.08447488584474,18.852739726027398,0.06278538812785388,import,2667.165410958904,3010.0,-2340.0,702.0,4940.0,6408.0999999999985,2977.9779680365295,310.81255707762557,3672.6857665775024,1648.6333636088405,8064.0,5900.0,8064.0,6408.0999999999985,18.52455487539175,20.905681344631198,-16.252257257952493,44.50687595499374,25.50830508805044,11.450433140775388,56.00777885817475,44.50687595499374,11412.287671232876,23.35692638326415,32.16418811009622,14.458922164700443,8.004566210045661,1.995433789954338,26087.087,2722.718,23364.369,28809.805,582,47.838346937610595,91.92922374429223,83.98401826484019,76.26141552511415,72.20890410958904,11.775114155251142,1.5,1.0,import,81.08447488584474,62.23173515981735,62.23173515981735,import,mostly_import
TOTAL_GB_INTERCONNECTORS,2024,GB interconnector fleet total,Fleet,14398,2024-01-01 00:00:00+00:00,2024-12-31 23:30:00+00:00,17568,17568,0,100.0,8784.0,15968,1600,0,90.89253187613843,9.107468123861565,0.0,import,3790.9056238615667,4294.0,-1154.0,2400.0,5656.5,7040.0,3948.433629326047,157.52800546448088,4344.068261523046,1729.6575,9148.0,7914.0,9148.0,7044.0,26.329390358810716,29.823586609251286,-8.015002083622726,48.89567995554938,30.171331167683334,12.01317891373802,63.53660230587581,48.923461591887765,13880.0,27.312000171913304,31.297321768898026,12.461509365994234,9.0,1.0,34683.041000000005,1383.726,33299.315,36066.76700000001,359,29.427904593840722,95.57718579234972,91.22836976320583,86.9137067395264,85.83219489981785,5.396174863387978,0.0,1.0,import,90.89253187613843,81.78506375227687,81.78506375227687,import,mostly_import
TOTAL_GB_INTERCONNECTORS,2025,GB interconnector fleet total,Fleet,14398,2025-01-01 00:00:00+00:00,2025-12-31 23:30:00+00:00,17520,17520,0,100.0,8760.0,15442,2076,2,88.1392694063927,11.849315068493151,0.01141552511415525,import,3327.19200913242,3652.0,-1580.0,1534.0,5456.0,7082.0,3525.5602739726028,198.36826484018266,3999.98808444502,1674.0905587668594,9230.0,6746.0,9230.0,7082.0,23.10870960642048,25.364633976941242,-10.973746353660232,49.18738713710237,27.781553579976524,11.627243775294202,64.10612585081262,49.18738713710237,14356.843835616439,23.177869309892518,27.864820559760037,11.66295220351521,9.92054794520548,0.07945205479452055,30883.907999999996,1737.7060000000001,29146.201999999997,32621.614,448,36.82401963582396,93.96118721461187,87.77397260273972,80.57648401826484,80.42808219178083,7.345890410958904,0.5,1.0,import,88.1392694063927,76.28995433789954,76.28995433789954,import,mostly_import
TOTAL_GB_INTERCONNECTORS,2026,GB interconnector fleet total,Fleet,14398,2026-01-01 00:00:00+00:00,2026-06-30 22:30:00+00:00,8686,8686,0,100.0,4343.0,7154,1529,3,82.3624222887405,17.603039373704814,0.0345383375546857,import,3145.6101772967995,3508.0,-2248.0,908.0,5764.0,7142.0,3445.2562744646557,299.64609716785634,4183.043891529214,1702.2406801831262,8724.0,7206.0,8724.0,7145.0,21.84754950199194,24.364495068759553,-15.613279622169745,49.60411168217808,29.05295104548697,11.8227578843112,60.5917488540075,49.62494790943187,14398.0,21.84754950199194,29.05295104548697,11.8227578843112,10.0,0.0,14962.748,1301.363,13661.385,16264.111,289,47.917098445595855,92.57425742574257,85.12548929311535,77.72277227722772,74.17683628827999,10.948653004835366,0.5,1.0,import,82.3624222887405,64.75938291503569,64.75938291503569,import,mostly_import
