interconnectorId,day_of_week,interconnectorName,interconnectorBiddingZone,capacity_mw,first_timestamp,last_timestamp,observations,expected_half_hours_between_first_last,missing_half_hours_between_first_last,coverage_pct_between_first_last,duration_hours,import_half_hours,export_half_hours,near_zero_half_hours,import_share_pct,export_share_pct,near_zero_share_pct,dominant_direction,mean_signed_mw,median_signed_mw,p05_signed_mw,p25_signed_mw,p75_signed_mw,p95_signed_mw,mean_import_mw,mean_export_mw,mean_import_mw_when_importing,mean_export_mw_when_exporting,max_import_mw,max_export_mw,observed_abs_peak_mw,observed_abs_p95_mw,mean_signed_pct_capacity,median_signed_pct_capacity,p05_signed_pct_capacity,p95_signed_pct_capacity,mean_import_pct_capacity_when_importing,mean_export_pct_capacity_when_exporting,observed_abs_peak_pct_capacity,observed_abs_p95_pct_capacity,mean_active_capacity_mw,mean_signed_pct_active_capacity,mean_import_pct_active_capacity_when_importing,mean_export_pct_active_capacity_when_exporting,mean_available_interconnector_count,mean_missing_interconnector_count,import_gwh,export_gwh,net_gwh,abs_flow_gwh,direction_switches_ignoring_near_zero,direction_switches_per_30d,share_abs_ge_500mw_pct,share_abs_ge_1000mw_pct,share_abs_ge_1500mw_pct,share_import_ge_1000mw_pct,share_export_ge_1000mw_pct,longest_near_zero_run_hours,deadband_mw,primary_state,primary_state_share_pct,import_export_margin_pct,abs_import_export_margin_pct,direction_bias,mostly_direction,day_name
INTELEC,0,Eleclink (INTELEC),FRANCE,1260,2022-05-30 00:00:00+00:00,2026-06-29 23:30:00+00:00,10271,71616,61345,14.341767202859696,5135.5,6983,1912,1376,67.98753772758252,18.6155194236199,13.396942848797586,import,428.98490896699445,700.0,-1013.0,0.0,996.0,998.0,546.2798169603739,117.29490799337941,803.4999283975369,630.092050209205,1002.0,1026.0,1026.0,1013.0,34.04642134658687,55.55555555555556,-80.39682539682539,79.2063492063492,63.7698355871061,50.007305572159126,81.42857142857143,80.39682539682539,,,,,,,2805.42,602.368,2203.052,3407.788,213,4.282901626754171,66.50764287800604,8.168630123649109,0.0,2.940317398500633,5.228312725148476,336.0,1.0,import,67.98753772758252,49.37201830396262,49.37201830396262,import,mostly_import,Monday
INTELEC,1,Eleclink (INTELEC),FRANCE,1260,2022-05-24 23:00:00+00:00,2026-06-30 22:30:00+00:00,10272,71904,61632,14.285714285714285,5136.0,6826,2191,1255,66.452492211838,21.32982866043614,12.217679127725857,import,397.9589174454829,666.0,-1022.0,0.0,996.0,998.0,535.4236760124611,137.4647585669782,805.7239964840317,644.4719306252853,1260.0,1028.0,1260.0,1022.0,31.58404106710181,52.85714285714286,-81.11111111111111,79.2063492063492,63.94634892730409,51.14856592264169,100.0,81.11111111111111,,,,,,,2749.9359999999997,706.019,2043.9169999999997,3455.955,201,4.025423139507391,68.33138629283489,7.992601246105919,0.0,1.8399532710280373,6.1526479750778815,332.5,1.0,import,66.452492211838,45.12266355140187,45.12266355140187,import,mostly_import,Tuesday
INTELEC,2,Eleclink (INTELEC),FRANCE,1260,2022-05-25 00:00:00+00:00,2026-06-24 23:30:00+00:00,10272,71616,61344,14.343163538873997,5136.0,6698,2319,1255,65.20638629283489,22.575934579439252,12.217679127725857,import,363.79770249221184,600.0,-1022.0,0.0,996.0,998.0,520.3368380062306,156.53913551401868,797.9844729770081,693.3893919793014,1002.0,1026.0,1026.0,1022.0,28.872833531127924,47.61904761904761,-81.11111111111111,79.2063492063492,63.33210102992127,55.03090412534138,81.42857142857143,81.11111111111111,,,,,,,2672.4500000000003,803.985,1868.4650000000001,3476.4350000000004,217,4.363331704251903,68.0101246105919,9.686526479750778,0.0,1.6452492211838003,8.041277258566979,322.5,1.0,import,65.20638629283489,42.630451713395644,42.630451713395644,import,mostly_import,Wednesday
INTELEC,3,Eleclink (INTELEC),FRANCE,1260,2022-05-26 00:00:00+00:00,2026-06-25 23:30:00+00:00,10272,71616,61344,14.343163538873997,5136.0,6783,2352,1137,66.0338785046729,22.897196261682243,11.06892523364486,import,378.6131230529595,671.0,-1022.0,0.0,996.0,998.0,535.7418224299065,157.12869937694705,811.313578062804,686.2355442176871,1102.0,1026.0,1102.0,1022.0,30.048660559758687,53.25396825396825,-81.11111111111111,79.2063492063492,64.38996651292095,54.46313842997517,87.46031746031746,81.11111111111111,,,,,,,2751.5699999999997,807.013,1944.5569999999998,3558.5829999999996,226,4.544299378621798,70.05451713395638,9.628115264797508,0.0,1.9373052959501555,7.690809968847352,459.5,1.0,import,66.0338785046729,43.13668224299066,43.13668224299066,import,mostly_import,Thursday
INTELEC,4,Eleclink (INTELEC),FRANCE,1260,2022-05-27 00:00:00+00:00,2026-06-26 23:30:00+00:00,10270,71616,61346,14.340370866845397,5135.0,6991,2112,1167,68.07205452775072,20.564751703992208,11.36319376825706,import,413.0769230769231,732.0,-1022.0,0.0,996.0,998.0,553.2603700097371,140.183446932814,812.7569732513231,681.6685606060606,1014.0,1026.0,1026.0,1022.0,32.78388278388279,58.0952380952381,-81.11111111111111,79.2063492063492,64.50452168661295,54.10067941317941,81.42857142857143,81.11111111111111,,,,,,,2840.992,719.8419999999999,2121.15,3560.8340000000003,207,4.162256510507575,70.24342745861733,8.169425511197662,0.0,1.7721518987341773,6.397273612463486,456.0,1.0,import,68.07205452775072,47.507302823758515,47.507302823758515,import,mostly_import,Friday
INTELEC,5,Eleclink (INTELEC),FRANCE,1260,2022-05-28 00:00:00+00:00,2026-06-27 23:30:00+00:00,10269,71616,61347,14.3389745308311,5134.5,7245,1686,1338,70.5521472392638,16.418346479696172,13.029506281040023,import,486.81585353977994,860.0,-908.0,0.0,996.0,998.0,589.1806407634629,102.36478722368292,835.0995169082125,623.4780545670226,1000.0,1026.0,1026.0,1000.0,38.63617885236348,68.25396825396825,-72.06349206349206,79.2063492063492,66.27773943715972,49.482385283097024,81.42857142857143,79.36507936507937,,,,,,,3025.148,525.5920000000001,2499.5560000000005,3550.7400000000007,169,3.3981707742791314,69.97760249293992,5.2780212289414745,0.0,1.5970396338494497,3.6809815950920246,332.5,1.0,import,70.5521472392638,54.133800759567634,54.133800759567634,import,mostly_import,Saturday
INTELEC,6,Eleclink (INTELEC),FRANCE,1260,2022-05-29 00:00:00+00:00,2026-06-28 23:30:00+00:00,10272,71616,61344,14.343163538873997,5136.0,7483,1466,1323,72.84852024922118,14.271806853582556,12.879672897196262,import,536.3321651090342,906.0,-804.8999999999999,0.0,996.0,998.0,613.1705607476636,76.83839563862928,841.7062675397568,538.3929058663028,1002.0,1026.0,1026.0,1000.0,42.56604484992335,71.9047619047619,-63.880952380952365,79.2063492063492,66.80208472537751,42.72959570367483,81.42857142857143,79.36507936507937,,,,,,,3149.2439999999997,394.642,2754.602,3543.886,178,3.579138448649026,69.84034267912772,5.899532710280374,0.0,3.1542056074766354,2.7453271028037385,312.0,1.0,import,72.84852024922118,58.57671339563863,58.57671339563863,import,mostly_import,Sunday
INTEW,0,Ireland(East-West),IRELAND,588,2021-07-05 00:00:00+00:00,2026-06-29 23:30:00+00:00,12524,87408,74884,14.328207944352918,6262.0,2084,6803,3637,16.64005110188438,54.319706164164806,29.040242733950816,export,-150.66544235068667,-34.0,-532.0,-438.0,0.0,341.6999999999971,37.78265729798786,188.44809964867454,227.05854126679463,346.9240041158312,504.0,536.0,536.0,532.0,-25.62337454943651,-5.782312925170068,-90.47619047619048,58.11224489795869,38.615398174624936,59.00068097208015,91.15646258503402,90.47619047619048,,,,,,,236.595,1180.062,-943.4670000000002,1416.6570000000002,373,6.145045591314196,23.61066751836474,0.0,0.0,0.0,0.0,183.0,1.0,export,54.319706164164806,-37.679655062280425,37.679655062280425,export,mostly_export,Monday
INTEW,1,Ireland(East-West),IRELAND,588,2021-07-06 00:00:00+00:00,2026-06-30 22:30:00+00:00,12519,87406,74887,14.322815367366085,6259.5,2182,6701,3636,17.429507149133315,53.52663950794791,29.043853342918762,export,-149.24307053279017,-26.0,-532.0,-482.0,0.0,376.0,41.92012141544852,191.16319194823868,240.51237396883593,357.1365467840621,504.0,588.0,588.0,532.0,-25.381474580406493,-4.421768707482993,-90.47619047619048,63.94557823129252,40.903464960686385,60.73750795647314,100.0,90.47619047619048,,,,,,,262.399,1196.586,-934.187,1458.9850000000001,380,6.260511412390596,27.006949436855983,0.0,0.0,0.0,0.0,192.0,1.0,export,53.52663950794791,-36.0971323588146,36.0971323588146,export,mostly_export,Tuesday
INTEW,2,Ireland(East-West),IRELAND,588,2021-07-07 00:00:00+00:00,2026-06-24 23:30:00+00:00,12477,87072,74595,14.329520396912901,6238.5,2301,6389,3787,18.441933157008897,51.20621944377655,30.351847399214556,export,-136.17632443696402,-10.0,-532.0,-420.0,0.0,358.0,42.14073895968582,178.31706339664984,228.50499782703173,348.23321333542026,504.0,586.0,586.0,532.0,-23.15923884982381,-1.7006802721088436,-90.47619047619048,60.8843537414966,38.8613941882707,59.22333560126195,99.65986394557824,90.47619047619048,,,,,,,262.895,1112.431,-849.5360000000001,1375.326,378,6.251449966119603,23.683577783120942,0.0,0.0,0.0,0.0,176.0,1.0,export,51.20621944377655,-32.76428628676765,32.76428628676765,export,mostly_export,Wednesday
INTEW,3,Ireland(East-West),IRELAND,588,2021-07-01 00:00:00+00:00,2026-06-25 23:30:00+00:00,12522,87408,74886,14.325919824272379,6261.0,2096,6465,3961,16.73854016930203,51.62913272640154,31.632327104296436,export,-147.20268327743173,-12.0,-532.0,-458.0,0.0,330.0,37.61891071713784,184.82159399456955,224.74427480916032,357.97927300850733,504.0,542.0,542.0,532.0,-25.034469945141446,-2.0408163265306123,-90.47619047619048,56.12244897959183,38.22181544373474,60.88082874294342,92.17687074829932,90.47619047619048,,,,,,,235.53199999999998,1157.1680000000001,-921.6360000000002,1392.6999999999998,358,5.8979257954168425,25.19565564606293,0.0,0.0,0.0,0.0,185.5,1.0,export,51.62913272640154,-34.89059255709951,34.89059255709951,export,mostly_export,Thursday
INTEW,4,Ireland(East-West),IRELAND,588,2021-07-02 00:00:00+00:00,2026-06-26 23:30:00+00:00,12525,87408,74883,14.32935200439319,6262.5,2044,6842,3639,16.31936127744511,54.626746506986024,29.05389221556886,export,-157.00215568862276,-44.0,-532.0,-476.0,0.0,362.0,39.23944111776447,196.24159680638724,240.44716242661448,359.2408652440807,504.0,536.0,536.0,532.0,-26.701046885820197,-7.482993197278912,-90.47619047619048,61.564625850340136,40.89237456234941,61.09538524559195,91.15646258503402,90.47619047619048,,,,,,,245.73700000000002,1228.9630000000002,-983.2260000000001,1474.7,344,5.667280652579312,26.339321357285428,0.0,0.0,0.0,0.0,192.0,1.0,export,54.626746506986024,-38.30738522954091,38.30738522954091,export,mostly_export,Friday
INTEW,5,Ireland(East-West),IRELAND,588,2021-07-03 00:00:00+00:00,2026-06-27 23:30:00+00:00,12522,87408,74886,14.325919824272379,6261.0,2111,6394,4017,16.858329340360964,51.062130650055906,32.079540009583134,export,-143.7914071234627,-8.0,-532.0,-456.0,0.0,344.0,38.27950806580419,182.07091518926688,227.0658455708195,356.56740694401003,504.0,536.0,536.0,532.0,-24.454320939364404,-1.3605442176870748,-90.47619047619048,58.50340136054422,38.61664040320059,60.64071546666836,91.15646258503402,90.47619047619048,,,,,,,239.668,1139.9460000000001,-900.278,1379.614,380,6.260368162732962,25.371346430282703,0.0,0.0,0.0,0.0,167.5,1.0,export,51.062130650055906,-34.20380130969494,34.20380130969494,export,mostly_export,Saturday
INTEW,6,Ireland(East-West),IRELAND,588,2021-07-04 00:00:00+00:00,2026-06-28 23:30:00+00:00,12525,87408,74883,14.32935200439319,6262.5,1956,6708,3861,15.616766467065869,53.55688622754491,30.826347305389223,export,-149.78491017964072,-26.0,-530.0,-444.0,0.0,314.0,35.42147704590818,185.2063872255489,226.81697341513294,345.8124627310674,504.0,536.0,536.0,530.0,-25.47362418021101,-4.421768707482993,-90.1360544217687,53.40136054421769,38.574315206655264,58.811643321610106,91.15646258503402,90.1360544217687,,,,,,,221.827,1159.855,-938.028,1381.682,392,6.458063999450845,24.311377245508982,0.0,0.0,0.0,0.0,167.5,1.0,export,53.55688622754491,-37.940119760479035,37.940119760479035,export,mostly_export,Sunday
INTFR,0,France(IFA),FRANCE,2630,2021-07-05 00:00:00+00:00,2026-06-29 23:30:00+00:00,12524,87408,74884,14.328207944352918,6262.0,9084,2970,470,72.53273714468222,23.71446822101565,3.7527946343021394,import,692.4693388693709,950.0,-1028.0,0.0,1502.0,2004.0,852.9862663685724,160.51692749920153,1176.0017613386174,676.8734006734006,2020.0,2072.0,2072.0,2004.0,26.32963265663007,36.12167300380228,-39.08745247148289,76.19771863117872,44.71489586838849,25.736631204311813,78.78326996197718,76.19771863117872,,,,,,,5341.4,1005.1570000000002,4336.243,6346.557,446,7.3476952646813185,76.40530182050463,53.47333120408815,28.289683807090388,46.34302139891409,7.1303098051740665,97.5,1.0,import,72.53273714468222,48.818268923666565,48.818268923666565,import,mostly_import,Monday
INTFR,1,France(IFA),FRANCE,2630,2021-07-06 00:00:00+00:00,2026-06-30 22:30:00+00:00,12519,87406,74887,14.322815367366085,6259.5,8781,3223,515,70.14138509465613,25.74486780094257,4.11374710440131,import,663.8523843757489,982.0,-1028.0,-2.0,1500.0,2002.0,833.2657560508028,169.41337167505392,1187.9801844892381,658.0471610300962,2630.0,2068.0,2630.0,2002.0,25.241535527595012,37.338403041825096,-39.08745247148289,76.12167300380229,45.17034922012312,25.020804601904796,100.0,76.12167300380229,,,,,,,5215.826999999999,1060.443,4155.384,6276.27,394,6.491161832847091,76.63551401869158,53.50267593258248,26.974998003035388,46.505311925872675,6.997364006709801,109.5,1.0,import,70.14138509465613,44.39651729371356,44.39651729371356,import,mostly_import,Tuesday
INTFR,2,France(IFA),FRANCE,2630,2021-07-07 00:00:00+00:00,2026-06-24 23:30:00+00:00,12477,87072,74595,14.329520396912901,6238.5,8579,3351,547,68.75851566883064,26.85741764847319,4.384066682696161,import,633.31826560872,928.0,-1030.0,-8.0,1478.0,2002.0,814.0158691993267,180.69760359060672,1183.876442475813,672.8033422858848,2032.0,2066.0,2066.0,2004.0,24.08054241858251,35.28517110266159,-39.163498098859314,76.12167300380229,45.01431340212217,25.58187613254315,78.5551330798479,76.19771863117872,,,,,,,5078.237999999999,1127.2820000000002,3950.956,6205.52,384,6.350679330661184,78.16782880500121,53.68277630840746,24.68542117496193,45.050893644305525,8.631882664101948,112.5,1.0,import,68.75851566883064,41.90109802035745,41.90109802035745,import,mostly_import,Wednesday
INTFR,3,France(IFA),FRANCE,2630,2021-07-01 00:00:00+00:00,2026-06-25 23:30:00+00:00,12522,87408,74886,14.325919824272379,6261.0,8896,3169,457,71.04296438268646,25.307458872384604,3.649576744928925,import,670.974285257946,977.0,-1030.0,-2.0,1502.0,2002.0,841.6086887078742,170.63440344992813,1184.6474820143885,674.2455033133481,2548.0,2056.0,2548.0,2002.0,25.512330237944713,37.14828897338403,-39.163498098859314,76.12167300380229,45.04363049484367,25.636711152598785,96.88212927756655,76.12167300380229,,,,,,,5269.312,1068.342,4200.969999999999,6337.654,381,6.276842815792786,78.69349944098387,54.759623063408405,26.736942980354577,47.02124261300112,7.738380450407282,120.0,1.0,import,71.04296438268646,45.73550551030186,45.73550551030186,import,mostly_import,Thursday
INTFR,4,France(IFA),FRANCE,2630,2021-07-02 00:00:00+00:00,2026-06-26 23:30:00+00:00,12525,87408,74883,14.32935200439319,6262.5,9084,3019,422,72.52694610778443,24.10379241516966,3.369261477045908,import,716.7675848303393,996.0,-1030.0,0.0,1502.0,2004.0,877.6734530938123,160.90586826347305,1210.1343020695729,667.554157005631,2012.0,2050.0,2050.0,2004.0,27.253520335754352,37.870722433460074,-39.163498098859314,76.19771863117872,46.012711105306956,25.382287338617147,77.9467680608365,76.19771863117872,,,,,,,5496.43,1007.673,4488.757,6504.103,403,6.639285183108903,78.59481037924152,56.5189620758483,27.928143712574848,48.79840319361278,7.720558882235529,120.0,1.0,import,72.52694610778443,48.42315369261476,48.42315369261476,import,mostly_import,Friday
INTFR,5,France(IFA),FRANCE,2630,2021-07-03 00:00:00+00:00,2026-06-27 23:30:00+00:00,12522,87408,74886,14.325919824272379,6261.0,9563,2568,391,76.3695895224405,20.50790608528989,3.1225043922696054,import,811.813128893148,1002.0,-1024.0,74.0,1506.0,2004.0,943.4619070436032,131.6487781504552,1235.3895221164908,641.9415887850467,2012.0,2050.0,2050.0,2004.0,30.867419349549355,38.09885931558936,-38.93536121673004,76.19771863117872,46.97298563180573,24.408425429089228,77.9467680608365,76.19771863117872,,,,,,,5907.015,824.2529999999999,5082.762000000001,6731.268,385,6.342741428032079,78.74940105414471,57.96198690305063,32.59064047276793,52.20412074748443,5.757866155566203,119.5,1.0,import,76.3695895224405,55.86168343715062,55.86168343715062,import,mostly_import,Saturday
INTFR,6,France(IFA),FRANCE,2630,2021-07-04 00:00:00+00:00,2026-06-28 23:30:00+00:00,12525,87408,74883,14.32935200439319,6262.5,9656,2461,408,77.0938123752495,19.64870259481038,3.25748502994012,import,829.0885429141716,1002.0,-965.5999999999999,126.0,1506.0,2004.0,955.6892614770459,126.60071856287425,1239.6445733222868,644.3210077204388,2012.0,2066.0,2066.0,2004.0,31.524279198257478,38.09885931558936,-36.7148288973384,76.19771863117872,47.13477465103752,24.49889763195585,78.5551330798479,76.19771863117872,,,,,,,5985.004,792.8370000000001,5192.167,6777.841,380,6.260368162732962,79.74451097804392,56.574850299401206,32.44710578842315,52.15968063872255,4.415169660678642,119.5,1.0,import,77.0938123752495,57.44510978043912,57.44510978043912,import,mostly_import,Sunday
INTGRNL,0,Ireland (Greenlink),IRELAND,518,2025-02-03 00:00:00+00:00,2026-06-29 23:30:00+00:00,3552,24576,21024,14.453125,1776.0,547,2900,105,15.399774774774775,81.64414414414415,2.956081081081081,export,-325.9493243243243,-512.0,-514.0,-514.0,-188.0,348.0,39.01745495495496,364.96677927927925,253.36380255941498,447.02137931034486,506.0,516.0,516.0,514.0,-62.92457998539079,-98.84169884169884,-99.22779922779922,67.18146718146718,48.911930996026065,86.29756357342565,99.61389961389962,99.22779922779922,,,,,,,69.295,648.1810000000002,-578.8860000000001,717.4760000000001,111,6.504170905391658,57.0945945945946,0.0,0.0,0.0,0.0,39.0,1.0,export,81.64414414414415,-66.24436936936938,66.24436936936938,export,mostly_export,Monday
INTGRNL,1,Ireland (Greenlink),IRELAND,518,2025-02-04 00:00:00+00:00,2026-06-30 22:30:00+00:00,3550,24574,21024,14.446162610889557,1775.0,518,2895,137,14.591549295774648,81.54929577464789,3.859154929577465,export,-334.2574647887324,-514.0,-514.0,-514.0,-176.0,200.0,26.210704225352114,360.4681690140845,179.62934362934362,442.02487046632126,506.0,516.0,516.0,514.0,-64.52846810593289,-99.22779922779922,-99.22779922779922,38.61003861003861,34.67747946512425,85.33298657650988,99.61389961389962,99.22779922779922,,,,,,,46.524,639.8310000000001,-593.3070000000001,686.355,119,6.973507508240752,53.97183098591549,0.0,0.0,0.0,0.0,37.5,1.0,export,81.54929577464789,-66.95774647887325,66.95774647887325,export,mostly_export,Tuesday
INTGRNL,2,Ireland (Greenlink),IRELAND,518,2025-02-05 00:00:00+00:00,2026-06-24 23:30:00+00:00,3504,24240,20736,14.455445544554454,1752.0,455,2985,64,12.9851598173516,85.18835616438356,1.82648401826484,export,-359.4086757990868,-514.0,-514.0,-514.0,-273.5,188.79999999999927,20.315068493150687,379.7237442922374,156.44835164835166,445.74606365159127,506.0,516.0,516.0,514.0,-69.38391424692794,-99.22779922779922,-99.22779922779922,36.44787644787631,30.202384488098776,86.05136363930333,99.61389961389962,99.22779922779922,,,,,,,35.592,665.2760000000001,-629.6840000000002,700.868,106,6.297289492140765,56.82077625570776,0.0,0.0,0.0,0.0,24.0,1.0,export,85.18835616438356,-72.20319634703196,72.20319634703196,export,mostly_export,Wednesday
INTGRNL,3,Ireland (Greenlink),IRELAND,518,2025-01-30 00:00:00+00:00,2026-06-25 23:30:00+00:00,3552,24576,21024,14.453125,1776.0,502,2967,83,14.132882882882884,83.5304054054054,2.336711711711712,export,-332.60472972972974,-502.0,-514.0,-514.0,-202.0,214.0,28.460585585585587,361.06531531531533,201.3784860557769,432.2561509942703,506.0,518.0,518.0,514.0,-64.20940728373161,-96.91119691119691,-99.22779922779922,41.312741312741316,38.876155609223346,83.44713339657729,100.0,99.22779922779922,,,,,,,50.54600000000001,641.2520000000001,-590.706,691.7980000000002,112,6.5627670396744655,51.63288288288288,0.0,0.0,0.0,0.0,24.0,1.0,export,83.5304054054054,-69.39752252252252,69.39752252252252,export,mostly_export,Thursday
INTGRNL,4,Ireland (Greenlink),IRELAND,518,2025-01-31 00:00:00+00:00,2026-06-26 23:30:00+00:00,3552,24576,21024,14.453125,1776.0,452,3025,75,12.725225225225225,85.16328828828829,2.1114864864864864,export,-352.1328828828829,-514.0,-514.0,-514.0,-280.0,200.0,27.44988738738739,379.58277027027026,215.71238938053096,445.71173553719007,506.0,516.0,516.0,514.0,-67.97932101986156,-99.22779922779922,-99.22779922779922,38.61003861003861,41.64331841322993,86.04473659019114,99.61389961389962,99.22779922779922,,,,,,,48.751,674.1390000000001,-625.3880000000001,722.8900000000001,104,6.093997965412004,56.41891891891891,0.0,0.0,0.0,0.0,24.0,1.0,export,85.16328828828829,-72.43806306306305,72.43806306306305,export,mostly_export,Friday
INTGRNL,5,Ireland (Greenlink),IRELAND,518,2025-02-01 00:00:00+00:00,2026-06-27 23:30:00+00:00,3552,24576,21024,14.453125,1776.0,447,2976,129,12.58445945945946,83.78378378378379,3.6317567567567566,export,-347.88344594594594,-514.0,-514.0,-514.0,-260.0,200.0,27.417792792792792,375.30123873873873,217.8702460850112,447.940188172043,506.0,516.0,516.0,514.0,-67.15896639883127,-99.22779922779922,-99.22779922779922,38.61003861003861,42.059893066604474,86.4749398015527,99.61389961389962,99.22779922779922,,,,,,,48.694,666.5350000000001,-617.8410000000001,715.229,82,4.804883011190234,56.19369369369369,0.0,0.0,0.0,0.0,24.0,1.0,export,83.78378378378379,-71.19932432432432,71.19932432432432,export,mostly_export,Saturday
INTGRNL,6,Ireland (Greenlink),IRELAND,518,2025-02-02 00:00:00+00:00,2026-06-28 23:30:00+00:00,3552,24576,21024,14.453125,1776.0,566,2833,153,15.934684684684687,79.75788288288288,4.3074324324324325,export,-315.2381756756757,-498.0,-514.0,-514.0,-124.0,250.0,33.62781531531532,348.865990990991,211.03533568904592,437.4062830921285,506.0,516.0,516.0,514.0,-60.85679067097986,-96.13899613899613,-99.22779922779922,48.26254826254826,40.74041229518261,84.44136739230278,99.61389961389962,99.22779922779922,,,,,,,59.723,619.5860000000001,-559.863,679.3090000000002,116,6.797151576805697,50.788288288288285,0.0,0.0,0.0,0.0,24.0,1.0,export,79.75788288288288,-63.8231981981982,63.8231981981982,export,mostly_export,Sunday
INTIFA2,0,IFA2 (INTIFA2),FRANCE,1626,2021-07-05 00:00:00+00:00,2026-06-29 23:30:00+00:00,12524,87408,74884,14.328207944352918,6262.0,7779,4733,12,62.11274353241776,37.79144043436602,0.09581603321622484,import,322.2583839029064,482.0,-1028.0,-4.0,992.0,992.0,481.3684126477164,159.11002874480997,774.9913870677465,421.0213395309529,994.0,1030.0,1030.0,1028.0,19.819088800916752,29.643296432964327,-63.22263222632226,61.00861008610086,47.6624469291357,25.893071311866716,63.34563345633456,63.22263222632226,,,,,,,3014.3290000000006,996.3470000000001,2017.982,4010.676,386,6.359216081091904,64.75566911529863,8.351964228680933,0.0,0.0,8.351964228680933,0.5,1.0,import,62.11274353241776,24.321303098051743,24.321303098051743,import,mostly_import,Monday
INTIFA2,1,IFA2 (INTIFA2),FRANCE,1626,2021-07-06 00:00:00+00:00,2026-06-30 22:30:00+00:00,12519,87406,74887,14.322815367366085,6259.5,7408,5105,6,59.174055435737685,40.77801741353143,0.04792715073088905,import,291.2114386133078,420.0,-1028.0,-6.0,992.0,992.0,464.3076923076923,173.09625369438453,784.6474082073435,424.4842311459354,1398.0,1030.0,1398.0,1028.0,17.909682571544142,25.830258302583026,-63.22263222632226,61.00861008610086,48.256298167733284,26.106041275887787,85.97785977859779,63.22263222632226,,,,,,,2906.334,1083.4959999999999,1822.838,3989.83,352,5.799210571477604,64.75756849588625,9.305855100247623,0.0,0.04792715073088905,9.257927949516736,0.5,1.0,import,59.174055435737685,18.396038022206255,18.396038022206255,import,mostly_import,Tuesday
INTIFA2,2,IFA2 (INTIFA2),FRANCE,1626,2021-07-07 00:00:00+00:00,2026-06-24 23:30:00+00:00,12477,87072,74595,14.329520396912901,6238.5,7197,5268,12,57.68213512863669,42.22168790574658,0.09617696561673479,import,260.9228179850926,348.0,-1028.0,-30.0,990.0,992.0,446.0575458844273,185.13472789933476,773.3027650409894,438.4825360668185,996.0,1030.0,1030.0,1028.0,16.046913775220943,21.40221402214022,-63.22263222632226,61.00861008610086,47.5585956359772,26.966945637565715,63.34563345633456,63.22263222632226,,,,,,,2782.73,1154.9630000000002,1627.7670000000003,3937.693,340,5.622997324022924,64.35841949186502,10.547407229301916,0.0,0.0,10.547407229301916,1.5,1.0,import,57.68213512863669,15.46044722289011,15.46044722289011,import,mostly_import,Wednesday
INTIFA2,3,IFA2 (INTIFA2),FRANCE,1626,2021-07-01 00:00:00+00:00,2026-06-25 23:30:00+00:00,12522,87408,74886,14.325919824272379,6261.0,7390,5123,9,59.01613160836927,40.911994888995366,0.07187350263536176,import,295.67049992014057,394.0,-1028.0,-4.0,990.0,992.0,461.15748283021884,165.48698291007827,781.409201623816,404.4950224477845,1156.0,1626.0,1626.0,1028.0,18.183917584264485,24.231242312423124,-63.22263222632226,61.00861008610086,48.05714647132939,24.876692647465223,100.0,63.22263222632226,,,,,,,2887.3070000000002,1036.114,1851.1930000000002,3923.4210000000003,365,6.013248366835608,63.536176329659796,9.08001916626737,0.007985944737262418,0.023957834211787255,9.056061332055581,1.0,1.0,import,59.01613160836927,18.104136719373905,18.104136719373905,import,mostly_import,Thursday
INTIFA2,4,IFA2 (INTIFA2),FRANCE,1626,2021-07-02 00:00:00+00:00,2026-06-26 23:30:00+00:00,12525,87408,74883,14.32935200439319,6262.5,7518,4992,15,60.02395209580838,39.8562874251497,0.11976047904191617,import,307.4214770459082,426.0,-1028.0,-4.0,990.0,992.0,469.1774850299401,161.75600798403192,781.6504389465283,405.84815705128204,994.0,1030.0,1030.0,1028.0,18.906609904422396,26.199261992619927,-63.22263222632226,61.00861008610086,48.07198271503864,24.959911257766425,63.34563345633456,63.22263222632226,,,,,,,2938.2240000000006,1012.997,1925.227,3951.2210000000005,343,5.650805999519489,64.1996007984032,9.317365269461078,0.0,0.0,9.317365269461078,1.5,1.0,import,60.02395209580838,20.16766467065868,20.16766467065868,import,mostly_import,Friday
INTIFA2,5,IFA2 (INTIFA2),FRANCE,1626,2021-07-03 00:00:00+00:00,2026-06-27 23:30:00+00:00,12522,87408,74886,14.325919824272379,6261.0,8255,4259,8,65.92397380610126,34.012138636000635,0.06388755789809934,import,391.20843315764256,652.0,-1028.0,-4.0,992.0,992.0,524.5618910717138,133.35345791407124,795.7073288915809,392.07607419582064,994.0,1030.0,1030.0,1028.0,24.05955923478736,40.09840098400984,-63.22263222632226,61.00861008610086,48.936490091733134,24.112919692239892,63.34563345633456,63.22263222632226,,,,,,,3284.282,834.926,2449.356,4119.2080000000005,329,5.420160856681958,67.13783740616515,6.891870308257467,0.0,0.0,6.891870308257467,1.0,1.0,import,65.92397380610126,31.911835170100623,31.911835170100623,import,mostly_import,Saturday
INTIFA2,6,IFA2 (INTIFA2),FRANCE,1626,2021-07-04 00:00:00+00:00,2026-06-28 23:30:00+00:00,12525,87408,74883,14.32935200439319,6262.5,8560,3960,5,68.3433133732535,31.616766467065872,0.03992015968063872,import,430.0228343313373,708.0,-996.0,-4.0,992.0,992.0,551.5337325349301,121.51089820359282,807.0046728971963,384.3242424242424,994.0,1030.0,1030.0,996.0,26.44666877806502,43.542435424354245,-61.254612546125465,61.00861008610086,49.63128369601453,23.636177270863623,63.34563345633456,61.254612546125465,,,,,,,3453.98,760.962,2693.018,4214.942,312,5.140091754664958,69.24550898203593,4.910179640718563,0.0,0.0,4.910179640718563,0.5,1.0,import,68.3433133732535,36.72654690618762,36.72654690618762,import,mostly_import,Sunday
INTIRL,0,Northern Ireland(Moyle),IRELAND,682,2021-07-05 00:00:00+00:00,2026-06-29 23:30:00+00:00,12524,87408,74884,14.328207944352918,6262.0,2927,8817,780,23.371127435324176,70.4008304056212,6.228042159054615,export,-188.11338230597252,-282.0,-452.0,-450.0,0.0,364.0,50.00574896199297,238.1191312679655,213.963785445849,338.2334127254168,500.0,456.0,500.0,452.0,-27.5826073762423,-41.348973607038126,-66.27565982404691,53.3724340175953,31.372989068306303,49.59434204184996,73.31378299120234,66.27565982404691,,,,,,,313.13599999999997,1491.102,-1177.9660000000001,1804.2379999999998,551,9.077533835962795,0.02395400830405621,0.0,0.0,0.0,0.0,60.5,1.0,export,70.4008304056212,-47.02970297029703,47.02970297029703,export,mostly_export,Monday
INTIRL,1,Northern Ireland(Moyle),IRELAND,682,2021-07-06 00:00:00+00:00,2026-06-30 22:30:00+00:00,12519,87406,74887,14.322815367366085,6259.5,3038,8707,774,24.267113986740156,69.55028356897516,6.182602444284687,export,-188.17317677130762,-286.0,-452.0,-452.0,0.0,350.0,51.701573608115666,239.8747503794233,213.05200789993415,344.893993338693,498.0,592.0,592.0,452.0,-27.591374893153606,-41.935483870967744,-66.27565982404691,51.31964809384164,31.239297346031403,50.57096676520425,86.80351906158357,66.27565982404691,,,,,,,323.626,1501.496,-1177.87,1825.1219999999998,535,8.814141067444654,0.01597571691029635,0.0,0.0,0.0,0.0,57.0,1.0,export,69.55028356897516,-45.283169582235004,45.283169582235004,export,mostly_export,Tuesday
INTIRL,2,Northern Ireland(Moyle),IRELAND,682,2021-07-07 00:00:00+00:00,2026-06-24 23:30:00+00:00,12477,87072,74595,14.329520396912901,6238.5,3145,8706,626,25.206379738719242,69.7763885549411,5.017231706339665,export,-179.93075258475596,-262.0,-452.0,-450.0,8.0,384.0,55.69928668750501,235.63003927226097,220.97297297297297,337.693085228578,494.0,456.0,494.0,452.0,-26.382808296885035,-38.41642228739003,-66.27565982404691,56.30498533724341,32.40072917492272,49.515115136155124,72.43401759530792,66.27565982404691,,,,,,,347.48,1469.978,-1122.498,1817.458,550,9.096025082978258,0.0,0.0,0.0,0.0,0.0,34.0,1.0,export,69.7763885549411,-44.57000881622185,44.57000881622185,export,mostly_export,Wednesday
INTIRL,3,Northern Ireland(Moyle),IRELAND,682,2021-07-01 00:00:00+00:00,2026-06-25 23:30:00+00:00,12522,87408,74886,14.325919824272379,6261.0,3140,8563,819,25.075866475003995,68.38364478517809,6.540488739817921,export,-171.3427567481233,-250.0,-452.0,-450.0,3.5,372.0,53.86360006388756,225.20635681201085,214.80254777070064,329.327805675581,682.0,506.0,682.0,452.0,-25.123571370692567,-36.65689149560117,-66.27565982404691,54.54545454545454,31.49597474643705,48.288534556536796,100.0,66.27565982404691,,,,,,,337.24,1410.017,-1072.777,1747.257,590,9.720045305295914,0.05590161316083692,0.0,0.0,0.0,0.0,34.5,1.0,export,68.38364478517809,-43.3077783101741,43.3077783101741,export,mostly_export,Thursday
INTIRL,4,Northern Ireland(Moyle),IRELAND,682,2021-07-02 00:00:00+00:00,2026-06-26 23:30:00+00:00,12525,87408,74883,14.32935200439319,6262.5,3004,8719,802,23.984031936127746,69.6127744510978,6.403193612774451,export,-188.89085828343315,-294.0,-452.0,-450.0,0.0,342.0,51.171417165668664,240.0622754491018,213.3561917443409,344.853767633903,404.0,502.0,502.0,452.0,-27.696606786427147,-43.10850439882698,-66.27565982404691,50.146627565982406,31.28389908274793,50.56506856802096,73.60703812316716,66.27565982404691,,,,,,,320.461,1503.39,-1182.929,1823.851,489,8.056105346253732,0.01596806387225549,0.0,0.0,0.0,0.0,83.0,1.0,export,69.6127744510978,-45.62874251497006,45.62874251497006,export,mostly_export,Friday
INTIRL,5,Northern Ireland(Moyle),IRELAND,682,2021-07-03 00:00:00+00:00,2026-06-27 23:30:00+00:00,12522,87408,74886,14.325919824272379,6261.0,3333,8407,782,26.61715380929564,67.13783740616515,6.245008784539211,export,-169.70659639035298,-258.0,-452.0,-450.0,22.0,380.0,59.23702283980195,228.94361923015492,222.55205520552056,341.00535268228856,404.0,458.0,458.0,452.0,-24.883665159875797,-37.82991202346041,-66.27565982404691,55.718475073313776,32.63226615916724,50.000784850775446,67.15542521994135,66.27565982404691,,,,,,,370.88300000000004,1433.4160000000002,-1062.533,1804.299,506,8.336174448270734,0.0,0.0,0.0,0.0,0.0,82.5,1.0,export,67.13783740616515,-40.5206835968695,40.5206835968695,export,mostly_export,Saturday
INTIRL,6,Northern Ireland(Moyle),IRELAND,682,2021-07-04 00:00:00+00:00,2026-06-28 23:30:00+00:00,12525,87408,74883,14.32935200439319,6262.5,2901,8948,676,23.161676646706585,71.44111776447106,5.397205588822356,export,-187.36063872255488,-286.0,-452.0,-450.0,0.0,360.0,50.43417165668663,237.7948103792415,217.74836263357463,332.8542691104157,404.0,458.0,458.0,452.0,-27.4722344167969,-41.935483870967744,-66.27565982404691,52.785923753665685,31.92791240961505,48.805611306512574,67.15542521994135,66.27565982404691,,,,,,,315.844,1489.19,-1173.346,1805.034,530,8.7315661217065,0.0,0.0,0.0,0.0,0.0,96.0,1.0,export,71.44111776447106,-48.27944111776448,48.27944111776448,export,mostly_export,Sunday
INTNED,0,Netherlands(BritNed),NETHERLANDS,1402,2021-07-05 00:00:00+00:00,2026-06-29 23:30:00+00:00,12524,87408,74884,14.328207944352918,6262.0,7119,4107,1298,56.842861705525394,32.79303736825295,10.364100926221655,import,198.77818588310444,256.0,-1022.0,-350.0,904.0,1048.0,413.8829447460875,215.10475886298306,728.117713161961,655.9464329194059,1078.0,1094.0,1094.0,1052.0,14.178187295513869,18.25962910128388,-72.89586305278173,74.75035663338089,51.93421634536099,46.786478810228665,78.03138373751783,75.03566333808844,,,,,,,2591.735,1346.986,1244.749,3938.721,663,10.922694978663037,63.15873522836155,27.610986905142127,0.0,19.29894602363462,8.312040881507505,31.5,1.0,import,56.842861705525394,24.04982433727244,24.04982433727244,import,mostly_import,Monday
INTNED,1,Netherlands(BritNed),NETHERLANDS,1402,2021-07-06 00:00:00+00:00,2026-06-30 22:30:00+00:00,12519,87406,74887,14.322815367366085,6259.5,7245,4013,1261,57.872034507548534,32.05527598050962,10.07268951194185,import,205.18539819474398,272.0,-1024.0,-348.0,928.0,1048.0,421.50794791916286,216.32254972441888,728.3447895100069,674.8422626463991,1402.0,1094.0,1402.0,1052.0,14.635192453262766,19.400855920114125,-73.03851640513552,74.75035663338089,51.95041294650548,48.13425553825957,100.0,75.03566333808844,,,,,,,2638.429,1354.071,1284.3580000000002,3992.5,657,10.824094731422688,64.00670980110232,29.227574087387172,0.0,20.21726974998003,9.01030433740714,34.0,1.0,import,57.872034507548534,25.816758527038914,25.816758527038914,import,mostly_import,Tuesday
INTNED,2,Netherlands(BritNed),NETHERLANDS,1402,2021-07-07 00:00:00+00:00,2026-06-24 23:30:00+00:00,12477,87072,74595,14.329520396912901,6238.5,7046,4180,1251,56.47190831129277,33.50164302316262,10.026448665544601,import,177.45579866955197,220.0,-1028.0,-398.0,894.0,1048.0,404.99030215596696,227.534503486415,717.1535623048538,679.1741626794259,1080.0,1090.0,1090.0,1054.0,12.65733228741455,15.691868758915833,-73.32382310984308,74.75035663338089,51.15217990762152,48.44323556914592,77.74607703281026,75.17831669044223,,,,,,,2526.532,1419.4740000000002,1107.058,3946.0060000000003,691,11.427915149705411,63.709224973952075,28.019555983008736,0.0,18.786567283802196,9.23298869920654,33.0,1.0,import,56.47190831129277,22.97026528813015,22.97026528813015,import,mostly_import,Wednesday
INTNED,3,Netherlands(BritNed),NETHERLANDS,1402,2021-07-01 00:00:00+00:00,2026-06-25 23:30:00+00:00,12522,87408,74886,14.325919824272379,6261.0,7222,4048,1252,57.674492892509186,32.32710429643827,9.998402811052548,import,204.92844593515412,266.0,-1015.8999999999999,-350.0,928.0,1050.0,419.0245967097908,214.09615077463664,726.5336471891443,662.2806324110672,1196.0,1092.0,1196.0,1054.0,14.61686490265008,18.972895863052784,-72.46077032810271,74.89300998573466,51.82123018467506,47.238276206210216,85.30670470756063,75.17831669044223,,,,,,,2623.513,1340.4560000000001,1283.057,3963.9690000000005,649,10.692049835825506,63.12889314805942,28.062609806740134,0.0,20.124580737901294,7.938029068838843,30.5,1.0,import,57.674492892509186,25.347388596070914,25.347388596070914,import,mostly_import,Thursday
INTNED,4,Netherlands(BritNed),NETHERLANDS,1402,2021-07-02 00:00:00+00:00,2026-06-26 23:30:00+00:00,12525,87408,74883,14.32935200439319,6262.5,7126,4175,1224,56.89421157684631,33.33333333333333,9.772455089820358,import,202.42171656686628,276.0,-1018.0,-394.0,950.0,1052.0,427.53500998003994,225.11329341317366,751.4560763401628,675.339880239521,1078.0,1094.0,1094.0,1054.0,14.438068228735112,19.686162624821684,-72.61055634807418,75.03566333808844,53.59886421827123,48.16974894718409,78.03138373751783,75.17831669044223,,,,,,,2677.438,1409.772,1267.6660000000002,4087.21,611,10.06601301955221,65.42914171656686,30.19560878243513,0.0,21.389221556886227,8.806387225548901,36.5,1.0,import,56.89421157684631,23.56087824351298,23.56087824351298,import,mostly_import,Friday
INTNED,5,Netherlands(BritNed),NETHERLANDS,1402,2021-07-03 00:00:00+00:00,2026-06-27 23:30:00+00:00,12522,87408,74886,14.325919824272379,6261.0,7906,3622,994,63.13687909279668,28.92509183836448,7.938029068838843,import,299.37438108928285,464.0,-1014.0,-208.0,1000.0,1052.0,484.3250279508066,184.95064686152372,767.1032127498103,639.4124792932082,1078.0,1076.0,1078.0,1054.0,21.353379535612188,33.09557774607703,-72.32524964336662,75.03566333808844,54.7149224500578,45.60716685400915,76.8901569186876,75.17831669044223,,,,,,,3032.3590000000004,1157.976,1874.383,4190.335,567,9.341128284919971,67.32151413512219,31.520523877974764,0.0,25.019964861843157,6.500559016131609,26.5,1.0,import,63.13687909279668,34.2117872544322,34.2117872544322,import,mostly_import,Saturday
INTNED,6,Netherlands(BritNed),NETHERLANDS,1402,2021-07-04 00:00:00+00:00,2026-06-28 23:30:00+00:00,12525,87408,74883,14.32935200439319,6262.5,8230,3349,946,65.70858283433134,26.738522954091813,7.552894211576847,import,344.681996007984,562.0,-1008.0,-138.0,1002.0,1052.0,510.4381636726547,165.75616766467067,776.821142162819,619.9151985667363,1076.0,1084.0,1084.0,1054.0,24.585021113265626,40.08559201141227,-71.89728958630528,75.03566333808844,55.40807005440934,44.216490625302164,77.31811697574894,75.17831669044223,,,,,,,3196.6189999999997,1038.048,2158.5710000000004,4234.6669999999995,533,8.78099008088597,68.43912175648703,31.89620758483034,0.0,26.65868263473054,5.2375249500998,33.5,1.0,import,65.70858283433134,38.970059880239525,38.970059880239525,import,mostly_import,Sunday
INTNEM,0,Belgium (Nemolink),BELGIUM,1366,2021-07-05 00:00:00+00:00,2026-06-29 23:30:00+00:00,12524,87408,74884,14.328207944352918,6262.0,8511,3769,244,67.95752155860747,30.09421909932929,1.9482593420632386,import,303.9206323858192,454.0,-1000.0,-142.0,930.0,1016.0,469.70073458958797,165.78010220376876,691.1681353542474,550.8702573626957,1020.0,1044.0,1044.0,1020.0,22.248948198083397,33.23572474377745,-73.20644216691069,74.37774524158127,50.59796012842221,40.32725163709338,76.42752562225475,74.67057101024889,,,,,,,2941.266,1038.115,1903.1510000000003,3979.3810000000003,737,12.14181930508998,64.41232832960715,20.84797189396359,0.0,15.785691472373042,5.062280421590546,42.5,1.0,import,67.95752155860747,37.863302459278174,37.863302459278174,import,mostly_import,Monday
INTNEM,1,Belgium (Nemolink),BELGIUM,1366,2021-07-06 00:00:00+00:00,2026-06-30 22:30:00+00:00,12519,87406,74887,14.322815367366085,6259.5,8215,3935,369,65.62025720904225,31.432223021008067,2.9475197699496762,import,270.41584791117504,412.0,-1010.0,-218.0,904.0,1016.0,450.49988018212315,180.08403227094817,686.5256238587949,572.928081321474,1366.0,1044.0,1366.0,1020.0,19.796182131125548,30.161054172767205,-73.9385065885798,74.37774524158127,50.25809837912115,41.94202645105958,100.0,74.67057101024889,,,,,,,2819.9040000000005,1127.2359999999999,1692.6680000000001,3947.14,721,11.878496653509524,64.04664909337806,20.153366882338844,0.0,14.74558670820353,5.407780174135314,48.0,1.0,import,65.62025720904225,34.18803418803418,34.18803418803418,import,mostly_import,Tuesday
INTNEM,2,Belgium (Nemolink),BELGIUM,1366,2021-07-07 00:00:00+00:00,2026-06-24 23:30:00+00:00,12477,87072,74595,14.329520396912901,6238.5,7725,4310,442,61.91392161577303,34.543560150677244,3.542518233549732,import,222.109160855975,328.0,-1020.0,-296.0,876.0,1016.0,420.9805241644626,198.87136330848762,679.944854368932,575.7118329466357,1020.0,1024.0,1024.0,1020.0,16.259821438943995,24.011713030746705,-74.67057101024889,74.37774524158127,49.776343658047736,42.145815003414036,74.96339677891655,74.67057101024889,,,,,,,2626.2870000000003,1240.659,1385.6279999999997,3866.946,701,11.593297423941381,62.28259998397051,19.700248457161177,0.0,13.50484892201651,6.1953995351446665,48.0,1.0,import,61.91392161577303,27.370361465095783,27.370361465095783,import,mostly_import,Wednesday
INTNEM,3,Belgium (Nemolink),BELGIUM,1366,2021-07-01 00:00:00+00:00,2026-06-25 23:30:00+00:00,12522,87408,74886,14.325919824272379,6261.0,8110,3989,423,64.76601181919821,31.855933556939785,3.3780546238620026,import,267.75243571314485,402.0,-1016.0,-239.5,930.0,1018.0,451.2103497843795,183.45791407123463,696.6776818742294,575.8987214840812,1034.0,1044.0,1044.0,1020.0,19.601203200083813,29.428989751098094,-74.37774524158127,74.52415812591508,51.001294427103176,42.159496448322194,76.42752562225475,74.67057101024889,,,,,,,2825.0280000000002,1148.63,1676.3980000000001,3973.6580000000004,737,12.14181930508998,63.79971250598946,21.03497843794921,0.0,15.508704679763616,5.526273758185593,35.5,1.0,import,64.76601181919821,32.91007826225842,32.91007826225842,import,mostly_import,Thursday
INTNEM,4,Belgium (Nemolink),BELGIUM,1366,2021-07-02 00:00:00+00:00,2026-06-26 23:30:00+00:00,12525,87408,74883,14.32935200439319,6262.5,8266,3887,372,65.99600798403193,31.03393213572854,2.9700598802395213,import,289.964870259481,460.0,-1014.0,-202.0,944.0,1016.0,469.0740119760479,179.10914171656685,710.7611904185821,577.1396964239774,1020.0,1024.0,1024.0,1020.0,21.227296505086464,33.67496339677892,-74.23133235724744,74.37774524158127,52.03229798086253,42.250343808490285,74.96339677891655,74.67057101024889,,,,,,,2937.576,1121.671,1815.905,4059.247,703,11.581681101055977,65.69261477045907,21.20558882235529,0.0,15.584830339321357,5.620758483033932,44.5,1.0,import,65.99600798403193,34.96207584830339,34.96207584830339,import,mostly_import,Friday
INTNEM,5,Belgium (Nemolink),BELGIUM,1366,2021-07-03 00:00:00+00:00,2026-06-27 23:30:00+00:00,12522,87408,74886,14.325919824272379,6261.0,9530,2843,149,76.10605334611084,22.704040888037056,1.1899057658521002,import,443.28605654048874,694.0,-950.0,40.0,996.0,1020.0,568.5836128413991,125.2975563009104,747.0938090241343,551.8733731973267,1020.0,1042.0,1042.0,1020.0,32.45139506152919,50.805270863836014,-69.54612005856515,74.67057101024889,54.6920797235823,40.40068617842802,76.28111273792094,74.67057101024889,,,,,,,3559.902,784.488,2775.4139999999998,4344.389999999999,517,8.517395631928792,71.15476760900815,25.347388596070914,0.0,21.04296438268647,4.3044242133844435,24.0,1.0,import,76.10605334611084,53.402012458073784,53.402012458073784,import,mostly_import,Saturday
INTNEM,6,Belgium (Nemolink),BELGIUM,1366,2021-07-04 00:00:00+00:00,2026-06-28 23:30:00+00:00,12525,87408,74883,14.32935200439319,6262.5,9859,2552,114,78.71457085828342,20.375249500998006,0.9101796407185629,import,486.70738522954093,728.0,-890.0,132.0,998.0,1020.0,596.3215968063872,109.6142115768463,757.574601886601,537.9772727272727,1020.0,1040.0,1040.0,1020.0,35.6301160490147,53.294289897510986,-65.15373352855052,74.67057101024889,55.459341280131845,39.383402103021425,76.13469985358712,74.67057101024889,,,,,,,3734.464,686.4590000000001,3048.005,4420.923000000001,485,7.990206734014438,73.83632734530939,26.36327345309381,0.0,23.24950099800399,3.1137724550898205,24.0,1.0,import,78.71457085828342,58.339321357285414,58.339321357285414,import,mostly_import,Sunday
INTNSL,0,North Sea Link (INTNSL),NORWAY2,1846,2021-10-04 00:00:00+00:00,2026-06-29 23:30:00+00:00,11900,83040,71140,14.330443159922929,5950.0,9750,1859,291,81.9327731092437,15.621848739495798,2.4453781512605044,import,788.9005042016806,1096.0,-878.0999999999999,435.5,1398.0,1400.0,889.5398319327732,100.63932773109244,1085.6947692307692,644.2216245293168,1416.0,1454.0,1454.0,1400.0,42.73567195025356,59.37161430119177,-47.567713976164676,75.83965330444204,58.813367780648385,34.89824618251987,78.76489707475623,75.83965330444204,,,,,,,5292.762000000001,598.804,4693.9580000000005,5891.566000000001,246,4.265947325955274,82.84873949579831,58.109243697478995,0.0,53.80672268907563,4.302521008403361,42.5,1.0,import,81.9327731092437,66.3109243697479,66.3109243697479,import,mostly_import,Monday
INTNSL,1,North Sea Link (INTNSL),NORWAY2,1846,2021-10-05 00:00:00+00:00,2026-06-30 22:30:00+00:00,11895,83038,71143,14.324766974156411,5947.5,9809,1751,335,82.46321984026902,14.720470786044556,2.816309373686423,import,805.9261874737284,1096.0,-918.5999999999999,536.0,1398.0,1400.0,903.7229087852039,97.79672131147541,1095.9102864716076,664.3586521987436,1400.0,1454.0,1454.0,1400.0,43.65797331927023,59.37161430119177,-49.76164680390032,75.83965330444204,59.36675441341319,35.98909275182793,78.76489707475623,75.83965330444204,,,,,,,5374.892,581.6460000000001,4793.246,5956.5380000000005,208,3.607066729289353,84.12778478352249,59.77301387137452,0.0,55.182849936948294,4.590163934426229,48.0,1.0,import,82.46321984026902,67.74274905422446,67.74274905422446,import,mostly_import,Tuesday
INTNSL,2,North Sea Link (INTNSL),NORWAY2,1846,2021-10-06 00:00:00+00:00,2026-06-24 23:30:00+00:00,11853,82704,70851,14.331834010446896,5926.5,9680,1820,353,81.66708850080148,15.354762507382096,2.978148991816418,import,792.1574284991142,1096.0,-940.0,450.0,1398.0,1400.0,889.192609465958,97.03518096684384,1088.801652892562,631.954945054945,1400.0,1454.0,1454.0,1400.0,42.91210338565082,59.37161430119177,-50.92091007583966,75.83965330444204,58.98167133762524,34.233745669281966,78.76489707475623,75.83965330444204,,,,,,,5269.800000000001,575.079,4694.7210000000005,5844.879000000001,254,4.4225723371582655,82.63730701088332,59.124272336117436,0.0,54.39129334345735,4.732978992660087,48.0,1.0,import,81.66708850080148,66.31232599341939,66.31232599341939,import,mostly_import,Wednesday
INTNSL,3,North Sea Link (INTNSL),NORWAY2,1846,2021-10-07 00:00:00+00:00,2026-06-25 23:30:00+00:00,11850,82704,70854,14.328206616366801,5925.0,9681,1851,318,81.69620253164557,15.620253164556964,2.6835443037974684,import,781.130970464135,1096.0,-908.0,452.0,1398.0,1400.0,881.6315611814346,100.50059071729957,1079.1585580002065,643.3992436520799,1846.0,1454.0,1846.0,1400.0,42.31478713240168,59.37161430119177,-49.187432286023835,75.83965330444204,58.459293499469474,34.85369683922427,100.0,75.83965330444204,,,,,,,5223.6669999999995,595.466,4628.201,5819.133,236,4.10916169909193,82.67510548523207,58.12658227848101,0.016877637130801686,53.61181434599156,4.514767932489452,48.0,1.0,import,81.69620253164557,66.07594936708861,66.07594936708861,import,mostly_import,Thursday
INTNSL,4,North Sea Link (INTNSL),NORWAY2,1846,2021-10-01 23:00:00+00:00,2026-06-26 23:30:00+00:00,11855,82994,71139,14.28416512037015,5927.5,9796,1790,269,82.63180092787853,15.099114297764658,2.2690847743568114,import,802.1091522564319,1096.0,-831.7999999999997,534.0,1398.0,1400.0,898.2795444959933,96.17039223956137,1087.0869742752143,636.927374301676,1400.0,1454.0,1454.0,1400.0,43.45120001389121,59.37161430119177,-45.0595882990249,75.83965330444204,58.888785172005115,34.503108033676924,78.76489707475623,75.83965330444204,,,,,,,5324.552,570.05,4754.502,5894.602,228,3.9559962888436377,84.18388865457614,59.029945170814,0.0,54.6942218473218,4.335723323492197,48.0,1.0,import,82.63180092787853,67.53268663011387,67.53268663011387,import,mostly_import,Friday
INTNSL,5,North Sea Link (INTNSL),NORWAY2,1846,2021-10-02 00:00:00+00:00,2026-06-27 23:30:00+00:00,11898,83040,71142,14.328034682080926,5949.0,9891,1825,182,83.13161875945538,15.338712388636747,1.5296688519078836,import,830.8989746175828,1118.0,-824.3,606.0,1398.0,1400.0,929.0680786686838,98.16910405110103,1117.5868971792538,640.0087671232877,1400.0,1454.0,1454.0,1400.0,45.0107786900099,60.56338028169014,-44.65330444203683,75.83965330444204,60.54100201404409,34.67003072173823,78.76489707475623,75.83965330444204,,,,,,,5527.026,584.008,4943.018,6111.034000000001,222,3.849757342935247,85.55219364599093,62.178517397882,0.0,58.194654563792234,3.983862834089763,38.0,1.0,import,83.13161875945538,67.79290637081863,67.79290637081863,import,mostly_import,Saturday
INTNSL,6,North Sea Link (INTNSL),NORWAY2,1846,2021-10-03 00:00:00+00:00,2026-06-28 23:30:00+00:00,11901,83040,71139,14.33164739884393,5950.5,9653,2101,147,81.11083102260315,17.653978657255692,1.2351903201411647,import,786.1246954037476,1096.0,-952.0,422.0,1398.0,1400.0,895.2308209394168,109.10612553566928,1103.7130425774371,618.0257020466445,1420.0,1454.0,1454.0,1400.0,42.58530310962879,59.37161430119177,-51.57096424702059,75.83965330444204,59.78943892618835,33.47918212603708,78.76489707475623,75.83965330444204,,,,,,,5327.071,649.2360000000001,4677.835,5976.307,260,4.5087248160502895,83.69884883623226,60.12940089068145,0.0,55.323082093941686,4.806318796739769,24.0,1.0,import,81.11083102260315,63.45685236534746,63.45685236534746,import,mostly_import,Sunday
INTVKL,0,Denmark (Viking link),DENMARK1,2480,2024-01-01 00:00:00+00:00,2026-06-29 23:30:00+00:00,6288,43728,37440,14.37980241492865,3144.0,3684,2253,351,58.587786259541986,35.83015267175573,5.5820610687022905,import,258.49904580152673,313.0,-1094.0,-450.0,988.5,1424.0,515.9195292620865,257.4204834605598,880.5922909880564,718.4465157567688,1428.0,1456.0,1456.0,1424.0,10.423348621029302,12.620967741935484,-44.11290322580645,57.41935483870968,35.50775366887324,28.96961757083745,58.70967741935483,57.41935483870968,,,,,,,1622.051,809.33,812.721,2431.381,355,11.690717405721864,69.91094147582697,34.38295165394402,0.0,21.389949109414758,12.993002544529261,44.5,1.0,import,58.587786259541986,22.75763358778626,22.75763358778626,import,mostly_import,Monday
INTVKL,1,Denmark (Viking link),DENMARK1,2480,2024-01-02 00:00:00+00:00,2026-06-30 22:30:00+00:00,6286,43726,37440,14.37588620042995,3143.0,3446,2359,481,54.82023544384346,37.52783964365256,7.6519249125039766,import,202.9185491568565,223.0,-1094.0,-650.0,988.0,1422.0,496.1240852688514,293.2055361119949,905.0017411491584,781.3013988978381,1430.0,1454.0,1454.0,1422.0,8.182199562776471,8.991935483870968,-44.11290322580645,57.33870967741935,36.49200569149833,31.504088665235404,58.62903225806452,57.33870967741935,,,,,,,1559.3180000000002,921.5450000000001,637.7729999999999,2480.863,284,9.353001715265867,73.73528475978365,34.82341711740376,0.0,19.99681832643971,14.826598790964047,48.0,1.0,import,54.82023544384346,17.292395800190896,17.292395800190896,import,mostly_import,Tuesday
INTVKL,2,Denmark (Viking link),DENMARK1,2480,2024-01-03 00:00:00+00:00,2026-06-24 23:30:00+00:00,6240,43392,37152,14.380530973451327,3120.0,3555,2178,507,56.97115384615385,34.90384615384615,8.125,import,253.7496794871795,308.0,-1094.0,-450.5,990.0,1422.0,508.1945512820513,254.4448717948718,892.0208157524613,728.9880624426079,1436.0,1452.0,1452.0,1424.0,10.231841914805624,12.419354838709678,-44.11290322580645,57.33870967741935,35.968581280341176,29.39467993720193,58.54838709677419,57.41935483870968,,,,,,,1585.5669999999998,793.8679999999999,791.699,2379.4350000000004,321,10.652900371044687,69.77564102564102,33.41346153846153,0.0,19.743589743589745,13.669871794871794,48.0,1.0,import,56.97115384615385,22.067307692307693,22.067307692307693,import,mostly_import,Wednesday
INTVKL,3,Denmark (Viking link),DENMARK1,2480,2024-01-04 00:00:00+00:00,2026-06-25 23:30:00+00:00,6240,43392,37152,14.380530973451327,3120.0,3688,2031,521,59.1025641025641,32.54807692307693,8.349358974358974,import,323.5195512820513,403.0,-1092.0,-334.0,992.0,1424.0,550.5785256410256,227.05897435897435,931.5645336225597,697.6110290497292,2480.0,1454.0,2480.0,1424.0,13.045143196856905,16.25,-44.03225806451613,57.41935483870968,37.56308603316773,28.129476977811663,100.0,57.41935483870968,,,,,,,1717.8049999999998,708.424,1009.381,2426.2290000000003,319,10.58652716001014,69.66346153846153,33.429487179487175,0.03205128205128205,23.557692307692307,9.871794871794872,48.0,1.0,import,59.1025641025641,26.554487179487175,26.554487179487175,import,mostly_import,Thursday
INTVKL,4,Denmark (Viking link),DENMARK1,2480,2024-01-05 00:00:00+00:00,2026-06-26 23:30:00+00:00,6240,43392,37152,14.380530973451327,3120.0,3910,1873,457,62.66025641025641,30.01602564102564,7.323717948717949,import,368.4153846153846,563.0,-1092.0,-256.5,996.0,1424.0,586.0358974358975,217.62051282051283,935.2593350383631,725.0144153764015,1428.0,1454.0,1454.0,1424.0,14.85545905707196,22.701612903225808,-44.03225806451613,57.41935483870968,37.71206996122432,29.234452232919413,58.62903225806452,57.41935483870968,,,,,,,1828.4319999999998,678.976,1149.456,2507.408,287,9.5245557834574,71.45833333333333,35.76923076923077,0.0,24.85576923076923,10.913461538461538,48.0,1.0,import,62.66025641025641,32.644230769230774,32.644230769230774,import,mostly_import,Friday
INTVKL,5,Denmark (Viking link),DENMARK1,2480,2023-12-30 00:00:00+00:00,2026-06-27 23:30:00+00:00,6288,43728,37440,14.37980241492865,3144.0,4333,1558,397,68.90903307888041,24.77735368956743,6.313613231552163,import,449.72996183206106,700.0,-1081.3,0.0,990.0,1422.0,605.0922391857506,155.36227735368956,878.1029309946919,627.0333761232349,1430.0,1454.0,1454.0,1422.0,18.13427265451859,28.225806451612907,-43.6008064516129,57.33870967741935,35.40737624978597,25.283603875936894,58.62903225806452,57.33870967741935,,,,,,,1902.4099999999999,488.459,1413.951,2390.8689999999997,281,9.253779129599561,70.94465648854961,26.3676844783715,0.0,19.89503816793893,6.4726463104325695,48.0,1.0,import,68.90903307888041,44.13167938931298,44.13167938931298,import,mostly_import,Saturday
INTVKL,6,Denmark (Viking link),DENMARK1,2480,2023-12-31 00:00:00+00:00,2026-06-28 23:30:00+00:00,6288,43728,37440,14.37980241492865,3144.0,4305,1616,367,68.46374045801527,25.699745547073793,5.836513994910941,import,428.35941475826974,610.0,-1033.3,-28.0,988.0,1422.0,577.2694020356234,148.90998727735368,843.1753774680604,579.4220297029703,1430.0,1446.0,1446.0,1422.0,17.272557046704424,24.596774193548388,-41.66532258064516,57.33870967741935,33.999007155970176,23.363791520281058,58.30645161290322,57.33870967741935,,,,,,,1814.935,468.173,1346.762,2283.108,281,9.253779129599561,67.92302798982189,23.87086513994911,0.0,18.51145038167939,5.35941475826972,39.5,1.0,import,68.46374045801527,42.76399491094148,42.76399491094148,import,mostly_import,Sunday
TOTAL_GB_INTERCONNECTORS,0,GB interconnector fleet total,Fleet,14398,2021-07-05 00:00:00+00:00,2026-06-29 23:30:00+00:00,12528,87408,74880,14.332784184514002,6264.0,9688,2832,8,77.33077905491699,22.60536398467433,0.06385696040868455,import,2316.6566091954023,2788.0,-3354.6,308.0,4594.0,6584.0,2798.27650063857,481.6198914431673,3618.5805119735755,2130.5557909604518,8466.0,7206.0,8466.0,6587.299999999999,16.090127859392986,19.36380052785109,-23.299069315182663,45.72857341297402,25.1325219612,14.797581545773385,58.79983331018197,45.75149326295318,12469.43582375479,18.30146567633877,28.9377641616636,18.05844034877479,8.55324074074074,1.4467592592592593,17528.404000000002,3016.8669999999997,14511.537,20545.271,441,7.2653219993822,92.56066411238825,84.82598978288634,76.72413793103449,68.71807151979566,16.107918263090674,0.5,1.0,import,77.33077905491699,54.72541507024266,54.72541507024266,import,mostly_import,Monday
TOTAL_GB_INTERCONNECTORS,1,GB interconnector fleet total,Fleet,14398,2021-07-06 00:00:00+00:00,2026-06-30 22:30:00+00:00,12526,87406,74880,14.330823970894446,6263.0,9491,3024,11,75.77039757304806,24.141785087019,0.08781733993293948,import,2191.4130608334663,2627.0,-3408.0,90.5,4534.0,6460.0,2689.3084783650006,497.8954175315344,3549.28648193025,2062.380291005291,8232.0,6634.0,8232.0,6464.0,15.220260180813073,18.245589665231282,-23.66995416030004,44.867342686484236,24.651246575428875,14.324074809037999,57.17460758438671,44.89512432282262,12467.001117675236,17.338726431648617,28.44498615081549,17.495981269702643,8.551572728724253,1.4484272712757464,16843.139000000003,3118.3190000000004,13724.82,19961.458,442,7.281963274412219,92.37585821491298,83.99329394858694,75.81829794028421,67.33993293948586,16.65336100910107,1.5,1.0,import,75.77039757304806,51.628612486029056,51.628612486029056,import,mostly_import,Tuesday
TOTAL_GB_INTERCONNECTORS,2,GB interconnector fleet total,Fleet,14398,2021-07-07 00:00:00+00:00,2026-06-24 23:30:00+00:00,12480,87072,74592,14.332965821389196,6240.0,9327,3144,9,74.73557692307692,25.192307692307693,0.07211538461538462,import,2055.220512820513,2458.0,-3636.2,-28.0,4424.5,6322.0,2593.0692307692307,537.848717948718,3469.658411064651,2134.972010178117,8902.0,6774.0,8902.0,6326.0,14.274347220589757,17.071815529934714,-25.254896513404635,43.908876232810115,24.098197048650167,14.828253994847318,61.82803167106543,43.93665786914849,12467.777884615385,15.991918223701965,27.6014462436317,18.418424121254283,8.552163461538461,1.4478365384615384,16180.752000000002,3356.176,12824.576000000001,19536.928,448,7.409125885771381,92.0673076923077,83.75801282051282,75.33653846153847,65.92147435897436,17.836538461538463,1.5,1.0,import,74.73557692307692,49.543269230769226,49.543269230769226,import,mostly_import,Wednesday
TOTAL_GB_INTERCONNECTORS,3,GB interconnector fleet total,Fleet,14398,2021-07-01 00:00:00+00:00,2026-06-25 23:30:00+00:00,12528,87408,74880,14.332784184514002,6264.0,9611,2908,9,76.7161558109834,23.21200510855683,0.07183908045977011,import,2236.372605363985,2660.0,-3450.0,214.0,4558.5,6671.299999999999,2739.744412515964,503.37180715197957,3571.27437311414,2168.5839064649244,8862.0,7914.0,8862.0,6682.0,15.532522609834592,18.47478816502292,-23.961661341853034,46.33490762605917,24.80396147460856,15.061702364668179,61.55021530768162,46.40922350326434,12451.342911877395,17.50368577199298,28.45366810164027,18.668174308104735,8.544540229885058,1.4554597701149425,17161.759,3153.121,14008.638,20314.88,427,7.034676856544671,91.78639846743295,83.93997445721584,76.45274584929757,67.54469987228607,16.395274584929755,0.5,1.0,import,76.7161558109834,53.504150702426564,53.504150702426564,import,mostly_import,Thursday
TOTAL_GB_INTERCONNECTORS,4,GB interconnector fleet total,Fleet,14398,2021-07-02 00:00:00+00:00,2026-06-26 23:30:00+00:00,12528,87408,74880,14.332784184514002,6264.0,9731,2791,6,77.67401021711366,22.27809706257982,0.047892720306513405,import,2351.711366538953,2859.0,-3687.3,367.5,4768.0,6540.0,2862.1736909323117,510.46232439335887,3684.8537663138422,2291.3192404156216,8384.0,6584.0,8384.0,6541.299999999999,16.33359748950516,19.85692457285734,-25.609806917627452,45.42297541325184,25.592816823960565,15.914149468090162,58.23030976524517,45.43200444506181,12453.864623243933,18.498090902826316,29.47334410734265,19.747948029613667,8.546216475095786,1.4537835249042146,17928.656000000003,3197.536,14731.119999999999,21126.192,377,6.210944203553491,92.95977011494253,85.9035759897829,79.07886334610473,69.68390804597702,16.219667943805874,1.5,1.0,import,77.67401021711366,55.395913154533844,55.395913154533844,import,mostly_import,Friday
TOTAL_GB_INTERCONNECTORS,5,GB interconnector fleet total,Fleet,14398,2021-07-03 00:00:00+00:00,2026-06-27 23:30:00+00:00,12528,87408,74880,14.332784184514002,6264.0,10323,2198,7,82.39942528735632,17.544699872286078,0.05587484035759897,import,2946.645593869732,3554.0,-3469.3,1146.0,5318.0,6982.0,3359.729406130268,413.0838122605364,4077.369950595757,2354.4649681528663,9148.0,6180.0,9148.0,6982.0,20.465659076744906,24.683983886650925,-24.09570773718572,48.49284622864287,28.319002296122772,16.35272237916979,63.53660230587581,48.49284622864287,12467.615900383142,23.27666055007356,32.54016504681959,20.21919034135461,8.551963601532567,1.448036398467433,21045.345,2587.557,18457.788,23632.902,311,5.123617101605134,94.62005108556832,89.16826309067687,82.91826309067687,76.0536398467433,13.114623243933588,1.5,1.0,import,82.39942528735632,64.85472541507025,64.85472541507025,import,mostly_import,Saturday
TOTAL_GB_INTERCONNECTORS,6,GB interconnector fleet total,Fleet,14398,2021-07-04 00:00:00+00:00,2026-06-28 23:30:00+00:00,12528,87408,74880,14.332784184514002,6264.0,10323,2201,4,82.39942528735632,17.568646232439335,0.031928480204342274,import,3065.0898786717753,3749.0,-3364.6,1243.5,5458.0,7064.0,3468.5705619412515,403.4806832694764,4209.4596532015885,2296.5951840072694,9230.0,6472.0,9230.0,7064.0,21.288303088427387,26.038338658146962,-23.368523406028615,49.06236977357966,29.236419316582776,15.950793054641405,64.10612585081262,49.06236977357966,12470.345785440613,24.325536933655567,33.66282987762379,19.456630046649014,8.553879310344827,1.4461206896551724,21727.126000000004,2527.4030000000002,19199.723,24254.529000000002,326,5.370736897502487,94.91538952745849,89.41570881226055,83.47701149425288,76.46072796934867,12.954980842911878,0.5,1.0,import,82.39942528735632,64.83077905491699,64.83077905491699,import,mostly_import,Sunday
