interconnectorId,interconnectorName,flow_band_mw,observations,duration_hours,duration_share_pct
INTELEC,Eleclink (INTELEC),export_gt_1500_mw,0,0.0,0.0
INTELEC,Eleclink (INTELEC),export_1000_1500_mw,13,6.5,0.07420091324200913
INTELEC,Eleclink (INTELEC),export_500_1000_mw,119,59.5,0.6792237442922374
INTELEC,Eleclink (INTELEC),export_250_500_mw,140,70.0,0.7990867579908676
INTELEC,Eleclink (INTELEC),export_50_250_mw,261,130.5,1.4897260273972601
INTELEC,Eleclink (INTELEC),near_zero_abs_le_50_mw,3302,1651.0,18.84703196347032
INTELEC,Eleclink (INTELEC),import_50_250_mw,632,316.0,3.6073059360730597
INTELEC,Eleclink (INTELEC),import_250_500_mw,910,455.0,5.194063926940639
INTELEC,Eleclink (INTELEC),import_500_1000_mw,12126,6063.0,69.21232876712328
INTELEC,Eleclink (INTELEC),import_1000_1500_mw,17,8.5,0.09703196347031963
INTELEC,Eleclink (INTELEC),import_gt_1500_mw,0,0.0,0.0
INTEW,Ireland(East-West),export_gt_1500_mw,0,0.0,0.0
INTEW,Ireland(East-West),export_1000_1500_mw,0,0.0,0.0
INTEW,Ireland(East-West),export_500_1000_mw,4307,2153.5,24.583333333333332
INTEW,Ireland(East-West),export_250_500_mw,2414,1207.0,13.778538812785387
INTEW,Ireland(East-West),export_50_250_mw,2030,1015.0,11.58675799086758
INTEW,Ireland(East-West),near_zero_abs_le_50_mw,8139,4069.5,46.455479452054796
INTEW,Ireland(East-West),import_50_250_mw,507,253.5,2.893835616438356
INTEW,Ireland(East-West),import_250_500_mw,112,56.0,0.6392694063926941
INTEW,Ireland(East-West),import_500_1000_mw,11,5.5,0.06278538812785388
INTEW,Ireland(East-West),import_1000_1500_mw,0,0.0,0.0
INTEW,Ireland(East-West),import_gt_1500_mw,0,0.0,0.0
INTFR,France(IFA),export_gt_1500_mw,53,26.5,0.3025114155251142
INTFR,France(IFA),export_1000_1500_mw,145,72.5,0.8276255707762556
INTFR,France(IFA),export_500_1000_mw,336,168.0,1.9178082191780823
INTFR,France(IFA),export_250_500_mw,284,142.0,1.6210045662100456
INTFR,France(IFA),export_50_250_mw,276,138.0,1.5753424657534247
INTFR,France(IFA),near_zero_abs_le_50_mw,342,171.0,1.952054794520548
INTFR,France(IFA),import_50_250_mw,382,191.0,2.180365296803653
INTFR,France(IFA),import_250_500_mw,620,310.0,3.5388127853881275
INTFR,France(IFA),import_500_1000_mw,2723,1361.5,15.542237442922374
INTFR,France(IFA),import_1000_1500_mw,5429,2714.5,30.98744292237443
INTFR,France(IFA),import_gt_1500_mw,6930,3465.0,39.55479452054795
INTGRNL,Ireland (Greenlink),export_gt_1500_mw,0,0.0,0.0
INTGRNL,Ireland (Greenlink),export_1000_1500_mw,0,0.0,0.0
INTGRNL,Ireland (Greenlink),export_500_1000_mw,8993,4496.5,55.76016865079365
INTGRNL,Ireland (Greenlink),export_250_500_mw,3301,1650.5,20.46750992063492
INTGRNL,Ireland (Greenlink),export_50_250_mw,1266,633.0,7.8497023809523805
INTGRNL,Ireland (Greenlink),near_zero_abs_le_50_mw,757,378.5,4.693700396825397
INTGRNL,Ireland (Greenlink),import_50_250_mw,862,431.0,5.344742063492063
INTGRNL,Ireland (Greenlink),import_250_500_mw,701,350.5,4.346478174603174
INTGRNL,Ireland (Greenlink),import_500_1000_mw,248,124.0,1.5376984126984126
INTGRNL,Ireland (Greenlink),import_1000_1500_mw,0,0.0,0.0
INTGRNL,Ireland (Greenlink),import_gt_1500_mw,0,0.0,0.0
INTIFA2,IFA2 (INTIFA2),export_gt_1500_mw,0,0.0,0.0
INTIFA2,IFA2 (INTIFA2),export_1000_1500_mw,132,66.0,0.7534246575342466
INTIFA2,IFA2 (INTIFA2),export_500_1000_mw,357,178.5,2.037671232876712
INTIFA2,IFA2 (INTIFA2),export_250_500_mw,294,147.0,1.678082191780822
INTIFA2,IFA2 (INTIFA2),export_50_250_mw,301,150.5,1.7180365296803655
INTIFA2,IFA2 (INTIFA2),near_zero_abs_le_50_mw,2688,1344.0,15.342465753424658
INTIFA2,IFA2 (INTIFA2),import_50_250_mw,608,304.0,3.4703196347031966
INTIFA2,IFA2 (INTIFA2),import_250_500_mw,887,443.5,5.062785388127853
INTIFA2,IFA2 (INTIFA2),import_500_1000_mw,12250,6125.0,69.92009132420091
INTIFA2,IFA2 (INTIFA2),import_1000_1500_mw,3,1.5,0.017123287671232876
INTIFA2,IFA2 (INTIFA2),import_gt_1500_mw,0,0.0,0.0
INTIRL,Northern Ireland(Moyle),export_gt_1500_mw,0,0.0,0.0
INTIRL,Northern Ireland(Moyle),export_1000_1500_mw,0,0.0,0.0
INTIRL,Northern Ireland(Moyle),export_500_1000_mw,2,1.0,0.01141552511415525
INTIRL,Northern Ireland(Moyle),export_250_500_mw,10562,5281.0,60.28538812785388
INTIRL,Northern Ireland(Moyle),export_50_250_mw,2411,1205.5,13.761415525114154
INTIRL,Northern Ireland(Moyle),near_zero_abs_le_50_mw,3231,1615.5,18.44178082191781
INTIRL,Northern Ireland(Moyle),import_50_250_mw,901,450.5,5.142694063926941
INTIRL,Northern Ireland(Moyle),import_250_500_mw,413,206.5,2.3573059360730597
INTIRL,Northern Ireland(Moyle),import_500_1000_mw,0,0.0,0.0
INTIRL,Northern Ireland(Moyle),import_1000_1500_mw,0,0.0,0.0
INTIRL,Northern Ireland(Moyle),import_gt_1500_mw,0,0.0,0.0
INTNED,Netherlands(BritNed),export_gt_1500_mw,0,0.0,0.0
INTNED,Netherlands(BritNed),export_1000_1500_mw,1963,981.5,11.204337899543379
INTNED,Netherlands(BritNed),export_500_1000_mw,2916,1458.0,16.643835616438356
INTNED,Netherlands(BritNed),export_250_500_mw,1373,686.5,7.8367579908675795
INTNED,Netherlands(BritNed),export_50_250_mw,994,497.0,5.67351598173516
INTNED,Netherlands(BritNed),near_zero_abs_le_50_mw,2326,1163.0,13.276255707762557
INTNED,Netherlands(BritNed),import_50_250_mw,1021,510.5,5.827625570776256
INTNED,Netherlands(BritNed),import_250_500_mw,1172,586.0,6.6894977168949765
INTNED,Netherlands(BritNed),import_500_1000_mw,2736,1368.0,15.616438356164384
INTNED,Netherlands(BritNed),import_1000_1500_mw,3019,1509.5,17.23173515981735
INTNED,Netherlands(BritNed),import_gt_1500_mw,0,0.0,0.0
INTNEM,Belgium (Nemolink),export_gt_1500_mw,0,0.0,0.0
INTNEM,Belgium (Nemolink),export_1000_1500_mw,1026,513.0,5.856164383561644
INTNEM,Belgium (Nemolink),export_500_1000_mw,2395,1197.5,13.670091324200914
INTNEM,Belgium (Nemolink),export_250_500_mw,1282,641.0,7.317351598173516
INTNEM,Belgium (Nemolink),export_50_250_mw,1202,601.0,6.860730593607306
INTNEM,Belgium (Nemolink),near_zero_abs_le_50_mw,993,496.5,5.667808219178083
INTNEM,Belgium (Nemolink),import_50_250_mw,1209,604.5,6.9006849315068495
INTNEM,Belgium (Nemolink),import_250_500_mw,1740,870.0,9.931506849315069
INTNEM,Belgium (Nemolink),import_500_1000_mw,6306,3153.0,35.99315068493151
INTNEM,Belgium (Nemolink),import_1000_1500_mw,1367,683.5,7.802511415525114
INTNEM,Belgium (Nemolink),import_gt_1500_mw,0,0.0,0.0
INTNSL,North Sea Link (INTNSL),export_gt_1500_mw,0,0.0,0.0
INTNSL,North Sea Link (INTNSL),export_1000_1500_mw,406,203.0,2.317351598173516
INTNSL,North Sea Link (INTNSL),export_500_1000_mw,398,199.0,2.271689497716895
INTNSL,North Sea Link (INTNSL),export_250_500_mw,252,126.0,1.4383561643835616
INTNSL,North Sea Link (INTNSL),export_50_250_mw,165,82.5,0.9417808219178082
INTNSL,North Sea Link (INTNSL),near_zero_abs_le_50_mw,842,421.0,4.805936073059361
INTNSL,North Sea Link (INTNSL),import_50_250_mw,270,135.0,1.5410958904109588
INTNSL,North Sea Link (INTNSL),import_250_500_mw,436,218.0,2.4885844748858448
INTNSL,North Sea Link (INTNSL),import_500_1000_mw,3261,1630.5,18.613013698630137
INTNSL,North Sea Link (INTNSL),import_1000_1500_mw,11490,5745.0,65.58219178082192
INTNSL,North Sea Link (INTNSL),import_gt_1500_mw,0,0.0,0.0
INTVKL,Denmark (Viking link),export_gt_1500_mw,0,0.0,0.0
INTVKL,Denmark (Viking link),export_1000_1500_mw,2282,1141.0,13.025114155251142
INTVKL,Denmark (Viking link),export_500_1000_mw,1926,963.0,10.993150684931507
INTVKL,Denmark (Viking link),export_250_500_mw,975,487.5,5.565068493150685
INTVKL,Denmark (Viking link),export_50_250_mw,777,388.5,4.434931506849315
INTVKL,Denmark (Viking link),near_zero_abs_le_50_mw,1184,592.0,6.757990867579909
INTVKL,Denmark (Viking link),import_50_250_mw,801,400.5,4.571917808219178
INTVKL,Denmark (Viking link),import_250_500_mw,964,482.0,5.502283105022831
INTVKL,Denmark (Viking link),import_500_1000_mw,5134,2567.0,29.30365296803653
INTVKL,Denmark (Viking link),import_1000_1500_mw,3475,1737.5,19.83447488584475
INTVKL,Denmark (Viking link),import_gt_1500_mw,2,1.0,0.01141552511415525
TOTAL_GB_INTERCONNECTORS,GB interconnector fleet total,export_gt_1500_mw,916,458.0,5.228310502283105
TOTAL_GB_INTERCONNECTORS,GB interconnector fleet total,export_1000_1500_mw,371,185.5,2.117579908675799
TOTAL_GB_INTERCONNECTORS,GB interconnector fleet total,export_500_1000_mw,325,162.5,1.8550228310502281
TOTAL_GB_INTERCONNECTORS,GB interconnector fleet total,export_250_500_mw,220,110.0,1.2557077625570776
TOTAL_GB_INTERCONNECTORS,GB interconnector fleet total,export_50_250_mw,199,99.5,1.1358447488584476
TOTAL_GB_INTERCONNECTORS,GB interconnector fleet total,near_zero_abs_le_50_mw,99,49.5,0.565068493150685
TOTAL_GB_INTERCONNECTORS,GB interconnector fleet total,import_50_250_mw,230,115.0,1.3127853881278537
TOTAL_GB_INTERCONNECTORS,GB interconnector fleet total,import_250_500_mw,313,156.5,1.7865296803652966
TOTAL_GB_INTERCONNECTORS,GB interconnector fleet total,import_500_1000_mw,758,379.0,4.32648401826484
TOTAL_GB_INTERCONNECTORS,GB interconnector fleet total,import_1000_1500_mw,895,447.5,5.108447488584475
TOTAL_GB_INTERCONNECTORS,GB interconnector fleet total,import_gt_1500_mw,13194,6597.0,75.3082191780822
