interconnectorId,season,month,interconnectorName,interconnectorBiddingZone,capacity_mw,first_timestamp,last_timestamp,observations,expected_half_hours_between_first_last,missing_half_hours_between_first_last,coverage_pct_between_first_last,duration_hours,import_half_hours,export_half_hours,near_zero_half_hours,import_share_pct,export_share_pct,near_zero_share_pct,dominant_direction,mean_signed_mw,median_signed_mw,p05_signed_mw,p25_signed_mw,p75_signed_mw,p95_signed_mw,mean_import_mw,mean_export_mw,mean_import_mw_when_importing,mean_export_mw_when_exporting,max_import_mw,max_export_mw,observed_abs_peak_mw,observed_abs_p95_mw,mean_signed_pct_capacity,median_signed_pct_capacity,p05_signed_pct_capacity,p95_signed_pct_capacity,mean_import_pct_capacity_when_importing,mean_export_pct_capacity_when_exporting,observed_abs_peak_pct_capacity,observed_abs_p95_pct_capacity,import_gwh,export_gwh,net_gwh,abs_flow_gwh,direction_switches_ignoring_near_zero,direction_switches_per_30d,share_abs_ge_500mw_pct,share_abs_ge_1000mw_pct,share_abs_ge_1500mw_pct,share_import_ge_1000mw_pct,share_export_ge_1000mw_pct,longest_near_zero_run_hours,deadband_mw,month_name
INTELEC,Autumn,9,Eleclink (INTELEC),FRANCE,1260,2022-09-01 00:00:00+00:00,2025-09-30 23:30:00+00:00,5759,54048,48289,10.655343398460628,2879.5,3620,1864,275,62.858135092898074,32.36673033512763,4.775134571974301,import,248.3267928459802,582.0,-1024.0,-607.0,996.0,998.0,513.82496961278,265.4981767667998,817.4359116022099,820.2811158798283,1002.0,1026.0,1026.0,1024.0,19.708475622696845,46.19047619047619,-81.26984126984127,79.2063492063492,64.87586600017538,65.10167586347842,81.42857142857143,81.26984126984127,1479.5590000000002,764.5020000000002,715.057,2244.061,87,2.317982496715821,78.3295711060948,21.948254905365513,0.0,2.1184233373849626,19.829831567980552,133.5,1.0,Sep
INTELEC,Autumn,10,Eleclink (INTELEC),FRANCE,1260,2022-10-01 00:00:00+00:00,2025-10-31 23:30:00+00:00,5952,54096,48144,11.002661934338953,2976.0,2339,1705,1908,39.29771505376344,28.645833333333332,32.056451612903224,import,112.48756720430107,0.0,-1024.0,-4.0,862.0,998.0,311.25336021505376,198.7657930107527,792.0393330483113,693.8733137829912,1002.0,1026.0,1026.0,1024.0,8.927584698754053,0.0,-81.26984126984127,79.2063492063492,62.86026452764375,55.0693106176977,81.42857142857143,81.26984126984127,926.29,591.527,334.763,1517.8169999999998,85,2.262686015343377,51.159274193548384,17.00268817204301,0.0,3.1754032258064515,13.82728494623656,600.5,1.0,Oct
INTELEC,Autumn,11,Eleclink (INTELEC),FRANCE,1260,2022-11-01 00:00:00+00:00,2025-11-30 23:30:00+00:00,5760,54048,48288,10.657193605683837,2880.0,2735,1412,1613,47.48263888888889,24.51388888888889,28.00347222222222,import,187.3826388888889,0.0,-1024.0,0.0,994.0,1000.0,383.4246527777778,196.0420138888889,807.5049360146252,799.7181303116147,1002.0,1028.0,1028.0,1024.0,14.871638007054674,0.0,-81.26984126984127,79.36507936507937,64.08769333449406,63.469692881874195,81.58730158730158,81.26984126984127,1104.263,564.6010000000001,539.6619999999999,1668.864,80,2.131478157899606,58.802083333333336,19.774305555555554,0.0,7.968749999999999,11.805555555555555,720.0,1.0,Nov
INTELEC,Spring,3,Eleclink (INTELEC),FRANCE,1260,2023-03-01 00:00:00+00:00,2026-03-31 23:30:00+00:00,5952,54096,48144,11.002661934338953,2976.0,5554,396,2,93.31317204301075,6.653225806451612,0.03360215053763441,import,775.3827284946236,994.0,-180.89999999999998,724.0,998.0,998.0,805.4744623655914,30.09173387096774,863.1948145480735,452.2878787878788,1260.0,1024.0,1260.0,998.0,61.53831178528759,78.88888888888889,-14.357142857142854,79.2063492063492,68.50752496413281,35.895863395863394,100.0,79.2063492063492,2397.0919999999996,89.55300000000001,2307.539,2486.645,85,2.262686015343377,84.79502688172043,1.5288978494623655,0.0,1.14247311827957,0.3864247311827957,0.5,1.0,Mar
INTELEC,Spring,4,Eleclink (INTELEC),FRANCE,1260,2023-04-01 00:00:00+00:00,2026-04-30 23:30:00+00:00,5760,54048,48288,10.657193605683837,2880.0,5332,423,5,92.56944444444444,7.34375,0.08680555555555555,import,776.6388888888889,996.0,-158.10000000000002,750.0,998.0,998.0,803.8482638888889,27.209375,868.3732183045762,370.51063829787233,1000.0,1026.0,1026.0,998.0,61.638007054673714,79.04761904761905,-12.54761904761905,79.2063492063492,68.91850938925208,29.40560621411685,81.42857142857143,79.2063492063492,2315.083,78.363,2236.7200000000003,2393.446,84,2.238052065794586,83.31597222222223,1.9097222222222223,0.0,1.6840277777777777,0.22569444444444442,0.5,1.0,Apr
INTELEC,Spring,5,Eleclink (INTELEC),FRANCE,1260,2022-05-24 23:00:00+00:00,2026-05-31 23:30:00+00:00,6290,70466,64176,8.926290693384043,3145.0,5210,292,788,82.82988871224165,4.642289348171701,12.527821939586644,import,735.8120826709062,996.0,0.0,698.0,998.0,998.0,762.9691573926868,27.157074721780603,921.12783109405,584.9931506849315,1000.0,910.0,1000.0,998.0,58.3977843389608,79.04761904761905,0.0,79.2063492063492,73.10538342016268,46.428027832137424,79.36507936507937,79.2063492063492,2399.538,85.409,2314.129,2484.947,29,0.5926346413112893,80.90620031796503,1.2400635930047694,0.0,1.2400635930047694,0.0,364.5,1.0,May
INTELEC,Summer,6,Eleclink (INTELEC),FRANCE,1260,2022-06-01 00:00:00+00:00,2026-06-30 22:30:00+00:00,7198,71566,64368,10.057848699102925,3599.0,5328,1672,198,74.02056126701862,23.22867463184218,2.750764101139205,import,451.20255626562937,848.0,-908.0,0.0,996.0,998.0,610.3237010280634,159.121144762434,824.5326576576576,685.0203349282297,1014.0,924.0,1014.0,998.0,35.80972668774836,67.3015873015873,-72.06349206349206,79.2063492063492,65.4390998140998,54.366693248272185,80.47619047619048,79.2063492063492,2196.5550000000003,572.6770000000001,1623.8780000000002,2769.232,95,1.9115489415216933,80.78632953598222,0.7918866351764378,0.0,0.7918866351764378,0.0,28.5,1.0,Jun
INTELEC,Summer,7,Eleclink (INTELEC),FRANCE,1260,2022-07-01 00:00:00+00:00,2025-07-31 23:30:00+00:00,5948,54096,48148,10.995267672286307,2974.0,3757,1735,456,63.16408876933423,29.169468728984533,7.666442501681238,import,299.1630800268998,615.0,-1024.0,-264.0,996.0,998.0,520.9246805648958,221.76160053799597,824.7165291455949,760.2524495677234,1102.0,1026.0,1102.0,1024.0,23.74310158943649,48.80952380952381,-81.26984126984127,79.2063492063492,65.45369278933293,60.33749599743835,87.46031746031746,81.26984126984127,1549.23,659.519,889.7110000000002,2208.7490000000003,99,2.6353637119881688,75.30262273032953,12.222595830531272,0.0,1.496301277740417,10.726294552790854,82.0,1.0,Jul
INTELEC,Summer,8,Eleclink (INTELEC),FRANCE,1260,2022-08-01 00:00:00+00:00,2025-08-31 23:30:00+00:00,5952,54096,48144,11.002661934338953,2976.0,3882,1725,345,65.22177419354838,28.981854838709676,5.796370967741935,import,321.35215053763443,478.0,-1024.0,-116.0,996.0,998.0,491.5104166666667,170.15826612903226,753.5986604842865,587.12,1002.0,1026.0,1026.0,1024.0,25.504138931558284,37.93650793650794,-81.26984126984127,79.2063492063492,59.809417498752886,46.596825396825395,81.42857142857143,81.26984126984127,1462.7350000000001,506.39099999999996,956.3440000000002,1969.126,129,3.433958776227008,65.94422043010752,8.501344086021504,0.0,1.8313172043010755,6.67002688172043,154.5,1.0,Aug
INTELEC,Winter,1,Eleclink (INTELEC),FRANCE,1260,2023-01-01 00:00:00+00:00,2026-01-31 23:30:00+00:00,5952,54096,48144,11.002661934338953,2976.0,3456,990,1506,58.06451612903226,16.633064516129032,25.30241935483871,import,336.039314516129,243.0,-682.0,0.0,948.0,998.0,412.41733870967744,76.37802419354838,710.2743055555555,459.1939393939394,1002.0,1024.0,1024.0,998.0,26.669786866359445,19.28571428571429,-54.12698412698413,79.2063492063492,56.37097663139329,36.44396344396344,81.26984126984127,79.2063492063492,1227.354,227.30100000000002,1000.0530000000001,1454.6550000000002,144,3.833256308346428,48.79032258064516,3.780241935483871,0.0,1.8481182795698925,1.9321236559139785,744.0,1.0,Jan
INTELEC,Winter,2,Eleclink (INTELEC),FRANCE,1260,2023-02-01 00:00:00+00:00,2026-02-28 23:30:00+00:00,5424,53952,48528,10.053380782918149,2712.0,4456,752,216,82.15339233038348,13.864306784660767,3.982300884955752,import,587.9070796460177,898.0,-346.0,166.0,998.0,998.0,634.3694690265487,46.46238938053097,772.1768402154398,335.1223404255319,1002.0,1024.0,1024.0,998.0,46.659292035398224,71.26984126984127,-27.460317460317462,79.2063492063492,61.283876207574586,26.597011144883485,81.26984126984127,79.2063492063492,1720.4099999999999,126.00599999999997,1594.4039999999998,1846.4160000000002,157,4.190469129395192,67.07227138643069,2.0095870206489677,0.0,1.1430678466076696,0.866519174041298,56.5,1.0,Feb
INTELEC,Winter,12,Eleclink (INTELEC),FRANCE,1260,2022-12-01 00:00:00+00:00,2025-12-31 23:30:00+00:00,5951,54096,48145,11.000813368825792,2975.5,3340,1072,1539,56.12502100487313,18.01377919677365,25.86119979835322,import,310.21307343303647,182.0,-904.0,0.0,982.0,998.0,408.88959838682575,98.67652495378928,728.5335329341317,547.7835820895523,1000.0,1024.0,1024.0,1000.0,24.62008519309813,14.444444444444443,-71.74603174603175,79.2063492063492,57.820121661439025,43.47488746742478,81.26984126984127,79.36507936507937,1216.651,293.61199999999997,923.039,1510.263,148,3.939735650244939,49.85716686271215,5.259620231893799,0.0,1.49554696689632,3.7640732649974793,744.0,1.0,Dec
INTEW,Autumn,9,Ireland(East-West),IRELAND,588,2021-09-01 00:00:00+00:00,2025-09-30 23:30:00+00:00,7199,71568,64369,10.058964900514196,3599.5,1141,3987,2071,15.849423531045979,55.38269204056119,28.767884428392833,export,-152.77232949020697,-42.0,-530.0,-412.0,0.0,248.1999999999989,29.922211418252534,182.69454090845952,188.7905346187555,329.8765989465764,504.0,532.0,532.0,530.0,-25.981688688810706,-7.142857142857142,-90.1360544217687,42.210884353741314,32.10723377869991,56.10146240588034,90.47619047619048,90.1360544217687,107.70500000000001,657.6089999999999,-549.9040000000001,765.3140000000001,224,4.507105230064136,21.72523961661342,0.0,0.0,0.0,0.0,24.5,1.0,Sep
INTEW,Autumn,10,Ireland(East-West),IRELAND,588,2021-10-01 00:00:00+00:00,2025-10-31 23:30:00+00:00,7437,71616,64179,10.384550938337801,3718.5,1467,4397,1573,19.72569584509883,59.12330240688449,21.151001748016675,export,-167.6573887320156,-88.0,-530.0,-510.0,0.0,384.0,45.94379454080946,213.60118327282507,232.9134287661895,361.28087332272,504.0,532.0,532.0,530.0,-28.513161348982244,-14.965986394557824,-90.1360544217687,65.3061224489796,39.61112734118869,61.44232539502041,90.47619047619048,90.1360544217687,170.842,794.2760000000001,-623.4340000000001,965.1179999999999,223,4.483976820498499,29.44735780556676,0.0,0.0,0.0,0.0,64.0,1.0,Oct
INTEW,Autumn,11,Ireland(East-West),IRELAND,588,2021-11-01 00:00:00+00:00,2025-11-30 23:30:00+00:00,7196,71568,64372,10.054773082942097,3598.0,1627,3805,1764,22.609783212896055,52.876598110061146,24.5136186770428,export,-130.6425792106726,-18.0,-532.0,-464.5,0.0,482.0,56.45636464702613,187.0989438576987,249.69883220651505,353.8407358738502,504.0,542.0,542.0,532.0,-22.21812571610078,-3.061224489795918,-90.47619047619048,81.97278911564626,42.46578779022365,60.1769958969133,92.17687074829932,90.47619047619048,203.13000000000002,673.182,-470.052,876.312,204,4.10468512023698,27.47359644246804,0.0,0.0,0.0,0.0,17.0,1.0,Nov
INTEW,Spring,3,Ireland(East-West),IRELAND,588,2022-03-01 00:00:00+00:00,2026-03-31 23:30:00+00:00,7438,71616,64178,10.3859472743521,3719.0,918,3698,2822,12.342027426727615,49.717666039257864,37.94030653401452,export,-146.0575423500941,0.0,-532.0,-396.0,0.0,204.0,24.635385856413013,170.69292820650713,199.60566448801742,343.3244997295836,504.0,588.0,588.0,532.0,-24.839718086750697,0.0,-90.47619047619048,34.69387755102041,33.9465415795948,58.38852036217408,100.0,90.47619047619048,91.61900000000001,634.807,-543.188,726.426,188,3.780213642393353,20.933046517881152,0.0,0.0,0.0,0.0,287.5,1.0,Mar
INTEW,Spring,4,Ireland(East-West),IRELAND,588,2022-04-01 00:00:00+00:00,2026-04-30 23:30:00+00:00,7199,71568,64369,10.058964900514196,3599.5,384,2433,4382,5.334074176969024,33.79636060563968,60.86956521739131,export,-119.13154604806223,0.0,-532.0,-234.0,0.0,10.0,8.682872621197388,127.81441866925962,162.78125,378.18988902589393,504.0,532.0,532.0,532.0,-20.26046701497657,0.0,-90.47619047619048,1.7006802721088436,27.683886054421766,64.31800833773707,90.47619047619048,90.47619047619048,31.254000000000005,460.06800000000004,-428.8140000000001,491.3220000000001,132,2.6559727248592226,17.071815529934714,0.0,0.0,0.0,0.0,719.5,1.0,Apr
INTEW,Spring,5,Ireland(East-West),IRELAND,588,2022-05-01 00:00:00+00:00,2026-05-31 23:30:00+00:00,7440,71616,64176,10.388739946380698,3720.0,589,3822,3029,7.916666666666666,51.37096774193548,40.71236559139785,export,-174.8736559139785,-14.0,-528.0,-458.0,0.0,104.0,17.385483870967743,192.25913978494623,219.60611205432937,374.2564102564103,504.0,586.0,586.0,528.0,-29.74041767244532,-2.380952380952381,-89.79591836734694,17.687074829931973,37.34797824053221,63.64904936333508,99.65986394557824,89.79591836734694,64.674,715.2040000000001,-650.5300000000001,779.878,98,1.9705368986944074,23.669354838709676,0.0,0.0,0.0,0.0,226.0,1.0,May
INTEW,Summer,6,Ireland(East-West),IRELAND,588,2022-06-01 00:00:00+00:00,2026-06-30 22:30:00+00:00,7198,71566,64368,10.057848699102925,3599.0,916,4643,1639,12.725757154765214,64.50402889691581,22.770213948318975,export,-208.78160600166714,-185.0,-532.0,-528.0,0.0,252.0,27.97610447346485,236.75771047513197,219.83842794759826,367.0432909756623,504.0,532.0,532.0,532.0,-35.507075850623664,-31.462585034013607,-90.47619047619048,42.857142857142854,37.387487746190175,62.42232839722147,90.47619047619048,90.47619047619048,100.686,852.0910000000001,-751.4050000000001,952.777,143,2.877384196185286,30.605723812170048,0.0,0.0,0.0,0.0,25.5,1.0,Jun
INTEW,Summer,7,Ireland(East-West),IRELAND,588,2021-07-01 00:00:00+00:00,2025-07-31 23:30:00+00:00,7436,71616,64180,10.383154602323504,3718.0,1053,4909,1474,14.160839160839162,66.01667563206026,19.82248520710059,export,-202.6554599246907,-192.0,-536.0,-528.0,0.0,348.5,37.48359332974717,240.13905325443787,264.69895536562206,363.7551436137706,504.0,536.0,536.0,536.0,-34.465214272906586,-32.6530612244898,-91.15646258503402,59.2687074829932,45.01682914381327,61.8631196622059,91.15646258503402,91.15646258503402,139.364,892.837,-753.4730000000001,1032.201,150,3.0161279061649098,32.16783216783217,0.0,0.0,0.0,0.0,45.0,1.0,Jul
INTEW,Summer,8,Ireland(East-West),IRELAND,588,2021-08-01 00:00:00+00:00,2025-08-31 23:30:00+00:00,7440,71616,64176,10.388739946380698,3720.0,1434,4091,1915,19.274193548387096,54.986559139784944,25.739247311827956,export,-153.45672043010754,-52.0,-528.0,-472.0,0.0,354.0,43.67634408602151,197.13306451612902,226.60529986052998,358.5113664140797,504.0,536.0,536.0,528.0,-26.098081705800602,-8.843537414965986,-89.79591836734694,60.204081632653065,38.53831630281122,60.97132081872104,91.15646258503402,89.79591836734694,162.476,733.335,-570.859,895.8110000000001,174,3.4987083711512947,25.524193548387096,0.0,0.0,0.0,0.0,94.0,1.0,Aug
INTEW,Winter,1,Ireland(East-West),IRELAND,588,2022-01-01 00:00:00+00:00,2026-01-31 23:30:00+00:00,7434,71616,64182,10.380361930294907,3717.0,1677,4053,1704,22.558514931396285,54.51977401129944,22.92171105730428,export,-142.91955878396556,-30.0,-532.0,-482.0,0.0,388.0,48.16303470540759,191.08259348937315,213.5026833631485,350.48309893905747,504.0,532.0,532.0,532.0,-24.306047412239042,-5.1020408163265305,-90.47619047619048,65.98639455782312,36.30998016380076,59.605969207322694,90.47619047619048,90.47619047619048,179.022,710.2539999999999,-531.2320000000001,889.2760000000001,315,6.3338686029463105,26.80925477535647,0.0,0.0,0.0,0.0,15.5,1.0,Jan
INTEW,Winter,2,Ireland(East-West),IRELAND,588,2022-02-01 00:00:00+00:00,2026-02-28 23:30:00+00:00,6764,71472,64708,9.46384598164316,3382.0,1693,3062,2009,25.02956830277942,45.269071555292726,29.70136014192785,export,-88.39739798935541,0.0,-532.0,-344.5,2.0,504.0,64.22294500295683,152.62034299231223,256.5883047844064,337.14043109079034,504.0,532.0,532.0,532.0,-15.033571086625068,0.0,-90.47619047619048,85.71428571428571,43.63746680006911,57.33680800863782,90.47619047619048,90.47619047619048,217.20200000000003,516.162,-298.96,733.364,205,4.130346574134964,24.083382613837966,0.0,0.0,0.0,0.0,36.5,1.0,Feb
INTEW,Winter,12,Ireland(East-West),IRELAND,588,2021-12-01 00:00:00+00:00,2025-12-31 23:30:00+00:00,7433,71616,64183,10.378965594280608,3716.5,1875,3402,2156,25.225346428090944,45.768868559128215,29.005785012780844,export,-80.31938651957486,0.0,-532.0,-292.0,2.0,484.0,63.683304184044125,144.002690703619,252.4576,314.6302175191064,504.0,532.0,532.0,532.0,-13.659759612172598,0.0,-90.47619047619048,82.31292517006803,42.934965986394566,53.50854039440585,90.47619047619048,90.47619047619048,236.679,535.186,-298.50700000000006,771.8650000000001,257,5.167632479229211,21.189290999596395,0.0,0.0,0.0,0.0,133.0,1.0,Dec
INTFR,Autumn,9,France(IFA),FRANCE,2630,2021-09-01 00:00:00+00:00,2025-09-30 23:30:00+00:00,7199,71568,64369,10.058964900514196,3599.5,4524,1258,1417,62.8420613974163,17.47464925684123,19.683289345742462,import,532.8798444228365,594.0,-978.1999999999999,0.0,1000.0,2004.0,637.1543269898597,104.2744825670232,1013.8978779840849,596.718600953895,2010.0,1034.0,2010.0,2004.0,20.261591042693404,22.585551330798477,-37.19391634980989,76.19771863117872,38.5512501134633,22.68892018836103,76.42585551330798,76.19771863117872,2293.437,375.336,1918.101,2668.773,136,2.7364567468246537,63.00875121544659,34.53257396860675,12.321155716071678,29.712460063897762,4.820113904708987,241.5,1.0,Sep
INTFR,Autumn,10,France(IFA),FRANCE,2630,2021-10-01 00:00:00+00:00,2025-10-31 23:30:00+00:00,7437,71616,64179,10.384550938337801,3718.5,4283,1495,1659,57.590426247142666,20.10219174398279,22.307382008874548,import,428.73873873873873,428.0,-864.4,0.0,1000.0,1506.0,536.7285195643404,107.98978082560173,931.9752509922952,537.2040133779265,2008.0,1032.0,2008.0,1506.0,16.301853183982463,16.273764258555133,-32.866920152091254,57.26235741444867,35.43632133050552,20.42600811322914,76.34980988593156,57.26235741444867,1995.8249999999998,401.56,1594.2649999999999,2397.385,160,3.217203099909237,58.69302137958854,29.218771009815786,8.619066828022053,26.3816054860831,2.837165523732688,443.5,1.0,Oct
INTFR,Autumn,11,France(IFA),FRANCE,2630,2021-11-01 00:00:00+00:00,2025-11-30 23:30:00+00:00,7196,71568,64372,10.054773082942097,3598.0,4764,2416,16,66.20344635908837,33.574207893274036,0.22234574763757642,import,520.4963868816009,749.0,-1030.0,-412.0,1496.0,2000.0,746.8665925514174,226.37020566981656,1128.138539042821,674.2384105960265,2008.0,1532.0,2008.0,2000.0,19.790737143787105,28.479087452471482,-39.163498098859314,76.04562737642586,42.89500148451791,25.636441467529522,76.34980988593156,76.04562737642586,2687.226,814.48,1872.746,3501.706,259,5.211340422261657,78.44635908838244,48.30461367426348,24.541411895497497,38.81322957198444,9.491384102279044,3.0,1.0,Nov
INTFR,Spring,3,France(IFA),FRANCE,2630,2022-03-01 00:00:00+00:00,2026-03-31 23:30:00+00:00,7438,71616,64178,10.3859472743521,3719.0,6135,1293,10,82.48184995966658,17.38370529712288,0.13444474321054048,import,1046.4224253831676,1357.0,-512.0,418.0,1848.0,2002.0,1115.15703146007,68.7346060769024,1352.0029339853302,395.3967517401392,2142.0,2056.0,2142.0,2002.0,39.78792491951208,51.59695817490494,-19.46768060836502,76.12167300380229,51.40695566484144,15.034097024339893,81.4448669201521,76.12167300380229,4147.269,255.624,3891.6450000000004,4402.893,210,4.222579068630873,78.56950793223984,61.562247916106486,44.95832212960473,59.249798332885184,2.312449583221296,2.0,1.0,Mar
INTFR,Spring,4,France(IFA),FRANCE,2630,2022-04-01 00:00:00+00:00,2026-04-30 23:30:00+00:00,7199,71568,64369,10.058964900514196,3599.5,5634,1551,14,78.26086956521739,21.544658980413946,0.1944714543686623,import,645.8324767328795,1000.0,-1028.0,182.0,1004.0,1510.0,780.4845117377414,134.65203500486177,997.2857649982251,624.990328820116,2008.0,1986.0,2008.0,1510.0,24.55636793661139,38.02281368821293,-39.08745247148289,57.414448669201526,37.919610836434416,23.763890829662206,76.34980988593156,57.414448669201526,2809.3540000000003,484.68,2324.674,3294.034,211,4.245532158676484,81.02514238088624,56.28559522155855,13.293512987914987,50.24308931796083,6.042505903597721,2.5,1.0,Apr
INTFR,Spring,5,France(IFA),FRANCE,2630,2022-05-01 00:00:00+00:00,2026-05-31 23:30:00+00:00,7440,71616,64176,10.388739946380698,3720.0,5959,1468,13,80.09408602150538,19.731182795698928,0.17473118279569894,import,893.6591397849462,1077.0,-1028.0,507.5,1508.0,2000.0,1047.77688172043,154.11774193548388,1308.1825809699615,781.0871934604904,2012.0,1390.0,2012.0,2000.0,33.979434972811646,40.950570342205324,-39.08745247148289,76.04562737642586,49.74078254638636,29.699132831197357,76.50190114068441,76.04562737642586,3897.7300000000005,573.3180000000001,3324.412,4471.048,91,1.8297842630733785,91.5725806451613,76.26344086021506,36.155913978494624,67.6747311827957,8.588709677419356,5.5,1.0,May
INTFR,Summer,6,France(IFA),FRANCE,2630,2022-06-01 00:00:00+00:00,2026-06-30 22:30:00+00:00,7198,71566,64368,10.057848699102925,3599.0,5554,1637,7,77.16032231175326,22.742428452347873,0.0972492358988608,import,797.286468463462,1120.0,-1032.0,155.0,1502.0,2004.0,963.2509030286191,165.96443456515698,1248.375945264674,729.7568723274283,2010.0,1514.0,2010.0,2004.0,30.315074846519472,42.585551330798474,-39.239543726235745,76.19771863117872,47.4667659796454,27.74740959419879,76.42585551330798,76.19771863117872,3466.7400000000002,597.306,2869.434,4064.0460000000003,133,2.676168518130371,85.64879133092525,64.50402889691581,28.952486801889414,55.682133926090586,8.82189497082523,1.5,1.0,Jun
INTFR,Summer,7,France(IFA),FRANCE,2630,2021-07-01 00:00:00+00:00,2025-07-31 23:30:00+00:00,7436,71616,64180,10.383154602323504,3718.0,5371,2056,9,72.22969338353954,27.649273803119957,0.12103281334050564,import,853.0820333512642,1260.0,-1034.0,-310.0,1914.5,2006.0,1082.7530930607854,229.67105970952124,1499.0415192701546,830.6585603112841,2548.0,1964.0,2548.0,2006.0,32.436579214876964,47.90874524714829,-39.31558935361217,76.27376425855513,56.99777639810474,31.583975677235138,96.88212927756655,76.27376425855513,4025.6760000000004,853.917,3171.7590000000005,4879.593,132,2.6541925574251204,89.72565895642819,75.55137170521786,42.13286713286713,61.24260355029586,14.308768154922,4.0,1.0,Jul
INTFR,Summer,8,France(IFA),FRANCE,2630,2021-08-01 00:00:00+00:00,2025-08-31 23:30:00+00:00,7440,71616,64176,10.388739946380698,3720.0,5677,1747,16,76.30376344086022,23.481182795698924,0.21505376344086022,import,894.4637096774194,1232.0,-1030.0,68.0,1852.0,2006.0,1048.3470430107527,153.88333333333333,1373.9126299101638,655.3474527761878,2174.0,2054.0,2174.0,2006.0,34.0100269839323,46.844106463878326,-39.163498098859314,76.27376425855513,52.240023950956804,24.918154097953906,82.66159695817491,76.27376425855513,3899.851,572.446,3327.4050000000007,4472.2970000000005,228,4.584514417370662,81.0752688172043,61.653225806451616,39.072580645161295,54.946236559139784,6.706989247311827,1.5,1.0,Aug
INTFR,Winter,1,France(IFA),FRANCE,2630,2022-01-01 00:00:00+00:00,2026-01-31 23:30:00+00:00,7434,71616,64182,10.380361930294907,3717.0,5340,2081,13,71.8321226795803,27.99300511164918,0.17487220877051385,import,576.2824858757062,826.0,-1041.3999999999999,-156.0,1474.0,1962.0,777.2289480764057,200.9464622006995,1082.0074906367042,717.8452666987025,2630.0,2072.0,2630.0,1984.699999999999,21.911881592232174,31.406844106463875,-39.596958174904934,74.60076045627376,41.140969225730196,27.29449683265029,100.0,75.46387832699617,2888.96,746.9180000000001,2142.0420000000004,3635.878,279,5.609997905466732,77.50874361043853,49.50228679042238,24.724239978477268,41.659940812483185,7.842345977939198,2.0,1.0,Jan
INTFR,Winter,2,France(IFA),FRANCE,2630,2022-02-01 00:00:00+00:00,2026-02-28 23:30:00+00:00,6764,71472,64708,9.46384598164316,3382.0,5405,1335,24,79.90833826138379,19.736842105263158,0.35481963335304556,import,868.9544648137197,1008.0,-833.6999999999999,188.0,1508.0,2000.0,987.9039030159669,118.9494382022472,1236.2963922294173,602.6771535580524,2020.0,2056.0,2056.0,2000.0,33.040093719152836,38.326996197718636,-31.699619771863116,76.04562737642586,47.007467385148935,22.91548112388032,78.17490494296578,76.04562737642586,3341.091,402.2869999999999,2938.804,3743.378,281,5.661597011375243,77.91247782377292,55.987581312832646,40.286812536960376,52.454169130691895,3.5334121821407454,3.5,1.0,Feb
INTFR,Winter,12,France(IFA),FRANCE,2630,2021-12-01 00:00:00+00:00,2025-12-31 23:30:00+00:00,7433,71616,64183,10.378965594280608,3716.5,4997,2424,12,67.22722992062424,32.611327862235974,0.16144221713978205,import,546.7380600026908,712.0,-1028.0,-300.0,1492.0,2002.0,764.1778555092156,217.43979550652494,1136.7088252951771,666.7615511551155,2040.0,2070.0,2070.0,2002.0,20.788519391737285,27.072243346007607,-39.08745247148289,76.12167300380229,43.2208678819459,25.35215023403481,78.70722433460075,76.12167300380229,2840.067,808.115,2031.952,3648.1820000000002,336,6.7561265098093966,74.34414099286964,48.67482846764429,27.16265303376833,41.28884703349926,7.385981434145029,1.0,1.0,Dec
INTGRNL,Autumn,9,Ireland (Greenlink),IRELAND,518,2025-09-01 00:00:00+00:00,2025-09-30 23:30:00+00:00,1440,1440,0,100.0,720.0,171,1234,35,11.875,85.69444444444444,2.430555555555556,export,-347.64444444444445,-514.0,-514.0,-514.0,-271.0,364.0,33.31527777777778,380.95972222222224,280.5497076023392,444.55591572123177,506.0,514.0,514.0,514.0,-67.1128271128271,-99.22779922779922,-99.22779922779922,70.27027027027027,54.16017521280679,85.82160535158914,99.22779922779922,99.22779922779922,23.987,274.29100000000005,-250.30400000000003,298.278,43,43.029881862404444,58.05555555555556,0.0,0.0,0.0,0.0,16.0,1.0,Sep
INTGRNL,Autumn,10,Ireland (Greenlink),IRELAND,518,2025-10-01 00:00:00+00:00,2025-10-31 23:30:00+00:00,1488,1488,0,100.0,744.0,285,1200,3,19.153225806451612,80.64516129032258,0.20161290322580644,export,-301.35349462365593,-514.0,-514.0,-514.0,-169.5,450.0,59.28763440860215,360.64112903225805,309.5438596491228,447.195,506.0,516.0,516.0,514.0,-58.17635031344708,-99.22779922779922,-99.22779922779922,86.87258687258688,59.757501862765025,86.33108108108108,99.61389961389962,99.22779922779922,44.11,268.31700000000006,-224.20700000000005,312.427,35,33.89374579690652,58.66935483870967,0.0,0.0,0.0,0.0,0.5,1.0,Oct
INTGRNL,Autumn,11,Ireland (Greenlink),IRELAND,518,2025-11-01 00:00:00+00:00,2025-11-30 23:30:00+00:00,1440,1440,0,100.0,720.0,208,1214,18,14.444444444444443,84.30555555555556,1.25,export,-350.04027777777776,-514.0,-514.0,-514.0,-246.0,246.0,26.56111111111111,376.6013888888889,183.8846153846154,446.71004942339374,350.0,516.0,516.0,514.0,-67.5753432003432,-99.22779922779922,-99.22779922779922,47.49034749034749,35.4989604989605,86.23746127864743,99.61389961389962,99.22779922779922,19.124000000000002,271.1530000000001,-252.02900000000005,290.27700000000004,42,42.02918693537178,57.291666666666664,0.0,0.0,0.0,0.0,5.5,1.0,Nov
INTGRNL,Spring,3,Ireland (Greenlink),IRELAND,518,2025-03-01 00:00:00+00:00,2026-03-31 23:30:00+00:00,2976,19008,16032,15.656565656565657,1488.0,427,2541,8,14.348118279569894,85.38306451612904,0.2688172043010753,export,-348.5712365591398,-512.0,-514.0,-514.0,-274.0,222.5,26.086693548387096,374.6579301075269,181.81264637002343,438.79653679653677,506.0,516.0,516.0,514.0,-67.29174450948645,-98.84169884169884,-99.22779922779922,42.95366795366795,35.0989664806995,84.70975613832756,99.61389961389962,99.22779922779922,38.81700000000001,557.4910000000001,-518.674,596.308,80,6.060924922397011,52.990591397849464,0.0,0.0,0.0,0.0,0.5,1.0,Mar
INTGRNL,Spring,4,Ireland (Greenlink),IRELAND,518,2025-04-01 00:00:00+00:00,2026-04-30 23:30:00+00:00,2880,18960,16080,15.18987341772152,1440.0,459,2379,42,15.937499999999998,82.60416666666667,1.4583333333333333,export,-346.87638888888887,-506.0,-514.0,-514.0,-219.5,100.0,20.46875,367.34513888888887,128.4313725490196,444.7053383774695,504.0,516.0,516.0,514.0,-66.96455383955384,-97.68339768339769,-99.22779922779922,19.305019305019304,24.7937012642895,85.85045142422192,99.61389961389962,99.22779922779922,29.475,528.9770000000001,-499.5020000000001,558.452,69,5.240782741705786,54.02777777777777,0.0,0.0,0.0,0.0,5.5,1.0,Apr
INTGRNL,Spring,5,Ireland (Greenlink),IRELAND,518,2025-05-01 00:00:00+00:00,2026-05-31 23:30:00+00:00,2976,19008,16032,15.656565656565657,1488.0,249,2723,4,8.366935483870968,91.4986559139785,0.13440860215053765,export,-412.8985215053763,-514.0,-514.0,-514.0,-428.0,102.0,13.74260752688172,426.64112903225805,164.24899598393574,466.28130738156443,506.0,516.0,516.0,514.0,-79.7101392867522,-99.22779922779922,-99.22779922779922,19.69111969111969,31.708300382999184,90.01569640570742,99.61389961389962,99.22779922779922,20.448999999999998,634.8420000000001,-614.3930000000001,655.2910000000002,43,3.2577471457883935,67.54032258064517,0.0,0.0,0.0,0.0,0.5,1.0,May
INTGRNL,Summer,6,Ireland (Greenlink),IRELAND,518,2025-06-01 00:00:00+00:00,2026-06-30 22:30:00+00:00,2878,18958,16080,15.180926258044098,1439.0,204,2174,500,7.088255733148019,75.53856845031271,17.373175816539263,export,-316.1494093120222,-482.0,-514.0,-514.0,-18.5,50.0,13.308547602501738,329.45795691452395,187.7549019607843,436.14535418583256,506.0,518.0,518.0,514.0,-61.032704500390395,-93.05019305019306,-99.22779922779922,9.652509652509652,36.24612006964948,84.19794482351979,100.0,99.22779922779922,19.151,474.09000000000003,-454.939,493.24100000000004,61,4.633644564013293,47.39402362751911,0.0,0.0,0.0,0.0,181.5,1.0,Jun
INTGRNL,Summer,7,Ireland (Greenlink),IRELAND,518,2025-07-01 00:00:00+00:00,2025-07-31 23:30:00+00:00,1488,1488,0,100.0,744.0,121,1363,4,8.131720430107526,91.59946236559139,0.2688172043010753,export,-376.08870967741933,-500.0,-514.0,-514.0,-308.0,66.0,13.200268817204302,389.2889784946237,162.3305785123967,424.9904622157007,506.0,514.0,514.0,514.0,-72.60399800722381,-96.52509652509652,-99.22779922779922,12.741312741312742,31.337949519767704,82.04449077523178,99.22779922779922,99.22779922779922,9.821,289.63100000000003,-279.81000000000006,299.45200000000006,50,48.4196368527236,50.53763440860215,0.0,0.0,0.0,0.0,1.0,1.0,Jul
INTGRNL,Summer,8,Ireland (Greenlink),IRELAND,518,2025-08-01 00:00:00+00:00,2025-08-31 23:30:00+00:00,1488,1488,0,100.0,744.0,155,1325,8,10.416666666666668,89.04569892473118,0.5376344086021506,export,-369.98790322580646,-514.0,-514.0,-514.0,-346.0,248.59999999999945,26.353494623655912,396.34139784946234,252.99354838709678,445.0988679245283,506.0,516.0,516.0,514.0,-71.42623614397807,-99.22779922779922,-99.22779922779922,47.992277992277884,48.84045335658239,85.92642237925256,99.61389961389962,99.22779922779922,19.607000000000003,294.87800000000004,-275.2710000000001,314.485,38,36.79892400806993,57.72849462365591,0.0,0.0,0.0,0.0,0.5,1.0,Aug
INTGRNL,Winter,1,Ireland (Greenlink),IRELAND,518,2025-01-30 00:00:00+00:00,2026-01-31 23:30:00+00:00,1584,17616,16032,8.991825613079019,792.0,327,1254,3,20.643939393939394,79.16666666666666,0.1893939393939394,export,-311.59722222222223,-512.0,-514.0,-514.0,-76.0,200.0,34.13636363636363,345.73358585858585,165.3577981651376,436.71610845295055,480.0,514.0,514.0,514.0,-60.1539039039039,-98.84169884169884,-99.22779922779922,38.61003861003861,31.922354858134675,84.30812904497114,99.22779922779922,99.22779922779922,27.036,273.821,-246.78500000000003,300.857,54,4.414419528810672,52.02020202020202,0.0,0.0,0.0,0.0,0.5,1.0,Jan
INTGRNL,Winter,2,Ireland (Greenlink),IRELAND,518,2025-02-01 00:00:00+00:00,2026-02-28 23:30:00+00:00,2688,18864,16176,14.249363867684478,1344.0,639,1932,117,23.772321428571427,71.875,4.352678571428571,export,-240.31696428571428,-432.0,-514.0,-514.0,0.0,487.3000000000002,64.20758928571429,304.52455357142856,270.09389671361504,423.68633540372673,506.0,514.0,514.0,514.0,-46.39323634859348,-83.3976833976834,-99.22779922779922,94.07335907335911,52.14167890224228,81.79272884241828,99.22779922779922,99.22779922779922,86.295,409.28100000000006,-322.98600000000005,495.5760000000001,90,6.87059322483168,46.875,0.0,0.0,0.0,0.0,19.0,1.0,Feb
INTGRNL,Winter,12,Ireland (Greenlink),IRELAND,518,2025-12-01 00:00:00+00:00,2025-12-31 23:30:00+00:00,1488,1488,0,100.0,744.0,242,1242,4,16.263440860215052,83.46774193548387,0.2688172043010753,export,-345.127688172043,-514.0,-514.0,-514.0,-244.5,200.0,28.565860215053764,373.69354838709677,175.64462809917356,447.71014492753625,278.0,514.0,514.0,514.0,-66.62696682857974,-99.22779922779922,-99.22779922779922,38.61003861003861,33.90822936277481,86.43052990879077,99.22779922779922,99.22779922779922,21.253,278.028,-256.77500000000003,299.28100000000006,30,29.05178211163416,56.25,0.0,0.0,0.0,0.0,1.5,1.0,Dec
INTIFA2,Autumn,9,IFA2 (INTIFA2),FRANCE,1626,2021-09-01 00:00:00+00:00,2025-09-30 23:30:00+00:00,7199,71568,64369,10.058964900514196,3599.5,4021,3174,4,55.854979858313655,44.08945686900959,0.055563272676760665,import,249.62078066398112,320.0,-1030.0,-24.0,990.0,992.0,446.500902903181,196.8801222391999,799.3931857746829,446.5469439193447,994.0,1030.0,1030.0,1030.0,15.35183152915013,19.68019680196802,-63.34563345633456,61.00861008610086,49.16317255686857,27.4629116801565,63.34563345633456,63.34563345633456,1607.1800000000003,708.67,898.5100000000002,2315.8500000000004,146,2.9376668017382315,65.43964439505487,13.071259897207947,0.0,0.0,13.071259897207947,0.5,1.0,Sep
INTIFA2,Autumn,10,IFA2 (INTIFA2),FRANCE,1626,2021-10-01 00:00:00+00:00,2025-10-31 23:30:00+00:00,7437,71616,64179,10.384550938337801,3718.5,3609,3825,3,48.527632109721665,51.432029043969344,0.04033884630899556,export,176.45098830173458,-2.0,-1028.0,-230.0,944.0,992.0,381.29030523060374,204.83931692886918,785.7179274037129,398.2718954248366,1398.0,1030.0,1398.0,1028.0,10.851844298999666,-0.12300123001230012,-63.22263222632226,61.00861008610086,48.32213575668591,24.49396650829253,85.97785977859779,63.22263222632226,1417.828,761.695,656.133,2179.523,170,3.418278293653564,60.37380664246336,9.977141320424902,0.0,0.02689256420599704,9.950248756218906,0.5,1.0,Oct
INTIFA2,Autumn,11,IFA2 (INTIFA2),FRANCE,1626,2021-11-01 00:00:00+00:00,2025-11-30 23:30:00+00:00,7196,71568,64372,10.054773082942097,3598.0,2670,4517,9,37.10394663702057,62.7709838799333,0.12506948304613674,export,39.41662034463591,-2.0,-1028.0,-320.0,508.5,992.0,260.22095608671486,220.80433574207893,701.3295880149813,351.7617887978747,992.0,1030.0,1030.0,1028.0,2.4241463926590354,-0.12300123001230012,-63.22263222632226,61.00861008610086,43.132200984931195,21.63356634673276,63.34563345633456,63.22263222632226,936.2750000000001,794.454,141.82099999999997,1730.7290000000003,157,3.1589978621431665,47.37354085603113,10.686492495831017,0.0,0.0,10.686492495831017,1.5,1.0,Nov
INTIFA2,Spring,3,IFA2 (INTIFA2),FRANCE,1626,2022-03-01 00:00:00+00:00,2026-03-31 23:30:00+00:00,7438,71616,64178,10.3859472743521,3719.0,6052,1379,7,81.3659585910191,18.53993008873353,0.09411132024737832,import,581.4455498789997,922.0,-758.3,256.0,992.0,992.0,665.2524872277494,83.80693734874967,817.6054196959683,452.0348078317621,1178.0,1626.0,1626.0,992.0,35.75925891014758,56.70356703567035,-46.635916359163595,61.00861008610086,50.28323614366348,27.800418685840235,100.0,61.00861008610086,2474.0740000000005,311.678,2162.3960000000006,2785.7520000000004,231,4.644836975493961,76.76794837321862,2.6216724926055393,0.013444474321054048,0.05377789728421619,2.567894595321323,1.5,1.0,Mar
INTIFA2,Spring,4,IFA2 (INTIFA2),FRANCE,1626,2022-04-01 00:00:00+00:00,2026-04-30 23:30:00+00:00,7199,71568,64369,10.058964900514196,3599.5,5449,1746,4,75.69106820391721,24.25336852340603,0.055563272676760665,import,490.5264620086123,902.0,-1022.0,30.0,992.0,992.0,620.1005695235449,129.57410751493262,819.251972839053,534.2520045819015,994.0,1028.0,1028.0,1022.0,30.167679090320558,55.47355473554736,-62.85362853628536,61.00861008610086,50.38450017460352,32.85682685005544,63.22263222632226,62.85362853628536,2232.052,466.402,1765.6500000000003,2698.454,197,3.9638380817974763,75.34379774968745,5.695235449367968,0.0,0.0,5.695235449367968,0.5,1.0,Apr
INTIFA2,Spring,5,IFA2 (INTIFA2),FRANCE,1626,2022-05-01 00:00:00+00:00,2026-05-31 23:30:00+00:00,7440,71616,64176,10.388739946380698,3720.0,5762,1673,5,77.44623655913978,22.486559139784944,0.06720430107526883,import,522.5204301075269,992.0,-1028.0,230.0,992.0,992.0,694.2543010752688,171.73387096774192,896.4338771259979,763.7178720860729,994.0,1030.0,1030.0,1028.0,32.13532780489095,61.00861008610086,-63.22263222632226,61.00861008610086,55.131234755596424,46.969118824481725,63.34563345633456,63.22263222632226,2582.6260000000007,638.8500000000001,1943.7760000000005,3221.4760000000006,67,1.3472037980869929,88.3736559139785,13.413978494623654,0.0,0.0,13.413978494623654,0.5,1.0,May
INTIFA2,Summer,6,IFA2 (INTIFA2),FRANCE,1626,2022-06-01 00:00:00+00:00,2026-06-30 22:30:00+00:00,7198,71566,64368,10.057848699102925,3599.0,3890,3303,5,54.042789663795496,45.88774659627675,0.06946373992775771,import,248.2467352042234,162.0,-1028.0,-4.0,958.0,992.0,403.37927202000554,155.13253681578217,746.4071979434448,338.0696336663639,992.0,1030.0,1030.0,1028.0,15.267326888328622,9.96309963099631,-63.22263222632226,61.00861008610086,45.90450171853903,20.791490385385234,63.34563345633456,63.22263222632226,1451.7620000000002,558.3220000000001,893.44,2010.0840000000003,111,2.233494026409558,56.14059460961378,11.225340372325645,0.0,0.0,11.225340372325645,1.5,1.0,Jun
INTIFA2,Summer,7,IFA2 (INTIFA2),FRANCE,1626,2021-07-01 00:00:00+00:00,2025-07-31 23:30:00+00:00,7436,71616,64180,10.383154602323504,3718.0,5144,2285,7,69.17697686928456,30.72888649811727,0.09413663259817107,import,355.9585798816568,702.0,-1030.0,-8.5,992.0,992.0,553.1040882194728,197.14550833781604,799.5493779160187,641.564113785558,1156.0,1030.0,1156.0,1030.0,21.891671579437684,43.17343173431734,-63.34563345633456,61.00861008610086,49.17277846961985,39.45658756368745,71.09471094710948,63.34563345633456,2056.4410000000003,732.987,1323.4540000000002,2789.4280000000003,114,2.292257208685331,79.54545454545455,13.851533082302314,0.0,0.04034427111350188,13.81118881118881,1.5,1.0,Jul
INTIFA2,Summer,8,IFA2 (INTIFA2),FRANCE,1626,2021-08-01 00:00:00+00:00,2025-08-31 23:30:00+00:00,7440,71616,64176,10.388739946380698,3720.0,5210,2229,1,70.02688172043011,29.95967741935484,0.013440860215053764,import,392.93198924731183,684.0,-1028.0,-4.0,992.0,992.0,540.7774193548387,147.84543010752688,772.2426103646833,493.48138178555405,996.0,1030.0,1030.0,1028.0,24.165558994299616,42.066420664206646,-63.22263222632226,61.00861008610086,47.49339547138274,30.349408473896307,63.34563345633456,63.22263222632226,2011.692,549.985,1461.7070000000003,2561.677,166,3.3378482161558334,71.16935483870968,6.491935483870968,0.0,0.0,6.491935483870968,0.5,1.0,Aug
INTIFA2,Winter,1,IFA2 (INTIFA2),FRANCE,1626,2022-01-01 00:00:00+00:00,2026-01-31 23:30:00+00:00,7434,71616,64182,10.380361930294907,3717.0,4146,3282,6,55.77078288942696,44.14850686037127,0.08071025020177562,import,279.41700295937585,222.0,-972.0,-4.0,958.0,992.0,407.78100618778586,128.36400322841,731.1731789676797,290.7550274223035,996.0,1028.0,1028.0,992.0,17.184317525176862,13.653136531365314,-59.77859778597786,61.00861008610086,44.96760018251412,17.88161300260169,63.22263222632226,61.00861008610086,1515.7220000000002,477.129,1038.593,1992.851,217,4.363331704251903,53.510895883777245,4.573580844767285,0.0,0.0,4.573580844767285,0.5,1.0,Jan
INTIFA2,Winter,2,IFA2 (INTIFA2),FRANCE,1626,2022-02-01 00:00:00+00:00,2026-02-28 23:30:00+00:00,6764,71472,64708,9.46384598164316,3382.0,4355,2400,9,64.38497930218804,35.481963335304556,0.13305736250739209,import,375.89473684210526,416.0,-753.6999999999999,-4.0,990.0,992.0,465.72057953873446,89.82584269662921,723.3373134328358,253.15916666666666,994.0,1028.0,1028.0,992.0,23.117757493364408,25.584255842558424,-46.35301353013529,61.00861008610086,44.48568963301573,15.569444444444443,63.22263222632226,61.00861008610086,1575.0670000000002,303.79100000000005,1271.2760000000003,1878.8580000000002,241,4.855675728617201,55.55884092253105,2.58722649319929,0.0,0.0,2.58722649319929,0.5,1.0,Feb
INTIFA2,Winter,12,IFA2 (INTIFA2),FRANCE,1626,2021-12-01 00:00:00+00:00,2025-12-31 23:30:00+00:00,7433,71616,64183,10.378965594280608,3716.5,3799,3627,7,51.109915242836,48.795910130499124,0.09417462666487286,import,223.49656935288579,50.0,-1014.0,-36.0,914.0,992.0,378.4385846898964,154.94201533701062,740.4406422742827,317.5307416597739,994.0,1030.0,1030.0,1014.0,13.745176466967141,3.075030750307503,-62.36162361623616,61.00861008610086,45.537554875417136,19.528335895435053,63.34563345633456,62.36162361623616,1406.467,575.842,830.6250000000002,1982.3090000000002,220,4.423654262375201,54.05623570563702,5.623570563702408,0.0,0.0,5.623570563702408,0.5,1.0,Dec
INTIRL,Autumn,9,Northern Ireland(Moyle),IRELAND,682,2021-09-01 00:00:00+00:00,2025-09-30 23:30:00+00:00,7199,71568,64369,10.058964900514196,3599.5,1704,5281,214,23.66995416030004,73.35741075149326,2.972635088206695,export,-202.22725378524794,-294.0,-452.0,-451.0,0.0,306.1999999999989,41.05764689540214,243.28490068065008,173.45892018779344,331.6432493845862,500.0,506.0,506.0,452.0,-29.65208999783694,-43.10850439882698,-66.27565982404691,44.897360703812154,25.43385926507235,48.62804243175751,74.19354838709677,66.27565982404691,147.787,875.704,-727.917,1023.491,327,6.579568795673983,0.13890818169190164,0.0,0.0,0.0,0.0,12.0,1.0,Sep
INTIRL,Autumn,10,Northern Ireland(Moyle),IRELAND,682,2021-10-01 00:00:00+00:00,2025-10-31 23:30:00+00:00,7437,71616,64179,10.384550938337801,3718.5,2059,5220,158,27.685894850073957,70.18959257765228,2.1245125722737663,export,-173.36910044372732,-300.0,-452.0,-452.0,42.0,400.0,70.09950248756219,243.4686029312895,253.19572608062165,346.8727969348659,404.0,456.0,456.0,452.0,-25.42068921462277,-43.988269794721404,-66.27565982404691,58.65102639296188,37.12547303234921,50.86111392006831,66.86217008797654,66.27565982404691,260.665,905.338,-644.673,1166.0030000000002,295,5.931718215457655,0.0,0.0,0.0,0.0,0.0,5.0,1.0,Oct
INTIRL,Autumn,11,Northern Ireland(Moyle),IRELAND,682,2021-11-01 00:00:00+00:00,2025-11-30 23:30:00+00:00,7196,71568,64372,10.054773082942097,3598.0,2289,4710,197,31.809338521400775,65.45302946081156,2.73763201778766,export,-148.74374652584768,-252.0,-452.0,-452.0,100.0,400.0,78.29599777654252,227.0397443023902,246.14154652686761,346.87430997876857,404.0,456.0,456.0,452.0,-21.809933508188806,-36.950146627565985,-66.27565982404691,58.65102639296188,36.09113585437942,50.861335774012986,66.86217008797654,66.27565982404691,281.709,816.889,-535.1800000000001,1098.598,291,5.855212597985105,0.0,0.0,0.0,0.0,0.0,8.5,1.0,Nov
INTIRL,Spring,3,Northern Ireland(Moyle),IRELAND,682,2022-03-01 00:00:00+00:00,2026-03-31 23:30:00+00:00,7438,71616,64178,10.3859472743521,3719.0,1625,5471,342,21.847270771712825,73.55471901048669,4.598010217800484,export,-196.78112395805323,-302.0,-452.0,-450.0,0.0,368.2999999999993,49.93869319709599,246.71981715514923,228.58092307692309,335.4235057576311,682.0,592.0,682.0,452.0,-28.853537237251206,-44.28152492668622,-66.27565982404691,54.00293255131954,33.51626438078051,49.182332222526554,100.0,66.27565982404691,185.722,917.551,-731.829,1103.273,288,5.790965579836627,0.05377789728421619,0.0,0.0,0.0,0.0,13.0,1.0,Mar
INTIRL,Spring,4,Northern Ireland(Moyle),IRELAND,682,2022-04-01 00:00:00+00:00,2026-04-30 23:30:00+00:00,7199,71568,64369,10.058964900514196,3599.5,1390,5460,349,19.30823725517433,75.8438672037783,4.847895541047368,export,-220.97708015002084,-326.0,-452.0,-452.0,-14.0,342.0,40.01139047089874,260.9884706209196,207.22446043165468,344.1128205128205,404.0,456.0,456.0,452.0,-32.401331400296314,-47.80058651026393,-66.27565982404691,50.146627565982406,30.38481824511065,50.45642529513497,66.86217008797654,66.27565982404691,144.02100000000002,939.428,-795.407,1083.449,288,5.794849581511031,0.0,0.0,0.0,0.0,0.0,14.5,1.0,Apr
INTIRL,Spring,5,Northern Ireland(Moyle),IRELAND,682,2022-05-01 00:00:00+00:00,2026-05-31 23:30:00+00:00,7440,71616,64176,10.388739946380698,3720.0,1336,5865,239,17.956989247311828,78.83064516129032,3.21236559139785,export,-246.51451612903224,-366.0,-452.0,-452.0,-65.5,246.0,35.50672043010753,282.02123655913977,197.73203592814372,357.7558397271952,404.0,458.0,458.0,452.0,-36.14582347933024,-53.665689149560116,-66.27565982404691,36.070381231671554,28.99296714488911,52.45686799518991,67.15542521994135,66.27565982404691,132.085,1049.1190000000001,-917.0340000000001,1181.2040000000002,205,4.12204147175871,0.0,0.0,0.0,0.0,0.0,19.5,1.0,May
INTIRL,Summer,6,Northern Ireland(Moyle),IRELAND,682,2022-06-01 00:00:00+00:00,2026-06-30 22:30:00+00:00,7198,71566,64368,10.057848699102925,3599.0,1313,5338,547,18.241178105029174,74.15948874687413,7.599333148096693,export,-223.34870797443733,-302.0,-452.0,-452.0,0.0,246.0,30.97332592386774,254.32203389830508,169.7989337395278,342.93930310977896,400.0,454.0,454.0,452.0,-32.74907741560664,-44.28152492668622,-66.27565982404691,36.070381231671554,24.897204360634575,50.28435529468899,66.56891495601172,66.27565982404691,111.473,915.305,-803.8320000000001,1026.778,191,3.8432194508488786,0.0,0.0,0.0,0.0,0.0,107.0,1.0,Jun
INTIRL,Summer,7,Northern Ireland(Moyle),IRELAND,682,2021-07-01 00:00:00+00:00,2025-07-31 23:30:00+00:00,7436,71616,64180,10.383154602323504,3718.0,477,4968,1991,6.414739107046799,66.81011296395913,26.77514792899408,export,-220.26681011296395,-270.0,-454.0,-450.0,0.0,26.0,8.685852608929531,228.9526627218935,135.40461215932913,342.6916264090177,400.0,458.0,458.0,454.0,-32.297186233572425,-39.589442815249264,-66.56891495601172,3.812316715542522,19.85404870371395,50.24803906290582,67.15542521994135,66.56891495601172,32.294,851.246,-818.952,883.54,162,3.2574181386581023,0.0,0.0,0.0,0.0,0.0,296.5,1.0,Jul
INTIRL,Summer,8,Northern Ireland(Moyle),IRELAND,682,2021-08-01 00:00:00+00:00,2025-08-31 23:30:00+00:00,7440,71616,64176,10.388739946380698,3720.0,1976,5077,387,26.559139784946233,68.23924731182795,5.201612903225807,export,-171.6260752688172,-232.0,-452.0,-446.0,16.0,256.09999999999854,46.88225806451613,218.50833333333333,176.52024291497975,320.20917864880835,404.0,454.0,454.0,452.0,-25.165113675779647,-34.01759530791789,-66.27565982404691,37.55131964809363,25.882733565246298,46.95149247049975,66.56891495601172,66.27565982404691,174.40200000000002,812.851,-638.4490000000001,987.253,290,5.831180618585492,0.0,0.0,0.0,0.0,0.0,64.0,1.0,Aug
INTIRL,Winter,1,Northern Ireland(Moyle),IRELAND,682,2022-01-01 00:00:00+00:00,2026-01-31 23:30:00+00:00,7434,71616,64182,10.380361930294907,3717.0,2257,4910,267,30.360505784234597,66.04788808178638,3.5916061339790155,export,-152.16276567124024,-252.0,-452.0,-450.0,76.0,394.0,70.2528921172989,222.41565778853914,231.395657953035,336.749083503055,404.0,486.0,486.0,452.0,-22.31125596352496,-36.950146627565985,-66.27565982404691,57.77126099706745,33.92898210455059,49.376698460858506,71.26099706744868,66.27565982404691,261.13,826.719,-565.589,1087.849,337,6.77623402918383,0.0,0.0,0.0,0.0,0.0,49.5,1.0,Jan
INTIRL,Winter,2,Northern Ireland(Moyle),IRELAND,682,2022-02-01 00:00:00+00:00,2026-02-28 23:30:00+00:00,6764,71472,64708,9.46384598164316,3382.0,2345,4057,362,34.66883500887049,59.979302188054405,5.351862803075103,export,-120.45121230041396,-150.0,-452.0,-448.0,154.0,384.0,78.48580721466588,198.93701951507984,226.38720682302773,331.67611535617453,404.0,456.0,456.0,452.0,-17.66146807923958,-21.994134897360702,-66.27565982404691,56.30498533724341,33.19460510601579,48.63286148917514,66.86217008797654,66.27565982404691,265.439,672.8050000000001,-407.366,938.244,281,5.661597011375243,0.0,0.0,0.0,0.0,0.0,8.5,1.0,Feb
INTIRL,Winter,12,Northern Ireland(Moyle),IRELAND,682,2021-12-01 00:00:00+00:00,2025-12-31 23:30:00+00:00,7433,71616,64183,10.378965594280608,3716.5,2717,4510,206,36.55320866406565,60.67536660836809,2.771424727566259,export,-103.23987622763353,-126.0,-452.0,-430.0,178.0,400.0,89.31602314005113,192.55589936768465,244.34523371365478,317.35432372505545,404.0,456.0,456.0,452.0,-15.137811763582626,-18.475073313782993,-66.27565982404691,58.65102639296188,35.82774687883501,46.53289204179698,66.86217008797654,66.27565982404691,331.943,715.634,-383.69100000000003,1047.577,347,6.977309222928158,0.0,0.0,0.0,0.0,0.0,4.0,1.0,Dec
INTNED,Autumn,9,Netherlands(BritNed),NETHERLANDS,1402,2021-09-01 00:00:00+00:00,2025-09-30 23:30:00+00:00,7199,71568,64369,10.058964900514196,3599.5,3385,2798,1016,47.02041950270871,38.866509237394084,14.11307125989721,import,78.6895402139186,0.0,-1038.0,-654.0,882.0,1032.0,364.6017502430893,285.9122100291707,775.4115214180207,735.6261615439599,1064.0,1076.0,1076.0,1050.199999999999,5.61266335334655,0.0,-74.03708987161198,73.60912981455064,55.30752649201289,52.469769011694716,76.7475035663338,74.90727532096996,1312.384,1029.141,283.2430000000001,2341.5249999999996,301,6.056422652898682,66.02305875816086,31.7821919711071,0.0,18.59980552854563,13.182386442561466,107.5,1.0,Sep
INTNED,Autumn,10,Netherlands(BritNed),NETHERLANDS,1402,2021-10-01 00:00:00+00:00,2025-10-31 23:30:00+00:00,7437,71616,64179,10.384550938337801,3718.5,4372,2782,283,58.78714535430953,37.407556810541884,3.8052978351485813,import,200.33481242436466,290.0,-1032.0,-384.0,896.0,1038.0,419.9817130563399,219.64690063197526,714.4107959743824,587.1725377426312,1064.0,1076.0,1076.0,1046.0,14.289216292750691,20.684736091298145,-73.60912981455064,74.03708987161198,50.956547501739124,41.88106545953147,76.7475035663338,74.6077032810271,1561.702,816.7570000000001,744.9450000000002,2378.4590000000003,473,9.510856664106681,63.116848191475064,24.526018555869303,0.0,17.668414683340057,6.857603872529245,4.0,1.0,Oct
INTNED,Autumn,11,Netherlands(BritNed),NETHERLANDS,1402,2021-11-01 00:00:00+00:00,2025-11-30 23:30:00+00:00,7196,71568,64372,10.054773082942097,3598.0,4224,2686,286,58.69927737632018,37.326292384658146,3.9744302390216784,import,191.61839911061702,306.0,-1050.0,-430.0,916.0,1048.0,429.3276820455809,237.70928293496388,731.4019886363636,636.8413998510797,1402.0,1074.0,1402.0,1052.0,13.667503502897077,21.82596291012839,-74.89300998573466,74.75035663338089,52.1684727985994,45.42378030321538,100.0,75.03566333808844,1544.721,855.278,689.443,2399.999,359,7.223440971397431,66.48137854363534,27.93218454697054,0.0,19.107837687604224,8.824346859366315,5.0,1.0,Nov
INTNED,Spring,3,Netherlands(BritNed),NETHERLANDS,1402,2022-03-01 00:00:00+00:00,2026-03-31 23:30:00+00:00,7438,71616,64178,10.3859472743521,3719.0,5769,1460,209,77.56117235816079,19.62893250873891,2.8098951331002957,import,517.9833288518419,836.0,-968.3,160.0,1004.0,1052.0,638.5727346060769,120.589405754235,823.3149592650373,614.345205479452,1078.0,1080.0,1080.0,1054.0,36.94602916204294,59.62910128388017,-69.06562054208273,75.03566333808844,58.724319491086824,43.819201532057924,77.03281027104137,75.17831669044223,2374.852,448.472,1926.38,2823.3239999999996,343,6.896879145430426,76.10916913148695,41.77198171551492,0.0,37.5369723043829,4.235009411132025,5.0,1.0,Mar
INTNED,Spring,4,Netherlands(BritNed),NETHERLANDS,1402,2022-04-01 00:00:00+00:00,2026-04-30 23:30:00+00:00,7199,71568,64369,10.058964900514196,3599.5,4595,2356,248,63.82830948742881,32.72676760661203,3.4449229059591606,import,249.37685789693012,424.0,-1014.0,-360.0,981.0,1048.0,468.5084039449924,219.13154604806223,734.0134929270947,669.578947368421,1070.0,1076.0,1076.0,1050.0,17.787222389224688,30.24251069900143,-72.32524964336662,74.75035663338089,52.354742719478935,47.75884075381035,76.7475035663338,74.89300998573466,1686.396,788.764,897.6320000000001,2475.1600000000003,374,7.525256053767798,68.96791221002917,32.93512987914988,0.0,23.892207251007083,9.042922628142797,9.0,1.0,Apr
INTNED,Spring,5,Netherlands(BritNed),NETHERLANDS,1402,2022-05-01 00:00:00+00:00,2026-05-31 23:30:00+00:00,7440,71616,64176,10.388739946380698,3720.0,3568,2868,1004,47.956989247311824,38.54838709677419,13.494623655913978,import,71.46505376344086,0.0,-1048.0,-549.0,782.0,1042.0,338.4978494623656,267.03279569892476,705.8363228699552,692.721059972106,1068.0,1076.0,1076.0,1056.0,5.0973647477489905,0.0,-74.75035663338089,74.32239657631953,50.34495883523218,49.40949072554251,76.7475035663338,75.320970042796,1259.212,993.362,265.85,2252.5740000000005,400,8.043007749773091,60.57795698924732,30.241935483870968,0.0,18.064516129032256,12.17741935483871,107.5,1.0,May
INTNED,Summer,6,Netherlands(BritNed),NETHERLANDS,1402,2022-06-01 00:00:00+00:00,2026-06-30 22:30:00+00:00,7198,71566,64368,10.057848699102925,3599.0,3716,3221,261,51.62545151430953,44.74854126146152,3.6260072242289527,import,67.92664629063628,104.0,-1038.0,-682.0,848.0,1034.0,375.69408168935814,307.7674353987219,727.7303552206674,687.7708786091276,1062.0,1082.0,1082.0,1052.0,4.844981903754371,7.417974322396577,-74.03708987161198,73.75178316690443,51.90658739091779,49.05641074244847,77.17546362339515,75.03566333808844,1352.123,1107.655,244.46799999999996,2459.7780000000002,372,7.4852232236428415,69.17199222006113,31.008613503751043,0.0,19.04695748819116,11.961656015559878,6.0,1.0,Jun
INTNED,Summer,7,Netherlands(BritNed),NETHERLANDS,1402,2021-07-01 00:00:00+00:00,2025-07-31 23:30:00+00:00,7436,71616,64180,10.383154602323504,3718.0,3773,2104,1559,50.7396449704142,28.294782140935986,20.96557288864981,import,186.68154922001077,2.0,-1014.0,-278.5,904.0,1020.0,386.7853684776762,200.1038192576654,762.2941956003181,707.2110266159696,1196.0,1076.0,1196.0,1048.0,13.31537440941589,0.14265335235378032,-72.32524964336662,72.75320970042796,54.37191124110686,50.44301188416331,85.30670470756063,74.75035663338089,1438.0680000000002,743.9860000000001,694.082,2182.054,229,4.604621936745096,59.76331360946746,24.70414201183432,0.0,17.805271651425496,6.898870360408822,34.0,1.0,Jul
INTNED,Summer,8,Netherlands(BritNed),NETHERLANDS,1402,2021-08-01 00:00:00+00:00,2025-08-31 23:30:00+00:00,7440,71616,64176,10.388739946380698,3720.0,3900,2862,678,52.41935483870967,38.46774193548387,9.112903225806452,import,117.86559139784946,122.0,-1018.0,-594.0,852.0,1030.0,387.39139784946235,269.5258064516129,739.0235897435897,700.6540880503145,1066.0,1080.0,1080.0,1040.0,8.406960870032057,8.7018544935806,-72.61055634807418,73.46647646219687,52.71209627272395,49.97532725037907,77.03281027104137,74.17974322396577,1441.096,1002.636,438.4599999999999,2443.732,323,6.494728757941772,67.88978494623656,27.365591397849464,0.0,16.7741935483871,10.591397849462366,30.0,1.0,Aug
INTNED,Winter,1,Netherlands(BritNed),NETHERLANDS,1402,2022-01-01 00:00:00+00:00,2026-01-31 23:30:00+00:00,7434,71616,64182,10.380361930294907,3717.0,5118,1159,1157,68.84584342211461,15.590529997309657,15.563626580575733,import,392.6688189400054,476.0,-752.0,0.0,954.0,1054.0,481.34301856335753,88.67419962335217,699.1606096131301,568.7696289905091,1098.0,1080.0,1098.0,1054.0,28.007761693295677,33.951497860199716,-53.6376604850214,75.17831669044223,49.868802397512844,40.56844714625599,78.3166904422254,75.17831669044223,1789.152,329.602,1459.5500000000002,2118.754,246,4.946449766110452,57.42534301856336,23.190745224643532,0.0,21.051923594296476,2.138821630347054,61.5,1.0,Jan
INTNED,Winter,2,Netherlands(BritNed),NETHERLANDS,1402,2022-02-01 00:00:00+00:00,2026-02-28 23:30:00+00:00,6764,71472,64708,9.46384598164316,3382.0,4973,1581,210,73.52158486102897,23.373743347131875,3.1046717918391487,import,426.0363690124187,650.0,-1010.0,0.0,1024.5,1056.0,570.0511531638084,144.0147841513897,775.3521013472753,616.1391524351676,1080.0,1094.0,1094.0,1068.0,30.387758132126866,46.3623395149786,-72.03994293865907,75.320970042796,55.303288255868424,43.94715780564677,78.03138373751783,76.17689015691869,1927.913,487.058,1440.855,2414.971,267,5.379524562409928,70.91957421643997,35.408042578356,0.0,30.204021289178,5.2040212891780016,3.0,1.0,Feb
INTNED,Winter,12,Netherlands(BritNed),NETHERLANDS,1402,2021-12-01 00:00:00+00:00,2025-12-31 23:30:00+00:00,7433,71616,64183,10.378965594280608,3716.5,4501,1617,1315,60.554284945513245,21.754338759585632,17.69137629490112,import,305.37710211220235,304.0,-900.0,0.0,934.0,1052.0,430.24512309969055,124.86802098748822,710.5114419017996,573.991341991342,1062.0,1078.0,1078.0,1052.0,21.781533674194176,21.683309557774606,-64.19400855920114,75.03566333808844,50.67841953650497,40.94089457855507,76.8901569186876,75.03566333808844,1599.0059999999999,464.072,1134.9340000000002,2063.0780000000004,288,5.790965579836627,54.75581864657608,23.906901654782725,0.0,20.556975649132248,3.3499260056504774,127.0,1.0,Dec
INTNEM,Autumn,9,Belgium (Nemolink),BELGIUM,1366,2021-09-01 00:00:00+00:00,2025-09-30 23:30:00+00:00,7199,71568,64369,10.058964900514196,3599.5,3993,2067,1139,55.46603694957633,28.71232115571607,15.821641894707597,import,228.12223919988887,250.0,-1018.0,-165.0,888.0,1000.0,408.80400055563274,180.68176135574384,737.0348109191084,629.2830188679245,1020.0,1022.0,1022.0,1020.0,16.70001751097283,18.301610541727673,-74.52415812591508,73.20644216691069,53.95569626054967,46.06757092737368,74.81698389458272,74.67057101024889,1471.49,650.364,821.126,2121.854,291,5.855212597985105,61.21683567162106,21.530768162244758,0.0,15.293790804278373,6.236977357966384,118.0,1.0,Sep
INTNEM,Autumn,10,Belgium (Nemolink),BELGIUM,1366,2021-10-01 00:00:00+00:00,2025-10-31 23:30:00+00:00,7437,71616,64179,10.384550938337801,3718.5,5258,1853,326,70.70055129756622,24.91596073685626,4.383487965577518,import,396.16673389807715,646.0,-946.8,0.0,996.0,1020.0,532.8920263547129,136.72529245663574,753.7310764549259,548.7458175930923,1020.0,1022.0,1022.0,1020.0,29.001957093563483,47.2913616398243,-69.31185944363104,74.67057101024889,55.17797045790086,40.17172895996283,74.81698389458272,74.67057101024889,1981.5589999999997,508.413,1473.146,2489.9719999999998,311,6.253438525448579,68.21298910851151,24.835283044238267,0.0,20.841737259647708,3.993545784590561,140.5,1.0,Oct
INTNEM,Autumn,11,Belgium (Nemolink),BELGIUM,1366,2021-11-01 00:00:00+00:00,2025-11-30 23:30:00+00:00,7196,71568,64372,10.054773082942097,3598.0,4888,2226,82,67.9266259032796,30.93385214007782,1.1395219566425792,import,286.7929405225125,450.0,-976.0,-198.0,890.0,1000.0,460.9224569205114,174.12951639799888,678.5593289689034,562.9092542677448,1020.0,1022.0,1022.0,1020.0,20.99509081423957,32.942898975109806,-71.44948755490483,73.20644216691069,49.674914272979755,41.208583767770484,74.81698389458272,74.67057101024889,1658.3990000000001,626.518,1031.8809999999999,2284.917,343,6.901504883535708,64.98054474708171,17.871039466370206,0.0,13.465814341300723,4.405225125069483,4.5,1.0,Nov
INTNEM,Spring,3,Belgium (Nemolink),BELGIUM,1366,2022-03-01 00:00:00+00:00,2026-03-31 23:30:00+00:00,7438,71616,64178,10.3859472743521,3719.0,6089,1309,40,81.86340414089808,17.598816886259748,0.5377789728421619,import,520.7485883301963,730.0,-718.3,220.0,996.0,1018.0,603.8900242000537,83.14143586985749,737.6800788306783,472.4262796027502,1366.0,1024.0,1366.0,1020.0,38.1221514150949,53.440702781844806,-52.58418740849194,74.52415812591508,54.002934028600166,34.58464711586751,100.0,74.67057101024889,2245.867,309.20300000000003,1936.6639999999998,2555.0699999999997,357,7.178384416672484,70.75826835170744,21.806937348749663,0.0,19.951599892444204,1.8553374563054583,3.5,1.0,Mar
INTNEM,Spring,4,Belgium (Nemolink),BELGIUM,1366,2022-04-01 00:00:00+00:00,2026-04-30 23:30:00+00:00,7199,71568,64369,10.058964900514196,3599.5,5163,1997,39,71.71829420752883,27.739963883872758,0.5417419085984165,import,356.4614529795805,528.0,-1020.0,-81.0,996.0,1020.0,509.1921100152799,152.7306570356994,709.9891535928724,550.5798698047071,1020.0,1024.0,1024.0,1020.0,26.095274742282612,38.65300146412884,-74.67057101024889,74.67057101024889,51.97577991163048,40.3059933971235,74.96339677891655,74.67057101024889,1832.837,549.754,1283.083,2382.5910000000003,402,8.088644207525814,65.42575357688568,26.05917488540075,0.0,19.988887345464647,6.070287539936102,3.0,1.0,Apr
INTNEM,Spring,5,Belgium (Nemolink),BELGIUM,1366,2022-05-01 00:00:00+00:00,2026-05-31 23:30:00+00:00,7440,71616,64176,10.388739946380698,3720.0,4965,2451,24,66.73387096774194,32.94354838709677,0.3225806451612903,import,266.31236559139785,474.0,-1020.0,-282.5,956.0,1016.0,474.7747311827957,208.46236559139786,711.4449144008056,632.7866177070583,1020.0,1024.0,1024.0,1020.0,19.49578078999984,34.69985358711566,-74.67057101024889,74.37774524158127,52.0823509810253,46.32405693316679,74.96339677891655,74.67057101024889,1766.162,775.48,990.682,2541.642,394,7.922362633526496,69.01881720430107,25.188172043010752,0.0,15.38978494623656,9.798387096774192,2.0,1.0,May
INTNEM,Summer,6,Belgium (Nemolink),BELGIUM,1366,2022-06-01 00:00:00+00:00,2026-06-30 22:30:00+00:00,7198,71566,64368,10.057848699102925,3599.0,4017,3136,45,55.807168657960545,43.567657682689635,0.6251736593498194,import,79.09641567101973,129.0,-1022.0,-542.0,728.0,1016.0,346.91914420672407,267.82272853570436,621.6390341050535,614.7283163265306,1020.0,1044.0,1044.0,1022.0,5.790367179430435,9.443631039531478,-74.81698389458272,74.37774524158127,45.50798199890582,45.002072937520545,76.42752562225475,74.81698389458272,1248.562,963.894,284.66799999999995,2212.456,400,8.048627122196605,61.211447624340096,19.171992220061128,0.0,9.391497638232844,9.780494581828286,2.0,1.0,Jun
INTNEM,Summer,7,Belgium (Nemolink),BELGIUM,1366,2021-07-01 00:00:00+00:00,2025-07-31 23:30:00+00:00,7436,71616,64180,10.383154602323504,3718.0,5200,2183,53,69.93006993006993,29.357181280258203,0.7127487896718665,import,360.5121032813341,640.0,-978.5,-154.0,968.0,1020.0,523.2638515330823,162.75174825174824,748.2673076923077,554.3847915712322,1020.0,1024.0,1024.0,1020.0,26.391808439336312,46.85212298682284,-71.63250366032212,74.67057101024889,54.77798738596689,40.58453818237425,74.96339677891655,74.67057101024889,1945.495,605.1110000000001,1340.384,2550.606,349,7.017524261677022,71.14039806347499,24.233458848843465,0.0,19.997310381925768,4.236148466917697,5.0,1.0,Jul
INTNEM,Summer,8,Belgium (Nemolink),BELGIUM,1366,2021-08-01 00:00:00+00:00,2025-08-31 23:30:00+00:00,7440,71616,64176,10.388739946380698,3720.0,4904,2484,52,65.91397849462366,33.387096774193544,0.6989247311827957,import,261.0865591397849,496.0,-1020.0,-300.5,876.0,1020.0,464.68924731182796,203.602688172043,704.9934747145188,609.8244766505636,1020.0,1024.0,1024.0,1020.0,19.113218092224372,36.310395314787705,-74.67057101024889,74.67057101024889,51.61006403473783,44.64308028188606,74.96339677891655,74.67057101024889,1728.6439999999998,757.402,971.242,2486.046,319,6.41429868044404,70.09408602150538,22.056451612903224,0.0,15.564516129032258,6.491935483870968,4.0,1.0,Aug
INTNEM,Winter,1,Belgium (Nemolink),BELGIUM,1366,2022-01-01 00:00:00+00:00,2026-01-31 23:30:00+00:00,7434,71616,64182,10.380361930294907,3717.0,5454,1914,66,73.36561743341404,25.746569814366428,0.8878127522195319,import,384.7678235135862,556.0,-880.0,-26.0,980.0,1020.0,515.8062953995158,131.0384718859295,703.062706270627,508.9550679205852,1034.0,1024.0,1034.0,1020.0,28.16748341973545,40.702781844802345,-64.42166910688141,74.67057101024889,51.46871934631238,37.25878974528442,75.69546120058565,74.67057101024889,1917.2520000000002,487.07,1430.182,2404.322,343,6.896879145430426,64.59510357815442,22.033898305084744,0.0,19.58568738229755,2.4482109227871938,3.0,1.0,Jan
INTNEM,Winter,2,Belgium (Nemolink),BELGIUM,1366,2022-02-01 00:00:00+00:00,2026-02-28 23:30:00+00:00,6764,71472,64708,9.46384598164316,3382.0,4977,1611,176,73.58072146658782,23.81726788882318,2.6020106445890008,import,418.39325842696627,603.0,-769.6999999999999,0.0,978.0,1016.0,526.824659964518,108.43140153755175,715.9819168173599,455.26381129733085,1020.0,1022.0,1022.0,1018.0,30.62908187605903,44.143484626647144,-56.34699853587116,74.37774524158127,52.41448878604391,33.32824387242539,74.81698389458272,74.52415812591508,1781.721,366.715,1415.0059999999999,2148.436,306,6.165297813099019,64.3110585452395,19.662921348314608,0.0,17.93317563571851,1.7297457125960969,63.0,1.0,Feb
INTNEM,Winter,12,Belgium (Nemolink),BELGIUM,1366,2021-12-01 00:00:00+00:00,2025-12-31 23:30:00+00:00,7433,71616,64183,10.378965594280608,3716.5,5308,2054,71,71.41127404816359,27.633526167092693,0.9551997847437105,import,354.93205973362035,542.0,-920.0,-84.0,956.0,1020.0,502.2034171935961,147.27135745997577,703.2550866616428,532.9444985394352,1020.0,1024.0,1024.0,1020.0,25.983313304071768,39.67789165446559,-67.34992679355784,74.67057101024889,51.48280283028132,39.014970610500384,74.96339677891655,74.67057101024889,1866.439,547.3340000000001,1319.105,2413.773,355,7.138169377923619,65.97605273779094,20.34171935961254,0.0,17.099421498721913,3.242297860890623,7.5,1.0,Dec
INTNSL,Autumn,9,North Sea Link (INTNSL),NORWAY2,1846,2022-09-01 00:00:00+00:00,2025-09-30 23:30:00+00:00,5759,54048,48289,10.655343398460628,2879.5,4155,1390,214,72.14794235110263,24.13613474561556,3.7159229032818195,import,727.2759159576316,1398.0,-1134.0,0.0,1398.0,1400.0,919.7114082305956,192.43549227296407,1274.7576413959086,797.2920863309353,1400.0,1454.0,1454.0,1400.0,39.39739523064093,75.73131094257855,-61.430119176598055,75.83965330444204,69.0551268361814,43.190253864081,78.76489707475623,75.83965330444204,2648.309,554.118,2094.191,3202.427,73,1.94497381908339,84.89321062684493,75.0130230942872,0.0,63.014412224344504,11.998610869942699,105.5,1.0,Sep
INTNSL,Autumn,10,North Sea Link (INTNSL),NORWAY2,1846,2021-10-01 23:00:00+00:00,2025-10-31 23:30:00+00:00,7391,71570,64179,10.326952633785105,3695.5,5237,1021,1133,70.85644703017184,13.814098227574076,15.329454742254093,import,664.6543092950886,694.0,-870.0,0.0,1398.0,1398.0,750.6635096739277,86.00920037883913,1059.414550315066,622.6190009794319,1400.0,1454.0,1454.0,1398.0,36.0051088458878,37.594799566630556,-47.12892741061755,75.73131094257855,57.389737286839974,33.728006553598696,78.76489707475623,75.73131094257855,2774.077,317.847,2456.23,3091.924,103,2.0724056504911346,72.66946286023543,46.67839263969693,0.0,42.3623325666351,4.3160600730618315,269.0,1.0,Oct
INTNSL,Autumn,11,North Sea Link (INTNSL),NORWAY2,1846,2021-11-01 00:00:00+00:00,2025-11-30 23:30:00+00:00,7196,71568,64372,10.054773082942097,3598.0,6365,817,14,88.45191773207337,11.353529738743747,0.19455252918287938,import,846.6281267370762,1024.0,-620.5,694.0,1398.0,1398.0,915.0728182323513,68.44469149527515,1034.542655145326,602.8494492044064,1400.0,1454.0,1454.0,1398.0,45.86284543537791,55.47128927410617,-33.613217768147344,75.73131094257855,56.042397353484624,32.657066587454295,78.76489707475623,75.73131094257855,3292.432,246.26399999999998,3046.168,3538.696,128,2.575488702893792,87.70150083379656,53.237909949972206,0.0,50.291828793774314,2.9460811561978875,1.5,1.0,Nov
INTNSL,Spring,3,North Sea Link (INTNSL),NORWAY2,1846,2022-03-01 00:00:00+00:00,2026-03-31 23:30:00+00:00,7438,71616,64178,10.3859472743521,3719.0,6841,595,2,91.97364883033073,7.999462221027158,0.026888948642108095,import,940.3756386125302,1076.0,-614.0,712.0,1398.0,1398.0,1004.495563323474,64.1199247109438,1092.1558251717586,801.5529411764705,1400.0,1454.0,1454.0,1400.0,50.94125886308399,58.28819068255689,-33.26110509209101,75.73131094257855,59.16337081103784,43.42106940284239,78.76489707475623,75.83965330444204,3735.7189999999996,238.46200000000002,3497.257,3974.181,66,1.3270962787125602,94.15165367034149,62.89325087389083,0.0,59.58591019091154,3.3073406829792957,0.5,1.0,Mar
INTNSL,Spring,4,North Sea Link (INTNSL),NORWAY2,1846,2022-04-01 00:00:00+00:00,2026-04-30 23:30:00+00:00,7199,71568,64369,10.058964900514196,3599.5,5841,1349,9,81.13626892623975,18.738713710237533,0.12501736352271148,import,711.0079177663564,998.0,-1240.0,405.0,1398.0,1398.0,840.5375746631477,129.5296568967912,1035.9578839239857,691.240919199407,1400.0,1454.0,1454.0,1398.0,38.51613855722408,54.062838569880824,-67.17226435536294,75.73131094257855,56.1190619677132,37.44533690137632,78.76489707475623,75.73131094257855,3025.5150000000003,466.2420000000001,2559.273,3491.757,154,3.098634845669093,84.28948465064592,54.896513404639535,0.0,48.70120850118072,6.195304903458814,0.5,1.0,Apr
INTNSL,Spring,5,North Sea Link (INTNSL),NORWAY2,1846,2022-05-01 00:00:00+00:00,2026-05-31 23:30:00+00:00,7440,71616,64176,10.388739946380698,3720.0,5954,1445,41,80.02688172043011,19.422043010752688,0.5510752688172043,import,844.202688172043,1296.0,-738.0,366.0,1398.0,1400.0,941.5502688172043,97.34758064516129,1176.5424924420558,501.2221453287197,1400.0,1454.0,1454.0,1400.0,45.73145656403267,70.20585048754063,-39.978331527627304,75.83965330444204,63.73469623196402,27.151795521599116,78.76489707475623,75.83965330444204,3502.567,362.13300000000004,3140.434,3864.7,87,1.7493541855756474,83.44086021505376,63.413978494623656,0.0,62.17741935483871,1.2365591397849462,5.5,1.0,May
INTNSL,Summer,6,North Sea Link (INTNSL),NORWAY2,1846,2022-06-01 00:00:00+00:00,2026-06-30 22:30:00+00:00,7198,71566,64368,10.057848699102925,3599.0,6073,1029,96,84.37065851625451,14.295637677132536,1.333703806612948,import,835.0036121144763,1169.0,-648.5999999999999,454.0,1396.0,1400.0,897.3981661572659,62.394554042789665,1063.637740820023,436.4586977648202,1420.0,1454.0,1454.0,1400.0,45.23313175051333,63.3261105092091,-35.13542795232936,75.83965330444204,57.61851250379323,23.643483085851585,78.76489707475623,75.83965330444204,3229.7360000000003,224.558,3005.1780000000003,3454.2940000000003,172,3.4609096625445397,79.95276465684913,55.19588774659627,0.0,53.903862183939985,1.2920255626562933,8.5,1.0,Jun
INTNSL,Summer,7,North Sea Link (INTNSL),NORWAY2,1846,2022-07-01 00:00:00+00:00,2025-07-31 23:30:00+00:00,5948,54096,48148,10.995267672286307,2974.0,5223,720,5,87.81102891728312,12.1049092131809,0.08406186953597848,import,1010.527908540686,1396.0,-688.0,918.0,1398.0,1400.0,1081.273369199731,70.74546065904505,1231.3639670687344,584.4361111111111,1846.0,1454.0,1846.0,1400.0,54.74149017013467,75.62296858071505,-37.269772481040086,75.83965330444204,66.70444025291086,31.659594318045016,100.0,75.83965330444204,3215.7070000000003,210.397,3005.3100000000004,3426.1040000000003,98,2.608743876513541,88.18090114324143,74.6469401479489,0.03362474781439139,72.09145931405514,2.555480833893746,0.5,1.0,Jul
INTNSL,Summer,8,North Sea Link (INTNSL),NORWAY2,1846,2022-08-01 00:00:00+00:00,2025-08-31 23:30:00+00:00,5952,54096,48144,11.002661934338953,2976.0,4623,998,331,77.67137096774194,16.767473118279568,5.561155913978495,import,797.9872311827957,1200.0,-746.0,93.5,1398.0,1400.0,888.7597446236559,90.77251344086021,1144.256543370106,541.3607214428857,1428.0,1448.0,1448.0,1400.0,43.2279106816249,65.00541711809318,-40.41170097508125,75.83965330444204,61.98572824323435,29.326149590622197,78.43986998916577,75.83965330444204,2644.949,270.139,2374.81,2915.088,122,3.247619927904612,77.67137096774194,61.57594086021505,0.0,58.28293010752689,3.293010752688172,161.0,1.0,Aug
INTNSL,Winter,1,North Sea Link (INTNSL),NORWAY2,1846,2022-01-01 00:00:00+00:00,2026-01-31 23:30:00+00:00,7434,71616,64182,10.380361930294907,3717.0,6246,1166,22,84.01937046004842,15.684691955878396,0.29593758407317733,import,769.0059187516815,986.0,-738.0,470.0,1398.0,1398.0,852.0637610976594,83.05784234597795,1014.1277617675312,529.5471698113207,1400.0,1454.0,1454.0,1398.0,41.657958762279605,53.412784398699884,-39.978331527627304,75.73131094257855,54.936498470613834,28.686195547742187,78.76489707475623,75.73131094257855,3167.121,308.726,2858.395,3475.8469999999998,164,3.2976331774069676,81.70567662093086,51.72181867097121,0.0,48.4530535377993,3.2687651331719128,5.5,1.0,Jan
INTNSL,Winter,2,North Sea Link (INTNSL),NORWAY2,1846,2022-02-01 00:00:00+00:00,2026-02-28 23:30:00+00:00,6764,71472,64708,9.46384598164316,3382.0,5519,1237,8,81.59373151981076,18.287995269071555,0.11827321111768185,import,735.9124778237729,1090.0,-1445.6999999999998,568.0,1398.0,1398.0,909.1209343583678,173.20845653459492,1114.2043848523283,947.1156022635408,1400.0,1454.0,1454.0,1445.699999999999,39.86524798611988,59.0465872156013,-78.31527627302275,75.73131094257855,60.35776732677835,51.30637065349625,78.76489707475623,78.31527627302269,3074.647,585.791,2488.8559999999998,3660.438,70,1.410362244826573,89.591957421644,74.89651094027204,0.0,64.78415138971023,10.112359550561797,0.5,1.0,Feb
INTNSL,Winter,12,North Sea Link (INTNSL),NORWAY2,1846,2021-12-01 00:00:00+00:00,2025-12-31 23:30:00+00:00,7433,71616,64183,10.378965594280608,3716.5,6183,1230,20,83.1831023812727,16.54782725682766,0.2690703618996368,import,715.5600699582941,698.0,-940.0,390.0,1398.0,1398.0,815.0117045607426,99.45163460244854,979.7803655183568,600.9951219512195,1400.0,1454.0,1454.0,1398.0,38.76273401724237,37.81148429035753,-50.92091007583966,75.73131094257855,53.07585945386549,32.55661549031525,78.76489707475623,75.73131094257855,3028.991,369.612,2659.379,3398.603,151,3.036235425539342,80.33095654513656,47.5581864657608,0.0,42.983990313466975,4.574196152293824,2.5,1.0,Dec
INTVKL,Autumn,9,Denmark (Viking link),DENMARK1,2480,2024-09-01 00:00:00+00:00,2025-09-30 23:30:00+00:00,2880,18960,16080,15.18987341772152,1440.0,1853,1024,3,64.34027777777777,35.55555555555556,0.10416666666666667,import,301.6666666666667,611.0,-1092.0,-582.0,990.0,1424.0,579.8555555555556,278.18888888888887,901.2325957906098,782.40625,1428.0,1454.0,1454.0,1424.0,12.163978494623656,24.637096774193548,-44.03225806451613,57.41935483870968,36.34002402381491,31.548639112903224,58.62903225806452,57.41935483870968,834.992,400.592,434.4,1235.5839999999998,142,10.78537897568437,78.29861111111111,35.59027777777778,0.0,19.305555555555557,16.28472222222222,0.5,1.0,Sep
INTVKL,Autumn,10,Denmark (Viking link),DENMARK1,2480,2024-10-01 00:00:00+00:00,2025-10-31 23:30:00+00:00,2976,19008,16032,15.656565656565657,1488.0,2107,852,17,70.7997311827957,28.62903225806452,0.571236559139785,import,474.2654569892473,796.0,-1090.0,-178.5,1177.0,1424.0,677.8219086021505,203.55645161290323,957.3792121499763,711.0140845070423,1428.0,1454.0,1454.0,1424.0,19.123607136663196,32.09677419354839,-43.95161290322581,57.41935483870968,38.604000489918405,28.669922762380736,58.62903225806452,57.41935483870968,1008.5989999999999,302.89200000000005,705.707,1311.491,141,10.682380175724733,78.09139784946237,37.76881720430107,0.0,28.797043010752688,8.971774193548388,4.0,1.0,Oct
INTVKL,Autumn,11,Denmark (Viking link),DENMARK1,2480,2024-11-01 00:00:00+00:00,2025-11-30 23:30:00+00:00,2880,18960,16080,15.18987341772152,1440.0,1620,1122,138,56.25,38.958333333333336,4.791666666666667,import,231.17222222222222,290.0,-1094.0,-634.0,992.0,1424.0,528.5743055555556,297.40208333333334,939.6876543209877,763.3850267379679,2480.0,1454.0,2480.0,1424.0,9.3214605734767,11.693548387096774,-44.11290322580645,57.41935483870968,37.89063122262047,30.78165430395032,100.0,57.41935483870968,761.1469999999999,428.259,332.888,1189.4060000000002,106,8.051057545229177,73.57638888888889,41.28472222222222,0.06944444444444445,24.166666666666668,17.118055555555557,63.0,1.0,Nov
INTVKL,Spring,3,Denmark (Viking link),DENMARK1,2480,2024-03-01 00:00:00+00:00,2026-03-31 23:30:00+00:00,4464,36528,32064,12.220762155059132,2232.0,3227,1222,15,72.2894265232975,27.374551971326166,0.33602150537634407,import,464.6648745519713,776.0,-1078.0,-118.5,990.0,1420.0,639.1756272401434,174.51075268817203,884.1896498295631,637.4926350245499,1428.0,1100.0,1428.0,1420.0,18.73648687709562,31.290322580645164,-43.46774193548387,57.25806451612904,35.65280846086947,25.70534818647379,57.58064516129032,57.25806451612904,1426.6399999999999,389.50800000000004,1037.132,1816.1480000000001,207,8.16053877953295,76.27688172043011,27.46415770609319,0.0,20.72132616487455,6.742831541218639,1.5,1.0,Mar
INTVKL,Spring,4,Denmark (Viking link),DENMARK1,2480,2024-04-01 00:00:00+00:00,2026-04-30 23:30:00+00:00,4320,36480,32160,11.842105263157894,2160.0,2284,1719,317,52.87037037037037,39.791666666666664,7.337962962962963,import,187.82638888888889,125.0,-1092.0,-474.0,978.0,1420.0,445.02222222222224,257.1958333333333,841.723292469352,646.3560209424083,1430.0,1456.0,1456.0,1424.0,7.573644713261649,5.040322580645161,-44.03225806451613,57.25806451612904,33.94045534150613,26.06274277993582,58.70967741935483,57.41935483870968,961.248,555.5430000000001,405.70500000000004,1516.7910000000002,238,9.394994380328408,65.13888888888889,23.84259259259259,0.0,13.88888888888889,9.953703703703704,67.0,1.0,Apr
INTVKL,Spring,5,Denmark (Viking link),DENMARK1,2480,2024-05-01 00:00:00+00:00,2026-05-31 23:30:00+00:00,4464,36528,32064,12.220762155059132,2232.0,2201,949,1314,49.30555555555556,21.258960573476703,29.435483870967744,import,303.74417562724017,0.0,-1047.4,0.0,822.5,1424.0,440.8637992831541,137.11962365591398,894.1462971376646,644.9968387776607,1430.0,1452.0,1452.0,1424.0,12.247749017227425,0.0,-42.233870967741936,57.41935483870968,36.05428617490583,26.00793704748632,58.54838709677419,57.41935483870968,984.008,306.05100000000004,677.957,1290.059,163,6.425931502724013,51.61290322580645,24.484767025089607,0.0,18.615591397849464,5.869175627240144,324.0,1.0,May
INTVKL,Summer,6,Denmark (Viking link),DENMARK1,2480,2024-06-01 00:00:00+00:00,2026-06-30 22:30:00+00:00,4318,36478,32160,11.83727178025111,2159.0,2536,1540,242,58.730893932376105,35.66465956461325,5.604446503010653,import,271.6137100509495,400.0,-1340.0,-454.0,992.0,1426.0,548.4529874942103,276.83927744326076,933.8406940063091,776.2285714285714,1430.0,1454.0,1454.0,1428.0,10.952165727860868,16.129032258064516,-54.03225806451613,57.49999999999999,37.65486669380279,31.29953917050691,58.62903225806452,57.58064516129032,1184.11,597.6959999999999,586.414,1781.8059999999998,192,7.579570688378978,71.74617878647523,37.93422880963409,0.0,24.17786012042612,13.756368689207967,109.0,1.0,Jun
INTVKL,Summer,7,Denmark (Viking link),DENMARK1,2480,2024-07-01 00:00:00+00:00,2025-07-31 23:30:00+00:00,2976,19008,16032,15.656565656565657,1488.0,1864,1100,12,62.634408602150536,36.96236559139785,0.4032258064516129,import,295.68145161290323,534.0,-1092.0,-470.0,990.0,1420.0,546.5604838709677,250.8790322580645,872.6201716738198,678.7418181818182,1436.0,1098.0,1436.0,1420.0,11.922639177939645,21.532258064516128,-44.03225806451613,57.25806451612904,35.18629724491208,27.368621700879764,57.90322580645161,57.25806451612904,813.2819999999999,373.30800000000005,439.974,1186.5900000000001,163,12.34913452938391,74.66397849462365,28.326612903225808,0.0,16.93548387096774,11.391129032258064,1.0,1.0,Jul
INTVKL,Summer,8,Denmark (Viking link),DENMARK1,2480,2024-08-01 00:00:00+00:00,2025-08-31 23:30:00+00:00,2976,19008,16032,15.656565656565657,1488.0,1228,1085,663,41.263440860215056,36.45833333333333,22.278225806451612,import,37.23454301075269,0.0,-1092.0,-603.0,752.0,1066.0,320.47983870967744,283.24529569892474,776.6677524429967,776.9013824884793,1428.0,1098.0,1428.0,1096.0,1.5013928633368017,0.0,-44.03225806451613,42.983870967741936,31.3172480823789,31.326668648729004,57.58064516129032,44.193548387096776,476.874,421.46900000000005,55.40499999999999,898.3430000000001,124,9.394433629715367,58.1989247311828,22.379032258064516,0.0,5.712365591397849,16.666666666666664,272.0,1.0,Aug
INTVKL,Winter,1,Denmark (Viking link),DENMARK1,2480,2024-01-01 00:00:00+00:00,2026-01-31 23:30:00+00:00,4464,36576,32112,12.204724409448819,2232.0,3392,985,87,75.98566308243727,22.06541218637993,1.9489247311827957,import,514.780017921147,674.0,-779.7,21.5,990.0,1422.0,627.2343189964158,112.45430107526882,825.4640330188679,509.64060913705583,1426.0,1402.0,1426.0,1422.0,20.757258787143023,27.17741935483871,-31.43951612903226,57.33870967741935,33.284840041083385,20.550024561978056,57.49999999999999,57.33870967741935,1399.987,250.99800000000002,1148.989,1650.9850000000001,146,5.748188653451812,72.06541218637993,25.24641577060932,0.0,23.230286738351253,2.0161290322580645,5.0,1.0,Jan
INTVKL,Winter,2,Denmark (Viking link),DENMARK1,2480,2024-02-01 00:00:00+00:00,2026-02-28 23:30:00+00:00,4080,36432,32352,11.198945981554678,2040.0,2424,1392,264,59.411764705882355,34.11764705882353,6.470588235294119,import,270.3205882352941,322.0,-1092.0,-468.0,988.0,1422.0,520.2205882352941,249.9,875.6188118811881,732.4655172413793,1426.0,1100.0,1426.0,1422.0,10.900023719165084,12.983870967741936,-44.03225806451613,57.33870967741935,35.30721015649952,29.534899888765292,57.49999999999999,57.33870967741935,1061.25,509.79600000000005,551.454,1571.046,138,5.454695177184266,70.24509803921568,36.004901960784316,0.0,22.598039215686274,13.406862745098039,115.5,1.0,Feb
INTVKL,Winter,12,Denmark (Viking link),DENMARK1,2480,2023-12-30 00:00:00+00:00,2025-12-31 23:30:00+00:00,3072,35184,32112,8.731241473396999,1536.0,2185,878,9,71.12630208333334,28.580729166666668,0.29296875,import,511.53515625,784.0,-1092.9,-250.0,1382.0,1424.0,728.1126302083334,216.57747395833334,1023.6897025171625,757.7744874715262,1426.0,1098.0,1426.0,1424.0,20.626417590725804,31.612903225806452,-44.06854838709677,57.41935483870968,41.27781058536945,30.555422881916382,57.49999999999999,57.41935483870968,1118.3809999999999,332.663,785.718,1451.044,76,3.1105931842082826,83.56119791666666,48.27473958333333,0.0,36.71875,11.555989583333332,1.5,1.0,Dec
TOTAL_GB_INTERCONNECTORS,Autumn,9,GB interconnector fleet total,Fleet,14398,2021-09-01 00:00:00+00:00,2025-09-30 23:30:00+00:00,7200,71568,64368,10.06036217303823,3600.0,5234,1964,2,72.69444444444444,27.27777777777778,0.027777777777777776,import,1565.6952777777778,2245.0,-4538.1,-426.5,4004.5,5618.0,2343.5333333333333,777.8380555555556,3223.8135269392433,2851.544806517312,8560.0,6360.0,8560.0,5772.0999999999985,10.8743942059854,15.59244339491596,-31.518960966800943,39.019308237255174,22.390703757044335,19.805145204315266,59.452701764133906,40.08959577719126,8436.72,2800.217,5636.503,11236.937,174,3.5010549554962482,93.90277777777779,87.43055555555556,79.47222222222223,65.54166666666667,21.88888888888889,0.5,1.0,Sep
TOTAL_GB_INTERCONNECTORS,Autumn,10,GB interconnector fleet total,Fleet,14398,2021-10-01 00:00:00+00:00,2025-10-31 23:30:00+00:00,7440,71616,64176,10.388739946380698,3720.0,5407,2030,3,72.67473118279571,27.284946236559136,0.04032258064516129,import,1740.0201612903227,2419.0,-3944.6999999999994,-272.0,3852.5,5642.0999999999985,2336.7532258064516,596.733064516129,3215.358609210283,2187.041379310345,8466.0,6246.0,8466.0,5672.299999999996,12.085151835604409,16.800944575635505,-27.397555216002218,39.1866925961939,22.331980894640107,15.189897064247429,58.79983331018197,39.39644395054866,8692.722,2219.847,6472.875,10912.569,249,5.00677232423375,92.01612903225806,84.16666666666667,76.11559139784946,64.59677419354838,19.56989247311828,0.5,1.0,Oct
TOTAL_GB_INTERCONNECTORS,Autumn,11,GB interconnector fleet total,Fleet,14398,2021-11-01 00:00:00+00:00,2025-11-30 23:30:00+00:00,7200,71568,64368,10.06036217303823,3600.0,5284,1909,7,73.38888888888889,26.513888888888886,0.09722222222222222,import,1777.0411111111111,2097.0,-3616.4999999999995,-186.0,4088.0,6040.0,2354.5075,577.4663888888889,3208.2615442846327,2177.9769512833946,8736.0,6302.0,8736.0,6080.199999999997,12.34227747681005,14.564522850395887,-25.11807195443811,41.9502708709543,22.28268887543154,15.126940903482389,60.675093763022645,42.229476316155,8476.227,2078.879,6397.348,10555.106,243,4.8894043343999325,91.29166666666667,82.06944444444444,73.29166666666667,62.72222222222222,19.34722222222222,1.5,1.0,Nov
TOTAL_GB_INTERCONNECTORS,Spring,3,GB interconnector fleet total,Fleet,14398,2022-03-01 00:00:00+00:00,2026-03-31 23:30:00+00:00,7440,71616,64176,10.388739946380698,3720.0,6871,566,3,92.3521505376344,7.607526881720431,0.04032258064516129,import,4022.936021505376,4328.0,-666.0999999999999,2203.0,6168.0,7486.0999999999985,4122.115591397849,99.17956989247311,4463.475476640955,1303.703180212014,9230.0,4600.0,9230.0,7486.0999999999985,27.940936390508238,30.05973051812752,-4.626336991248784,51.99402694818724,31.000663124329453,9.054751911460022,64.10612585081262,51.99402694818724,15334.27,368.948,14965.322,15703.218,159,3.1970955805348042,95.47043010752688,90.12096774193549,84.97311827956989,86.14247311827957,3.978494623655914,0.5,1.0,Mar
TOTAL_GB_INTERCONNECTORS,Spring,4,GB interconnector fleet total,Fleet,14398,2022-04-01 00:00:00+00:00,2026-04-30 23:30:00+00:00,7200,71568,64368,10.06036217303823,3600.0,5837,1359,4,81.06944444444444,18.875,0.05555555555555555,import,2708.0594444444446,3014.0,-2944.1,700.0,5288.0,6728.0999999999985,3082.883888888889,374.82444444444445,3802.769230769231,1985.8248712288448,8542.0,6472.0,8542.0,6728.0999999999985,18.808580667067957,20.93346298096958,-20.44797888595638,46.72940686206417,26.41178796200327,13.79236610104768,59.32768440061119,46.72940686206417,11098.382000000001,1349.368,9749.014000000001,12447.75,210,4.225411153185127,92.38888888888889,84.2638888888889,76.59722222222223,71.61111111111111,12.652777777777777,0.5,1.0,Apr
TOTAL_GB_INTERCONNECTORS,Spring,5,GB interconnector fleet total,Fleet,14398,2022-05-01 00:00:00+00:00,2026-05-31 23:30:00+00:00,7440,71616,64176,10.388739946380698,3720.0,5905,1535,0,79.36827956989248,20.631720430107528,0.0,import,2815.9362903225806,3838.0,-4136.1,1153.0,5430.0,6706.0999999999985,3413.007795698925,597.0715053763441,4300.216426756986,2893.9491856677523,8724.0,6746.0,8724.0,6708.0,19.55782949244743,26.656480066675925,-28.726906514793722,46.576607862203076,29.86676223612297,20.09966096449335,60.5917488540075,46.589804139463816,12696.389,2221.1059999999998,10475.283,14917.495,97,1.950429379319975,97.04301075268818,93.07795698924731,88.87096774193549,75.5510752688172,17.526881720430108,0.0,1.0,May
TOTAL_GB_INTERCONNECTORS,Summer,6,GB interconnector fleet total,Fleet,14398,2022-06-01 00:00:00+00:00,2026-06-30 22:30:00+00:00,7198,71566,64368,10.057848699102925,3599.0,5122,2070,6,71.158655181995,28.757988330091695,0.08335648791330925,import,2083.1631008613504,2547.0,-4128.9,-516.0,4962.0,6927.799999999996,2758.7274242845233,675.564323423173,3876.86841077704,2349.136231884058,8712.0,5978.0,8712.0,6927.799999999996,14.468419925415684,17.689956938463673,-28.676899569384634,48.11640505625778,26.92643707999056,16.315712125878996,60.50840394499236,48.11640505625778,9928.66,2431.3559999999998,7497.304,12360.016,187,3.7627331796269123,92.20616838010558,84.39844401222561,76.28507918866352,62.50347318699638,21.89497082522923,1.5,1.0,Jun
TOTAL_GB_INTERCONNECTORS,Summer,7,GB interconnector fleet total,Fleet,14398,2021-07-01 00:00:00+00:00,2025-07-31 23:30:00+00:00,7440,71616,64176,10.388739946380698,3720.0,5520,1915,5,74.19354838709677,25.739247311827956,0.06720430107526883,import,2422.6986559139787,3442.0,-3832.1,-127.0,4795.0,6666.0,3023.0594086021506,600.360752688172,4074.5583333333334,2332.472062663185,8270.0,6314.0,8270.0,6666.0,16.826633254021242,23.906098069176274,-26.615502153076815,46.29809695791082,28.299474464045932,16.199972653585117,57.43853312960133,46.29809695791082,11245.780999999999,2233.342,9012.439,13479.123,130,2.6139775186762546,94.6236559139785,89.4489247311828,83.95161290322581,69.6236559139785,19.8252688172043,1.5,1.0,Jul
TOTAL_GB_INTERCONNECTORS,Summer,8,GB interconnector fleet total,Fleet,14398,2021-08-01 00:00:00+00:00,2025-08-31 23:30:00+00:00,7440,71616,64176,10.388739946380698,3720.0,5637,1803,0,75.76612903225806,24.233870967741936,0.0,import,2177.632795698925,2910.0,-3770.2999999999997,70.5,4466.5,6494.199999999997,2715.063978494624,537.4311827956989,3583.4798651765122,2217.686078757626,8902.0,7914.0,8902.0,6508.199999999997,15.1245506021595,20.21114043617169,-26.186275871648835,45.10487567717736,24.88873361006051,15.402737038183263,61.82803167106543,45.20211140436169,10100.038,1999.2440000000001,8100.794,12099.282,205,4.12204147175871,91.63978494623656,83.85752688172043,76.0215053763441,66.76075268817205,17.096774193548388,0.0,1.0,Aug
TOTAL_GB_INTERCONNECTORS,Winter,1,GB interconnector fleet total,Fleet,14398,2022-01-01 00:00:00+00:00,2026-01-31 23:30:00+00:00,7440,71616,64176,10.388739946380698,3720.0,5997,1436,7,80.60483870967742,19.301075268817204,0.09408602150537634,import,2616.7198924731183,2997.0,-2560.1,567.5,4936.0,6448.0,2963.19435483871,346.4744623655914,3676.199099549775,1795.1044568245125,8294.0,7206.0,8294.0,6462.199999999997,18.17419011302346,20.81539102653146,-17.78094179747187,44.78399777746909,25.532706622793267,12.467734802226088,57.60522294763162,44.88262258647032,11023.083,1288.8850000000002,9734.198,12311.968,266,5.348600153599106,91.46505376344086,83.58870967741936,75.47043010752688,71.30376344086021,12.28494623655914,0.5,1.0,Jan
TOTAL_GB_INTERCONNECTORS,Winter,2,GB interconnector fleet total,Fleet,14398,2022-02-01 00:00:00+00:00,2026-02-28 23:30:00+00:00,6768,71472,64704,9.469442578912021,3384.0,5851,911,6,86.45094562647753,13.460401891252955,0.08865248226950355,import,3153.4701536643024,3258.0,-1456.6,1261.5,5238.5,7164.0,3322.876773049645,169.4066193853428,3843.65578533584,1258.5554335894622,8862.0,4412.0,8862.0,7164.0,21.902140253259503,22.628142797610778,-10.116682872621197,49.75691068203918,26.695761809527987,8.741182341918753,61.55021530768162,49.75691068203918,11244.615,573.272,10671.343,11817.886999999999,240,4.83552769654825,92.61229314420804,84.8404255319149,77.60047281323878,77.89598108747045,6.944444444444445,0.5,1.0,Feb
TOTAL_GB_INTERCONNECTORS,Winter,12,GB interconnector fleet total,Fleet,14398,2021-12-01 00:00:00+00:00,2025-12-31 23:30:00+00:00,7440,71616,64176,10.388739946380698,3720.0,5829,1600,11,78.34677419354838,21.50537634408602,0.1478494623655914,import,2351.0158602150536,2563.0,-2666.1,394.0,4616.0,6544.0999999999985,2725.3478494623655,374.3319892473118,3478.5705952993653,1740.64375,8438.0,5664.0,8438.0,6544.0999999999985,16.32876691356476,17.801083483817195,-18.517155160438946,45.45145159049867,24.160095813997536,12.089482914293653,58.60536185581331,45.45145159049867,10138.294,1392.5150000000003,8745.779,11530.809000000001,285,5.730643021713328,91.72043010752688,82.78225806451613,73.53494623655914,68.81720430107528,13.96505376344086,0.5,1.0,Dec
