analysis_period,aggregation_level,interconnectorId,interconnectorName,direction,level_metric,direction_observations,direction_duration_hours,direction_share_of_operational_half_hours_pct,operational_observations,first_timestamp,last_timestamp,P0,P5,P10,P20,P30,P40,P50,P60,P70,P75,P85,P90,P95,P100
2025,fleet_total,TOTAL_GB_INTERCONNECTORS,GB interconnector fleet total,import,import_mw_conditional_on_importing,15442,7721.0,88.1392694063927,17520,2025-01-01 00:00:00+00:00,2025-12-31 23:30:00+00:00,2.0,612.0,1114.0,1952.4000000000005,2706.0,3398.0,4108.0,4729.200000000001,5344.0,5680.0,6320.0,6690.0,7182.0,9230.0
2025,fleet_total,TOTAL_GB_INTERCONNECTORS,GB interconnector fleet total,export,export_mw_positive_magnitude_conditional_on_exporting,2076,1038.0,11.849315068493151,17520,2025-01-01 00:00:00+00:00,2025-12-31 23:30:00+00:00,2.0,120.0,215.0,442.0,726.0,1050.0,1306.0,1656.0,2158.0,2440.5,3245.5,3750.0,4429.0,6746.0
2025,interconnector,INTELEC,Eleclink (INTELEC),import,import_mw_conditional_on_importing,13881,6940.5,79.22945205479452,17520,2025-01-01 00:00:00+00:00,2025-12-31 23:30:00+00:00,2.0,206.0,416.0,760.0,946.0,994.0,996.0,996.0,996.0,998.0,998.0,998.0,1000.0,1102.0
2025,interconnector,INTELEC,Eleclink (INTELEC),export,export_mw_positive_magnitude_conditional_on_exporting,674,337.0,3.8470319634703194,17520,2025-01-01 00:00:00+00:00,2025-12-31 23:30:00+00:00,2.0,6.0,10.0,46.0,83.80000000000001,106.39999999999998,178.0,250.0,350.0,405.5,602.0999999999999,716.8000000000002,842.7,1024.0
2025,interconnector,INTEW,Ireland(East-West),import,import_mw_conditional_on_importing,867,433.5,4.948630136986301,17520,2025-01-01 00:00:00+00:00,2025-12-31 23:30:00+00:00,2.0,8.0,10.0,28.0,58.0,80.0,138.0,178.0,204.0,204.0,234.0,306.79999999999995,392.0,504.0
2025,interconnector,INTEW,Ireland(East-West),export,export_mw_positive_magnitude_conditional_on_exporting,9627,4813.5,54.948630136986296,17520,2025-01-01 00:00:00+00:00,2025-12-31 23:30:00+00:00,2.0,20.0,54.0,144.0,248.0,362.0,448.0,524.0,528.0,530.0,530.0,532.0,532.0,588.0
2025,interconnector,INTFR,France(IFA),import,import_mw_conditional_on_importing,16191,8095.5,92.41438356164383,17520,2025-01-01 00:00:00+00:00,2025-12-31 23:30:00+00:00,2.0,398.0,578.0,996.0,1004.0,1248.0,1366.0,1504.0,1508.0,1568.0,2000.0,2004.0,2006.0,2548.0
2025,interconnector,INTFR,France(IFA),export,export_mw_positive_magnitude_conditional_on_exporting,1312,656.0,7.488584474885844,17520,2025-01-01 00:00:00+00:00,2025-12-31 23:30:00+00:00,2.0,2.0,2.0,80.0,168.0,282.79999999999995,397.0,504.0,648.0,738.0,1000.6999999999998,1049.8000000000002,1390.0,2072.0
2025,interconnector,INTGRNL,Ireland (Greenlink),import,import_mw_conditional_on_importing,2124,1062.0,13.169642857142858,16128,2025-01-30 00:00:00+00:00,2025-12-31 23:30:00+00:00,2.0,4.0,28.0,72.0,150.0,200.0,224.0,298.0,352.0,390.0,486.0,504.0,504.0,506.0
2025,interconnector,INTGRNL,Ireland (Greenlink),export,export_mw_positive_magnitude_conditional_on_exporting,13796,6898.0,85.54067460317461,16128,2025-01-30 00:00:00+00:00,2025-12-31 23:30:00+00:00,2.0,124.0,230.0,386.0,476.0,514.0,514.0,514.0,514.0,514.0,514.0,514.0,514.0,516.0
2025,interconnector,INTIFA2,IFA2 (INTIFA2),import,import_mw_conditional_on_importing,13922,6961.0,79.4634703196347,17520,2025-01-01 00:00:00+00:00,2025-12-31 23:30:00+00:00,2.0,222.0,424.0,758.0,934.0,990.0,992.0,992.0,992.0,992.0,992.0,992.0,992.0,1156.0
2025,interconnector,INTIFA2,IFA2 (INTIFA2),export,export_mw_positive_magnitude_conditional_on_exporting,3584,1792.0,20.456621004566212,17520,2025-01-01 00:00:00+00:00,2025-12-31 23:30:00+00:00,2.0,2.0,2.0,2.0,2.0,2.0,2.0,2.0,52.0,164.5,432.0,666.0,918.0,1028.0
2025,interconnector,INTIRL,Northern Ireland(Moyle),import,import_mw_conditional_on_importing,1790,895.0,10.21689497716895,17520,2025-01-01 00:00:00+00:00,2025-12-31 23:30:00+00:00,2.0,10.0,18.0,34.0,58.0,78.0,134.0,174.0,212.0,244.0,342.0,386.0,400.0,400.0
2025,interconnector,INTIRL,Northern Ireland(Moyle),export,export_mw_positive_magnitude_conditional_on_exporting,13791,6895.5,78.71575342465754,17520,2025-01-01 00:00:00+00:00,2025-12-31 23:30:00+00:00,2.0,37.0,88.0,212.0,302.0,370.0,432.0,450.0,452.0,452.0,452.0,452.0,452.0,592.0
2025,interconnector,INTNED,Netherlands(BritNed),import,import_mw_conditional_on_importing,8278,4139.0,47.24885844748859,17520,2025-01-01 00:00:00+00:00,2025-12-31 23:30:00+00:00,2.0,100.0,146.0,314.0,492.0,656.0,832.0,968.0,1016.0,1020.0,1036.0,1044.0,1054.0,1080.0
2025,interconnector,INTNED,Netherlands(BritNed),export,export_mw_positive_magnitude_conditional_on_exporting,7250,3625.0,41.381278538812786,17520,2025-01-01 00:00:00+00:00,2025-12-31 23:30:00+00:00,2.0,136.0,196.0,332.0,464.0,602.0,738.0,858.0,972.0,1014.0,1034.0,1044.0,1056.0,1092.0
2025,interconnector,INTNEM,Belgium (Nemolink),import,import_mw_conditional_on_importing,10958,5479.0,62.545662100456624,17520,2025-01-01 00:00:00+00:00,2025-12-31 23:30:00+00:00,2.0,87.70000000000005,172.0,346.0,502.0,636.0,770.0,888.0,988.0,996.0,1000.0,1016.0,1020.0,1020.0
2025,interconnector,INTNEM,Belgium (Nemolink),export,export_mw_positive_magnitude_conditional_on_exporting,6181,3090.5,35.279680365296805,17520,2025-01-01 00:00:00+00:00,2025-12-31 23:30:00+00:00,2.0,54.0,102.0,200.0,316.0,434.0,570.0,706.0,836.0,908.0,1012.0,1022.0,1022.0,1024.0
2025,interconnector,INTNSL,North Sea Link (INTNSL),import,import_mw_conditional_on_importing,15605,7802.5,89.06963470319634,17520,2025-01-01 00:00:00+00:00,2025-12-31 23:30:00+00:00,2.0,466.0,698.0,998.0,1290.0,1396.0,1396.0,1398.0,1398.0,1398.0,1398.0,1398.0,1398.0,1420.0
2025,interconnector,INTNSL,North Sea Link (INTNSL),export,export_mw_positive_magnitude_conditional_on_exporting,1372,686.0,7.831050228310503,17520,2025-01-01 00:00:00+00:00,2025-12-31 23:30:00+00:00,2.0,6.0,38.0,188.0,366.0,479.5999999999999,664.0,820.4000000000001,994.0,1030.0,1314.6999999999998,1445.8000000000002,1454.0,1454.0
2025,interconnector,INTVKL,Denmark (Viking link),import,import_mw_conditional_on_importing,10609,5304.5,60.55365296803653,17520,2025-01-01 00:00:00+00:00,2025-12-31 23:30:00+00:00,2.0,132.0,260.0,532.0,698.0,876.0,986.0,990.0,1076.0,1260.0,1420.0,1422.0,1424.0,2480.0
2025,interconnector,INTVKL,Denmark (Viking link),export,export_mw_positive_magnitude_conditional_on_exporting,6172,3086.0,35.22831050228311,17520,2025-01-01 00:00:00+00:00,2025-12-31 23:30:00+00:00,2.0,72.0,156.0,324.0,472.5999999999999,638.0,790.0,960.0,1068.0,1088.0,1092.0,1094.0,1094.0,1454.0
