analysis_period,aggregation_level,interconnectorId,interconnectorName,direction,level_metric,percentile,percentile_label,level_mw,direction_observations,direction_duration_hours,direction_share_of_operational_half_hours_pct,operational_observations,first_timestamp,last_timestamp
all_data,fleet_total,TOTAL_GB_INTERCONNECTORS,GB interconnector fleet total,export,export_mw_positive_magnitude_conditional_on_exporting,0,P0,2.0,19444,9722.0,20.191069574247145,96300,2021-01-01 00:00:00+00:00,2026-06-30 22:30:00+00:00
all_data,fleet_total,TOTAL_GB_INTERCONNECTORS,GB interconnector fleet total,export,export_mw_positive_magnitude_conditional_on_exporting,5,P5,156.0,19444,9722.0,20.191069574247145,96300,2021-01-01 00:00:00+00:00,2026-06-30 22:30:00+00:00
all_data,fleet_total,TOTAL_GB_INTERCONNECTORS,GB interconnector fleet total,export,export_mw_positive_magnitude_conditional_on_exporting,10,P10,316.0,19444,9722.0,20.191069574247145,96300,2021-01-01 00:00:00+00:00,2026-06-30 22:30:00+00:00
all_data,fleet_total,TOTAL_GB_INTERCONNECTORS,GB interconnector fleet total,export,export_mw_positive_magnitude_conditional_on_exporting,20,P20,670.0,19444,9722.0,20.191069574247145,96300,2021-01-01 00:00:00+00:00,2026-06-30 22:30:00+00:00
all_data,fleet_total,TOTAL_GB_INTERCONNECTORS,GB interconnector fleet total,export,export_mw_positive_magnitude_conditional_on_exporting,30,P30,1044.0,19444,9722.0,20.191069574247145,96300,2021-01-01 00:00:00+00:00,2026-06-30 22:30:00+00:00
all_data,fleet_total,TOTAL_GB_INTERCONNECTORS,GB interconnector fleet total,export,export_mw_positive_magnitude_conditional_on_exporting,40,P40,1436.0,19444,9722.0,20.191069574247145,96300,2021-01-01 00:00:00+00:00,2026-06-30 22:30:00+00:00
all_data,fleet_total,TOTAL_GB_INTERCONNECTORS,GB interconnector fleet total,export,export_mw_positive_magnitude_conditional_on_exporting,50,P50,1904.0,19444,9722.0,20.191069574247145,96300,2021-01-01 00:00:00+00:00,2026-06-30 22:30:00+00:00
all_data,fleet_total,TOTAL_GB_INTERCONNECTORS,GB interconnector fleet total,export,export_mw_positive_magnitude_conditional_on_exporting,60,P60,2416.0,19444,9722.0,20.191069574247145,96300,2021-01-01 00:00:00+00:00,2026-06-30 22:30:00+00:00
all_data,fleet_total,TOTAL_GB_INTERCONNECTORS,GB interconnector fleet total,export,export_mw_positive_magnitude_conditional_on_exporting,70,P70,2996.0,19444,9722.0,20.191069574247145,96300,2021-01-01 00:00:00+00:00,2026-06-30 22:30:00+00:00
all_data,fleet_total,TOTAL_GB_INTERCONNECTORS,GB interconnector fleet total,export,export_mw_positive_magnitude_conditional_on_exporting,75,P75,3314.5,19444,9722.0,20.191069574247145,96300,2021-01-01 00:00:00+00:00,2026-06-30 22:30:00+00:00
all_data,fleet_total,TOTAL_GB_INTERCONNECTORS,GB interconnector fleet total,export,export_mw_positive_magnitude_conditional_on_exporting,85,P85,4079.0999999999985,19444,9722.0,20.191069574247145,96300,2021-01-01 00:00:00+00:00,2026-06-30 22:30:00+00:00
all_data,fleet_total,TOTAL_GB_INTERCONNECTORS,GB interconnector fleet total,export,export_mw_positive_magnitude_conditional_on_exporting,90,P90,4458.0,19444,9722.0,20.191069574247145,96300,2021-01-01 00:00:00+00:00,2026-06-30 22:30:00+00:00
all_data,fleet_total,TOTAL_GB_INTERCONNECTORS,GB interconnector fleet total,export,export_mw_positive_magnitude_conditional_on_exporting,95,P95,4944.0,19444,9722.0,20.191069574247145,96300,2021-01-01 00:00:00+00:00,2026-06-30 22:30:00+00:00
all_data,fleet_total,TOTAL_GB_INTERCONNECTORS,GB interconnector fleet total,export,export_mw_positive_magnitude_conditional_on_exporting,100,P100,7914.0,19444,9722.0,20.191069574247145,96300,2021-01-01 00:00:00+00:00,2026-06-30 22:30:00+00:00
all_data,fleet_total,TOTAL_GB_INTERCONNECTORS,GB interconnector fleet total,import,import_mw_conditional_on_importing,0,P0,2.0,76832,38416.0,79.78400830737279,96300,2021-01-01 00:00:00+00:00,2026-06-30 22:30:00+00:00
all_data,fleet_total,TOTAL_GB_INTERCONNECTORS,GB interconnector fleet total,import,import_mw_conditional_on_importing,5,P5,568.0,76832,38416.0,79.78400830737279,96300,2021-01-01 00:00:00+00:00,2026-06-30 22:30:00+00:00
all_data,fleet_total,TOTAL_GB_INTERCONNECTORS,GB interconnector fleet total,import,import_mw_conditional_on_importing,10,P10,1054.0,76832,38416.0,79.78400830737279,96300,2021-01-01 00:00:00+00:00,2026-06-30 22:30:00+00:00
all_data,fleet_total,TOTAL_GB_INTERCONNECTORS,GB interconnector fleet total,import,import_mw_conditional_on_importing,20,P20,1888.0,76832,38416.0,79.78400830737279,96300,2021-01-01 00:00:00+00:00,2026-06-30 22:30:00+00:00
all_data,fleet_total,TOTAL_GB_INTERCONNECTORS,GB interconnector fleet total,import,import_mw_conditional_on_importing,30,P30,2562.0,76832,38416.0,79.78400830737279,96300,2021-01-01 00:00:00+00:00,2026-06-30 22:30:00+00:00
all_data,fleet_total,TOTAL_GB_INTERCONNECTORS,GB interconnector fleet total,import,import_mw_conditional_on_importing,40,P40,3116.0,76832,38416.0,79.78400830737279,96300,2021-01-01 00:00:00+00:00,2026-06-30 22:30:00+00:00
all_data,fleet_total,TOTAL_GB_INTERCONNECTORS,GB interconnector fleet total,import,import_mw_conditional_on_importing,50,P50,3658.0,76832,38416.0,79.78400830737279,96300,2021-01-01 00:00:00+00:00,2026-06-30 22:30:00+00:00
all_data,fleet_total,TOTAL_GB_INTERCONNECTORS,GB interconnector fleet total,import,import_mw_conditional_on_importing,60,P60,4163.199999999997,76832,38416.0,79.78400830737279,96300,2021-01-01 00:00:00+00:00,2026-06-30 22:30:00+00:00
all_data,fleet_total,TOTAL_GB_INTERCONNECTORS,GB interconnector fleet total,import,import_mw_conditional_on_importing,70,P70,4756.0,76832,38416.0,79.78400830737279,96300,2021-01-01 00:00:00+00:00,2026-06-30 22:30:00+00:00
all_data,fleet_total,TOTAL_GB_INTERCONNECTORS,GB interconnector fleet total,import,import_mw_conditional_on_importing,75,P75,5096.0,76832,38416.0,79.78400830737279,96300,2021-01-01 00:00:00+00:00,2026-06-30 22:30:00+00:00
all_data,fleet_total,TOTAL_GB_INTERCONNECTORS,GB interconnector fleet total,import,import_mw_conditional_on_importing,85,P85,5844.0,76832,38416.0,79.78400830737279,96300,2021-01-01 00:00:00+00:00,2026-06-30 22:30:00+00:00
all_data,fleet_total,TOTAL_GB_INTERCONNECTORS,GB interconnector fleet total,import,import_mw_conditional_on_importing,90,P90,6266.0,76832,38416.0,79.78400830737279,96300,2021-01-01 00:00:00+00:00,2026-06-30 22:30:00+00:00
all_data,fleet_total,TOTAL_GB_INTERCONNECTORS,GB interconnector fleet total,import,import_mw_conditional_on_importing,95,P95,6808.0,76832,38416.0,79.78400830737279,96300,2021-01-01 00:00:00+00:00,2026-06-30 22:30:00+00:00
all_data,fleet_total,TOTAL_GB_INTERCONNECTORS,GB interconnector fleet total,import,import_mw_conditional_on_importing,100,P100,9230.0,76832,38416.0,79.78400830737279,96300,2021-01-01 00:00:00+00:00,2026-06-30 22:30:00+00:00
all_data,interconnector,INTELEC,Eleclink (INTELEC),export,export_mw_positive_magnitude_conditional_on_exporting,0,P0,2.0,14038,7019.0,19.524882472391443,71898,2022-05-24 23:00:00+00:00,2026-06-30 22:30:00+00:00
all_data,interconnector,INTELEC,Eleclink (INTELEC),export,export_mw_positive_magnitude_conditional_on_exporting,5,P5,28.0,14038,7019.0,19.524882472391443,71898,2022-05-24 23:00:00+00:00,2026-06-30 22:30:00+00:00
all_data,interconnector,INTELEC,Eleclink (INTELEC),export,export_mw_positive_magnitude_conditional_on_exporting,10,P10,80.0,14038,7019.0,19.524882472391443,71898,2022-05-24 23:00:00+00:00,2026-06-30 22:30:00+00:00
all_data,interconnector,INTELEC,Eleclink (INTELEC),export,export_mw_positive_magnitude_conditional_on_exporting,20,P20,210.0,14038,7019.0,19.524882472391443,71898,2022-05-24 23:00:00+00:00,2026-06-30 22:30:00+00:00
all_data,interconnector,INTELEC,Eleclink (INTELEC),export,export_mw_positive_magnitude_conditional_on_exporting,30,P30,384.0,14038,7019.0,19.524882472391443,71898,2022-05-24 23:00:00+00:00,2026-06-30 22:30:00+00:00
all_data,interconnector,INTELEC,Eleclink (INTELEC),export,export_mw_positive_magnitude_conditional_on_exporting,40,P40,598.0,14038,7019.0,19.524882472391443,71898,2022-05-24 23:00:00+00:00,2026-06-30 22:30:00+00:00
all_data,interconnector,INTELEC,Eleclink (INTELEC),export,export_mw_positive_magnitude_conditional_on_exporting,50,P50,804.0,14038,7019.0,19.524882472391443,71898,2022-05-24 23:00:00+00:00,2026-06-30 22:30:00+00:00
all_data,interconnector,INTELEC,Eleclink (INTELEC),export,export_mw_positive_magnitude_conditional_on_exporting,60,P60,906.0,14038,7019.0,19.524882472391443,71898,2022-05-24 23:00:00+00:00,2026-06-30 22:30:00+00:00
all_data,interconnector,INTELEC,Eleclink (INTELEC),export,export_mw_positive_magnitude_conditional_on_exporting,70,P70,990.0,14038,7019.0,19.524882472391443,71898,2022-05-24 23:00:00+00:00,2026-06-30 22:30:00+00:00
all_data,interconnector,INTELEC,Eleclink (INTELEC),export,export_mw_positive_magnitude_conditional_on_exporting,75,P75,1022.0,14038,7019.0,19.524882472391443,71898,2022-05-24 23:00:00+00:00,2026-06-30 22:30:00+00:00
all_data,interconnector,INTELEC,Eleclink (INTELEC),export,export_mw_positive_magnitude_conditional_on_exporting,85,P85,1024.0,14038,7019.0,19.524882472391443,71898,2022-05-24 23:00:00+00:00,2026-06-30 22:30:00+00:00
all_data,interconnector,INTELEC,Eleclink (INTELEC),export,export_mw_positive_magnitude_conditional_on_exporting,90,P90,1024.0,14038,7019.0,19.524882472391443,71898,2022-05-24 23:00:00+00:00,2026-06-30 22:30:00+00:00
all_data,interconnector,INTELEC,Eleclink (INTELEC),export,export_mw_positive_magnitude_conditional_on_exporting,95,P95,1024.0,14038,7019.0,19.524882472391443,71898,2022-05-24 23:00:00+00:00,2026-06-30 22:30:00+00:00
all_data,interconnector,INTELEC,Eleclink (INTELEC),export,export_mw_positive_magnitude_conditional_on_exporting,100,P100,1028.0,14038,7019.0,19.524882472391443,71898,2022-05-24 23:00:00+00:00,2026-06-30 22:30:00+00:00
all_data,interconnector,INTELEC,Eleclink (INTELEC),import,import_mw_conditional_on_importing,0,P0,2.0,49009,24504.5,68.16462210353556,71898,2022-05-24 23:00:00+00:00,2026-06-30 22:30:00+00:00
all_data,interconnector,INTELEC,Eleclink (INTELEC),import,import_mw_conditional_on_importing,5,P5,150.0,49009,24504.5,68.16462210353556,71898,2022-05-24 23:00:00+00:00,2026-06-30 22:30:00+00:00
all_data,interconnector,INTELEC,Eleclink (INTELEC),import,import_mw_conditional_on_importing,10,P10,296.0,49009,24504.5,68.16462210353556,71898,2022-05-24 23:00:00+00:00,2026-06-30 22:30:00+00:00
all_data,interconnector,INTELEC,Eleclink (INTELEC),import,import_mw_conditional_on_importing,20,P20,576.0,49009,24504.5,68.16462210353556,71898,2022-05-24 23:00:00+00:00,2026-06-30 22:30:00+00:00
all_data,interconnector,INTELEC,Eleclink (INTELEC),import,import_mw_conditional_on_importing,30,P30,814.0,49009,24504.5,68.16462210353556,71898,2022-05-24 23:00:00+00:00,2026-06-30 22:30:00+00:00
all_data,interconnector,INTELEC,Eleclink (INTELEC),import,import_mw_conditional_on_importing,40,P40,964.0,49009,24504.5,68.16462210353556,71898,2022-05-24 23:00:00+00:00,2026-06-30 22:30:00+00:00
all_data,interconnector,INTELEC,Eleclink (INTELEC),import,import_mw_conditional_on_importing,50,P50,996.0,49009,24504.5,68.16462210353556,71898,2022-05-24 23:00:00+00:00,2026-06-30 22:30:00+00:00
all_data,interconnector,INTELEC,Eleclink (INTELEC),import,import_mw_conditional_on_importing,60,P60,996.0,49009,24504.5,68.16462210353556,71898,2022-05-24 23:00:00+00:00,2026-06-30 22:30:00+00:00
all_data,interconnector,INTELEC,Eleclink (INTELEC),import,import_mw_conditional_on_importing,70,P70,996.0,49009,24504.5,68.16462210353556,71898,2022-05-24 23:00:00+00:00,2026-06-30 22:30:00+00:00
all_data,interconnector,INTELEC,Eleclink (INTELEC),import,import_mw_conditional_on_importing,75,P75,998.0,49009,24504.5,68.16462210353556,71898,2022-05-24 23:00:00+00:00,2026-06-30 22:30:00+00:00
all_data,interconnector,INTELEC,Eleclink (INTELEC),import,import_mw_conditional_on_importing,85,P85,998.0,49009,24504.5,68.16462210353556,71898,2022-05-24 23:00:00+00:00,2026-06-30 22:30:00+00:00
all_data,interconnector,INTELEC,Eleclink (INTELEC),import,import_mw_conditional_on_importing,90,P90,998.0,49009,24504.5,68.16462210353556,71898,2022-05-24 23:00:00+00:00,2026-06-30 22:30:00+00:00
all_data,interconnector,INTELEC,Eleclink (INTELEC),import,import_mw_conditional_on_importing,95,P95,998.0,49009,24504.5,68.16462210353556,71898,2022-05-24 23:00:00+00:00,2026-06-30 22:30:00+00:00
all_data,interconnector,INTELEC,Eleclink (INTELEC),import,import_mw_conditional_on_importing,100,P100,1260.0,49009,24504.5,68.16462210353556,71898,2022-05-24 23:00:00+00:00,2026-06-30 22:30:00+00:00
all_data,interconnector,INTEW,Ireland(East-West),export,export_mw_positive_magnitude_conditional_on_exporting,0,P0,2.0,49912,24956.0,51.82969885773624,96300,2021-01-01 00:00:00+00:00,2026-06-30 22:30:00+00:00
all_data,interconnector,INTEW,Ireland(East-West),export,export_mw_positive_magnitude_conditional_on_exporting,5,P5,18.0,49912,24956.0,51.82969885773624,96300,2021-01-01 00:00:00+00:00,2026-06-30 22:30:00+00:00
all_data,interconnector,INTEW,Ireland(East-West),export,export_mw_positive_magnitude_conditional_on_exporting,10,P10,46.0,49912,24956.0,51.82969885773624,96300,2021-01-01 00:00:00+00:00,2026-06-30 22:30:00+00:00
all_data,interconnector,INTEW,Ireland(East-West),export,export_mw_positive_magnitude_conditional_on_exporting,20,P20,122.0,49912,24956.0,51.82969885773624,96300,2021-01-01 00:00:00+00:00,2026-06-30 22:30:00+00:00
all_data,interconnector,INTEW,Ireland(East-West),export,export_mw_positive_magnitude_conditional_on_exporting,30,P30,218.0,49912,24956.0,51.82969885773624,96300,2021-01-01 00:00:00+00:00,2026-06-30 22:30:00+00:00
all_data,interconnector,INTEW,Ireland(East-West),export,export_mw_positive_magnitude_conditional_on_exporting,40,P40,322.0,49912,24956.0,51.82969885773624,96300,2021-01-01 00:00:00+00:00,2026-06-30 22:30:00+00:00
all_data,interconnector,INTEW,Ireland(East-West),export,export_mw_positive_magnitude_conditional_on_exporting,50,P50,414.0,49912,24956.0,51.82969885773624,96300,2021-01-01 00:00:00+00:00,2026-06-30 22:30:00+00:00
all_data,interconnector,INTEW,Ireland(East-West),export,export_mw_positive_magnitude_conditional_on_exporting,60,P60,510.0,49912,24956.0,51.82969885773624,96300,2021-01-01 00:00:00+00:00,2026-06-30 22:30:00+00:00
all_data,interconnector,INTEW,Ireland(East-West),export,export_mw_positive_magnitude_conditional_on_exporting,70,P70,528.0,49912,24956.0,51.82969885773624,96300,2021-01-01 00:00:00+00:00,2026-06-30 22:30:00+00:00
all_data,interconnector,INTEW,Ireland(East-West),export,export_mw_positive_magnitude_conditional_on_exporting,75,P75,528.0,49912,24956.0,51.82969885773624,96300,2021-01-01 00:00:00+00:00,2026-06-30 22:30:00+00:00
all_data,interconnector,INTEW,Ireland(East-West),export,export_mw_positive_magnitude_conditional_on_exporting,85,P85,530.0,49912,24956.0,51.82969885773624,96300,2021-01-01 00:00:00+00:00,2026-06-30 22:30:00+00:00
all_data,interconnector,INTEW,Ireland(East-West),export,export_mw_positive_magnitude_conditional_on_exporting,90,P90,532.0,49912,24956.0,51.82969885773624,96300,2021-01-01 00:00:00+00:00,2026-06-30 22:30:00+00:00
all_data,interconnector,INTEW,Ireland(East-West),export,export_mw_positive_magnitude_conditional_on_exporting,95,P95,532.0,49912,24956.0,51.82969885773624,96300,2021-01-01 00:00:00+00:00,2026-06-30 22:30:00+00:00
all_data,interconnector,INTEW,Ireland(East-West),export,export_mw_positive_magnitude_conditional_on_exporting,100,P100,588.0,49912,24956.0,51.82969885773624,96300,2021-01-01 00:00:00+00:00,2026-06-30 22:30:00+00:00
all_data,interconnector,INTEW,Ireland(East-West),import,import_mw_conditional_on_importing,0,P0,2.0,17102,8551.0,17.759086188992733,96300,2021-01-01 00:00:00+00:00,2026-06-30 22:30:00+00:00
all_data,interconnector,INTEW,Ireland(East-West),import,import_mw_conditional_on_importing,5,P5,10.0,17102,8551.0,17.759086188992733,96300,2021-01-01 00:00:00+00:00,2026-06-30 22:30:00+00:00
all_data,interconnector,INTEW,Ireland(East-West),import,import_mw_conditional_on_importing,10,P10,20.0,17102,8551.0,17.759086188992733,96300,2021-01-01 00:00:00+00:00,2026-06-30 22:30:00+00:00
all_data,interconnector,INTEW,Ireland(East-West),import,import_mw_conditional_on_importing,20,P20,52.0,17102,8551.0,17.759086188992733,96300,2021-01-01 00:00:00+00:00,2026-06-30 22:30:00+00:00
all_data,interconnector,INTEW,Ireland(East-West),import,import_mw_conditional_on_importing,30,P30,86.0,17102,8551.0,17.759086188992733,96300,2021-01-01 00:00:00+00:00,2026-06-30 22:30:00+00:00
all_data,interconnector,INTEW,Ireland(East-West),import,import_mw_conditional_on_importing,40,P40,144.0,17102,8551.0,17.759086188992733,96300,2021-01-01 00:00:00+00:00,2026-06-30 22:30:00+00:00
all_data,interconnector,INTEW,Ireland(East-West),import,import_mw_conditional_on_importing,50,P50,204.0,17102,8551.0,17.759086188992733,96300,2021-01-01 00:00:00+00:00,2026-06-30 22:30:00+00:00
all_data,interconnector,INTEW,Ireland(East-West),import,import_mw_conditional_on_importing,60,P60,264.0,17102,8551.0,17.759086188992733,96300,2021-01-01 00:00:00+00:00,2026-06-30 22:30:00+00:00
all_data,interconnector,INTEW,Ireland(East-West),import,import_mw_conditional_on_importing,70,P70,352.0,17102,8551.0,17.759086188992733,96300,2021-01-01 00:00:00+00:00,2026-06-30 22:30:00+00:00
all_data,interconnector,INTEW,Ireland(East-West),import,import_mw_conditional_on_importing,75,P75,400.0,17102,8551.0,17.759086188992733,96300,2021-01-01 00:00:00+00:00,2026-06-30 22:30:00+00:00
all_data,interconnector,INTEW,Ireland(East-West),import,import_mw_conditional_on_importing,85,P85,502.0,17102,8551.0,17.759086188992733,96300,2021-01-01 00:00:00+00:00,2026-06-30 22:30:00+00:00
all_data,interconnector,INTEW,Ireland(East-West),import,import_mw_conditional_on_importing,90,P90,504.0,17102,8551.0,17.759086188992733,96300,2021-01-01 00:00:00+00:00,2026-06-30 22:30:00+00:00
all_data,interconnector,INTEW,Ireland(East-West),import,import_mw_conditional_on_importing,95,P95,504.0,17102,8551.0,17.759086188992733,96300,2021-01-01 00:00:00+00:00,2026-06-30 22:30:00+00:00
all_data,interconnector,INTEW,Ireland(East-West),import,import_mw_conditional_on_importing,100,P100,504.0,17102,8551.0,17.759086188992733,96300,2021-01-01 00:00:00+00:00,2026-06-30 22:30:00+00:00
all_data,interconnector,INTFR,France(IFA),export,export_mw_positive_magnitude_conditional_on_exporting,0,P0,2.0,21302,10651.0,22.120456905503634,96300,2021-01-01 00:00:00+00:00,2026-06-30 22:30:00+00:00
all_data,interconnector,INTFR,France(IFA),export,export_mw_positive_magnitude_conditional_on_exporting,5,P5,16.0,21302,10651.0,22.120456905503634,96300,2021-01-01 00:00:00+00:00,2026-06-30 22:30:00+00:00
all_data,interconnector,INTFR,France(IFA),export,export_mw_positive_magnitude_conditional_on_exporting,10,P10,90.0,21302,10651.0,22.120456905503634,96300,2021-01-01 00:00:00+00:00,2026-06-30 22:30:00+00:00
all_data,interconnector,INTFR,France(IFA),export,export_mw_positive_magnitude_conditional_on_exporting,20,P20,250.0,21302,10651.0,22.120456905503634,96300,2021-01-01 00:00:00+00:00,2026-06-30 22:30:00+00:00
all_data,interconnector,INTFR,France(IFA),export,export_mw_positive_magnitude_conditional_on_exporting,30,P30,410.0,21302,10651.0,22.120456905503634,96300,2021-01-01 00:00:00+00:00,2026-06-30 22:30:00+00:00
all_data,interconnector,INTFR,France(IFA),export,export_mw_positive_magnitude_conditional_on_exporting,40,P40,516.0,21302,10651.0,22.120456905503634,96300,2021-01-01 00:00:00+00:00,2026-06-30 22:30:00+00:00
all_data,interconnector,INTFR,France(IFA),export,export_mw_positive_magnitude_conditional_on_exporting,50,P50,678.0,21302,10651.0,22.120456905503634,96300,2021-01-01 00:00:00+00:00,2026-06-30 22:30:00+00:00
all_data,interconnector,INTFR,France(IFA),export,export_mw_positive_magnitude_conditional_on_exporting,60,P60,830.0,21302,10651.0,22.120456905503634,96300,2021-01-01 00:00:00+00:00,2026-06-30 22:30:00+00:00
all_data,interconnector,INTFR,France(IFA),export,export_mw_positive_magnitude_conditional_on_exporting,70,P70,988.0,21302,10651.0,22.120456905503634,96300,2021-01-01 00:00:00+00:00,2026-06-30 22:30:00+00:00
all_data,interconnector,INTFR,France(IFA),export,export_mw_positive_magnitude_conditional_on_exporting,75,P75,1026.0,21302,10651.0,22.120456905503634,96300,2021-01-01 00:00:00+00:00,2026-06-30 22:30:00+00:00
all_data,interconnector,INTFR,France(IFA),export,export_mw_positive_magnitude_conditional_on_exporting,85,P85,1030.0,21302,10651.0,22.120456905503634,96300,2021-01-01 00:00:00+00:00,2026-06-30 22:30:00+00:00
all_data,interconnector,INTFR,France(IFA),export,export_mw_positive_magnitude_conditional_on_exporting,90,P90,1032.0,21302,10651.0,22.120456905503634,96300,2021-01-01 00:00:00+00:00,2026-06-30 22:30:00+00:00
all_data,interconnector,INTFR,France(IFA),export,export_mw_positive_magnitude_conditional_on_exporting,95,P95,1258.0,21302,10651.0,22.120456905503634,96300,2021-01-01 00:00:00+00:00,2026-06-30 22:30:00+00:00
all_data,interconnector,INTFR,France(IFA),export,export_mw_positive_magnitude_conditional_on_exporting,100,P100,2072.0,21302,10651.0,22.120456905503634,96300,2021-01-01 00:00:00+00:00,2026-06-30 22:30:00+00:00
all_data,interconnector,INTFR,France(IFA),import,import_mw_conditional_on_importing,0,P0,2.0,71786,35893.0,74.54413291796469,96300,2021-01-01 00:00:00+00:00,2026-06-30 22:30:00+00:00
all_data,interconnector,INTFR,France(IFA),import,import_mw_conditional_on_importing,5,P5,220.0,71786,35893.0,74.54413291796469,96300,2021-01-01 00:00:00+00:00,2026-06-30 22:30:00+00:00
all_data,interconnector,INTFR,France(IFA),import,import_mw_conditional_on_importing,10,P10,438.0,71786,35893.0,74.54413291796469,96300,2021-01-01 00:00:00+00:00,2026-06-30 22:30:00+00:00
all_data,interconnector,INTFR,France(IFA),import,import_mw_conditional_on_importing,20,P20,774.0,71786,35893.0,74.54413291796469,96300,2021-01-01 00:00:00+00:00,2026-06-30 22:30:00+00:00
all_data,interconnector,INTFR,France(IFA),import,import_mw_conditional_on_importing,30,P30,998.0,71786,35893.0,74.54413291796469,96300,2021-01-01 00:00:00+00:00,2026-06-30 22:30:00+00:00
all_data,interconnector,INTFR,France(IFA),import,import_mw_conditional_on_importing,40,P40,1006.0,71786,35893.0,74.54413291796469,96300,2021-01-01 00:00:00+00:00,2026-06-30 22:30:00+00:00
all_data,interconnector,INTFR,France(IFA),import,import_mw_conditional_on_importing,50,P50,1354.0,71786,35893.0,74.54413291796469,96300,2021-01-01 00:00:00+00:00,2026-06-30 22:30:00+00:00
all_data,interconnector,INTFR,France(IFA),import,import_mw_conditional_on_importing,60,P60,1502.0,71786,35893.0,74.54413291796469,96300,2021-01-01 00:00:00+00:00,2026-06-30 22:30:00+00:00
all_data,interconnector,INTFR,France(IFA),import,import_mw_conditional_on_importing,70,P70,1510.0,71786,35893.0,74.54413291796469,96300,2021-01-01 00:00:00+00:00,2026-06-30 22:30:00+00:00
all_data,interconnector,INTFR,France(IFA),import,import_mw_conditional_on_importing,75,P75,1706.0,71786,35893.0,74.54413291796469,96300,2021-01-01 00:00:00+00:00,2026-06-30 22:30:00+00:00
all_data,interconnector,INTFR,France(IFA),import,import_mw_conditional_on_importing,85,P85,1998.0,71786,35893.0,74.54413291796469,96300,2021-01-01 00:00:00+00:00,2026-06-30 22:30:00+00:00
all_data,interconnector,INTFR,France(IFA),import,import_mw_conditional_on_importing,90,P90,2002.0,71786,35893.0,74.54413291796469,96300,2021-01-01 00:00:00+00:00,2026-06-30 22:30:00+00:00
all_data,interconnector,INTFR,France(IFA),import,import_mw_conditional_on_importing,95,P95,2004.0,71786,35893.0,74.54413291796469,96300,2021-01-01 00:00:00+00:00,2026-06-30 22:30:00+00:00
all_data,interconnector,INTFR,France(IFA),import,import_mw_conditional_on_importing,100,P100,2630.0,71786,35893.0,74.54413291796469,96300,2021-01-01 00:00:00+00:00,2026-06-30 22:30:00+00:00
all_data,interconnector,INTGRNL,Ireland (Greenlink),export,export_mw_positive_magnitude_conditional_on_exporting,0,P0,2.0,20581,10290.5,82.94108164745708,24814,2025-01-30 00:00:00+00:00,2026-06-30 22:30:00+00:00
all_data,interconnector,INTGRNL,Ireland (Greenlink),export,export_mw_positive_magnitude_conditional_on_exporting,5,P5,110.0,20581,10290.5,82.94108164745708,24814,2025-01-30 00:00:00+00:00,2026-06-30 22:30:00+00:00
all_data,interconnector,INTGRNL,Ireland (Greenlink),export,export_mw_positive_magnitude_conditional_on_exporting,10,P10,222.0,20581,10290.5,82.94108164745708,24814,2025-01-30 00:00:00+00:00,2026-06-30 22:30:00+00:00
all_data,interconnector,INTGRNL,Ireland (Greenlink),export,export_mw_positive_magnitude_conditional_on_exporting,20,P20,374.0,20581,10290.5,82.94108164745708,24814,2025-01-30 00:00:00+00:00,2026-06-30 22:30:00+00:00
all_data,interconnector,INTGRNL,Ireland (Greenlink),export,export_mw_positive_magnitude_conditional_on_exporting,30,P30,470.0,20581,10290.5,82.94108164745708,24814,2025-01-30 00:00:00+00:00,2026-06-30 22:30:00+00:00
all_data,interconnector,INTGRNL,Ireland (Greenlink),export,export_mw_positive_magnitude_conditional_on_exporting,40,P40,512.0,20581,10290.5,82.94108164745708,24814,2025-01-30 00:00:00+00:00,2026-06-30 22:30:00+00:00
all_data,interconnector,INTGRNL,Ireland (Greenlink),export,export_mw_positive_magnitude_conditional_on_exporting,50,P50,514.0,20581,10290.5,82.94108164745708,24814,2025-01-30 00:00:00+00:00,2026-06-30 22:30:00+00:00
all_data,interconnector,INTGRNL,Ireland (Greenlink),export,export_mw_positive_magnitude_conditional_on_exporting,60,P60,514.0,20581,10290.5,82.94108164745708,24814,2025-01-30 00:00:00+00:00,2026-06-30 22:30:00+00:00
all_data,interconnector,INTGRNL,Ireland (Greenlink),export,export_mw_positive_magnitude_conditional_on_exporting,70,P70,514.0,20581,10290.5,82.94108164745708,24814,2025-01-30 00:00:00+00:00,2026-06-30 22:30:00+00:00
all_data,interconnector,INTGRNL,Ireland (Greenlink),export,export_mw_positive_magnitude_conditional_on_exporting,75,P75,514.0,20581,10290.5,82.94108164745708,24814,2025-01-30 00:00:00+00:00,2026-06-30 22:30:00+00:00
all_data,interconnector,INTGRNL,Ireland (Greenlink),export,export_mw_positive_magnitude_conditional_on_exporting,85,P85,514.0,20581,10290.5,82.94108164745708,24814,2025-01-30 00:00:00+00:00,2026-06-30 22:30:00+00:00
all_data,interconnector,INTGRNL,Ireland (Greenlink),export,export_mw_positive_magnitude_conditional_on_exporting,90,P90,514.0,20581,10290.5,82.94108164745708,24814,2025-01-30 00:00:00+00:00,2026-06-30 22:30:00+00:00
all_data,interconnector,INTGRNL,Ireland (Greenlink),export,export_mw_positive_magnitude_conditional_on_exporting,95,P95,514.0,20581,10290.5,82.94108164745708,24814,2025-01-30 00:00:00+00:00,2026-06-30 22:30:00+00:00
all_data,interconnector,INTGRNL,Ireland (Greenlink),export,export_mw_positive_magnitude_conditional_on_exporting,100,P100,518.0,20581,10290.5,82.94108164745708,24814,2025-01-30 00:00:00+00:00,2026-06-30 22:30:00+00:00
all_data,interconnector,INTGRNL,Ireland (Greenlink),import,import_mw_conditional_on_importing,0,P0,2.0,3487,1743.5,14.052550979285888,24814,2025-01-30 00:00:00+00:00,2026-06-30 22:30:00+00:00
all_data,interconnector,INTGRNL,Ireland (Greenlink),import,import_mw_conditional_on_importing,5,P5,14.600000000000023,3487,1743.5,14.052550979285888,24814,2025-01-30 00:00:00+00:00,2026-06-30 22:30:00+00:00
all_data,interconnector,INTGRNL,Ireland (Greenlink),import,import_mw_conditional_on_importing,10,P10,34.0,3487,1743.5,14.052550979285888,24814,2025-01-30 00:00:00+00:00,2026-06-30 22:30:00+00:00
all_data,interconnector,INTGRNL,Ireland (Greenlink),import,import_mw_conditional_on_importing,20,P20,72.0,3487,1743.5,14.052550979285888,24814,2025-01-30 00:00:00+00:00,2026-06-30 22:30:00+00:00
all_data,interconnector,INTGRNL,Ireland (Greenlink),import,import_mw_conditional_on_importing,30,P30,100.0,3487,1743.5,14.052550979285888,24814,2025-01-30 00:00:00+00:00,2026-06-30 22:30:00+00:00
all_data,interconnector,INTGRNL,Ireland (Greenlink),import,import_mw_conditional_on_importing,40,P40,156.0,3487,1743.5,14.052550979285888,24814,2025-01-30 00:00:00+00:00,2026-06-30 22:30:00+00:00
all_data,interconnector,INTGRNL,Ireland (Greenlink),import,import_mw_conditional_on_importing,50,P50,200.0,3487,1743.5,14.052550979285888,24814,2025-01-30 00:00:00+00:00,2026-06-30 22:30:00+00:00
all_data,interconnector,INTGRNL,Ireland (Greenlink),import,import_mw_conditional_on_importing,60,P60,200.0,3487,1743.5,14.052550979285888,24814,2025-01-30 00:00:00+00:00,2026-06-30 22:30:00+00:00
all_data,interconnector,INTGRNL,Ireland (Greenlink),import,import_mw_conditional_on_importing,70,P70,238.0,3487,1743.5,14.052550979285888,24814,2025-01-30 00:00:00+00:00,2026-06-30 22:30:00+00:00
all_data,interconnector,INTGRNL,Ireland (Greenlink),import,import_mw_conditional_on_importing,75,P75,296.0,3487,1743.5,14.052550979285888,24814,2025-01-30 00:00:00+00:00,2026-06-30 22:30:00+00:00
all_data,interconnector,INTGRNL,Ireland (Greenlink),import,import_mw_conditional_on_importing,85,P85,390.0,3487,1743.5,14.052550979285888,24814,2025-01-30 00:00:00+00:00,2026-06-30 22:30:00+00:00
all_data,interconnector,INTGRNL,Ireland (Greenlink),import,import_mw_conditional_on_importing,90,P90,474.8000000000002,3487,1743.5,14.052550979285888,24814,2025-01-30 00:00:00+00:00,2026-06-30 22:30:00+00:00
all_data,interconnector,INTGRNL,Ireland (Greenlink),import,import_mw_conditional_on_importing,95,P95,504.0,3487,1743.5,14.052550979285888,24814,2025-01-30 00:00:00+00:00,2026-06-30 22:30:00+00:00
all_data,interconnector,INTGRNL,Ireland (Greenlink),import,import_mw_conditional_on_importing,100,P100,506.0,3487,1743.5,14.052550979285888,24814,2025-01-30 00:00:00+00:00,2026-06-30 22:30:00+00:00
all_data,interconnector,INTIFA2,IFA2 (INTIFA2),export,export_mw_positive_magnitude_conditional_on_exporting,0,P0,2.0,35268,17634.0,37.02910419553987,95244,2021-01-23 00:00:00+00:00,2026-06-30 22:30:00+00:00
all_data,interconnector,INTIFA2,IFA2 (INTIFA2),export,export_mw_positive_magnitude_conditional_on_exporting,5,P5,2.0,35268,17634.0,37.02910419553987,95244,2021-01-23 00:00:00+00:00,2026-06-30 22:30:00+00:00
all_data,interconnector,INTIFA2,IFA2 (INTIFA2),export,export_mw_positive_magnitude_conditional_on_exporting,10,P10,2.0,35268,17634.0,37.02910419553987,95244,2021-01-23 00:00:00+00:00,2026-06-30 22:30:00+00:00
all_data,interconnector,INTIFA2,IFA2 (INTIFA2),export,export_mw_positive_magnitude_conditional_on_exporting,20,P20,2.0,35268,17634.0,37.02910419553987,95244,2021-01-23 00:00:00+00:00,2026-06-30 22:30:00+00:00
all_data,interconnector,INTIFA2,IFA2 (INTIFA2),export,export_mw_positive_magnitude_conditional_on_exporting,30,P30,4.0,35268,17634.0,37.02910419553987,95244,2021-01-23 00:00:00+00:00,2026-06-30 22:30:00+00:00
all_data,interconnector,INTIFA2,IFA2 (INTIFA2),export,export_mw_positive_magnitude_conditional_on_exporting,40,P40,4.0,35268,17634.0,37.02910419553987,95244,2021-01-23 00:00:00+00:00,2026-06-30 22:30:00+00:00
all_data,interconnector,INTIFA2,IFA2 (INTIFA2),export,export_mw_positive_magnitude_conditional_on_exporting,50,P50,184.0,35268,17634.0,37.02910419553987,95244,2021-01-23 00:00:00+00:00,2026-06-30 22:30:00+00:00
all_data,interconnector,INTIFA2,IFA2 (INTIFA2),export,export_mw_positive_magnitude_conditional_on_exporting,60,P60,454.0,35268,17634.0,37.02910419553987,95244,2021-01-23 00:00:00+00:00,2026-06-30 22:30:00+00:00
all_data,interconnector,INTIFA2,IFA2 (INTIFA2),export,export_mw_positive_magnitude_conditional_on_exporting,70,P70,754.0,35268,17634.0,37.02910419553987,95244,2021-01-23 00:00:00+00:00,2026-06-30 22:30:00+00:00
all_data,interconnector,INTIFA2,IFA2 (INTIFA2),export,export_mw_positive_magnitude_conditional_on_exporting,75,P75,902.0,35268,17634.0,37.02910419553987,95244,2021-01-23 00:00:00+00:00,2026-06-30 22:30:00+00:00
all_data,interconnector,INTIFA2,IFA2 (INTIFA2),export,export_mw_positive_magnitude_conditional_on_exporting,85,P85,1028.0,35268,17634.0,37.02910419553987,95244,2021-01-23 00:00:00+00:00,2026-06-30 22:30:00+00:00
all_data,interconnector,INTIFA2,IFA2 (INTIFA2),export,export_mw_positive_magnitude_conditional_on_exporting,90,P90,1028.0,35268,17634.0,37.02910419553987,95244,2021-01-23 00:00:00+00:00,2026-06-30 22:30:00+00:00
all_data,interconnector,INTIFA2,IFA2 (INTIFA2),export,export_mw_positive_magnitude_conditional_on_exporting,95,P95,1030.0,35268,17634.0,37.02910419553987,95244,2021-01-23 00:00:00+00:00,2026-06-30 22:30:00+00:00
all_data,interconnector,INTIFA2,IFA2 (INTIFA2),export,export_mw_positive_magnitude_conditional_on_exporting,100,P100,1626.0,35268,17634.0,37.02910419553987,95244,2021-01-23 00:00:00+00:00,2026-06-30 22:30:00+00:00
all_data,interconnector,INTIFA2,IFA2 (INTIFA2),import,import_mw_conditional_on_importing,0,P0,2.0,59907,29953.5,62.89845029608164,95244,2021-01-23 00:00:00+00:00,2026-06-30 22:30:00+00:00
all_data,interconnector,INTIFA2,IFA2 (INTIFA2),import,import_mw_conditional_on_importing,5,P5,148.0,59907,29953.5,62.89845029608164,95244,2021-01-23 00:00:00+00:00,2026-06-30 22:30:00+00:00
all_data,interconnector,INTIFA2,IFA2 (INTIFA2),import,import_mw_conditional_on_importing,10,P10,296.0,59907,29953.5,62.89845029608164,95244,2021-01-23 00:00:00+00:00,2026-06-30 22:30:00+00:00
all_data,interconnector,INTIFA2,IFA2 (INTIFA2),import,import_mw_conditional_on_importing,20,P20,548.0,59907,29953.5,62.89845029608164,95244,2021-01-23 00:00:00+00:00,2026-06-30 22:30:00+00:00
all_data,interconnector,INTIFA2,IFA2 (INTIFA2),import,import_mw_conditional_on_importing,30,P30,726.0,59907,29953.5,62.89845029608164,95244,2021-01-23 00:00:00+00:00,2026-06-30 22:30:00+00:00
all_data,interconnector,INTIFA2,IFA2 (INTIFA2),import,import_mw_conditional_on_importing,40,P40,864.0,59907,29953.5,62.89845029608164,95244,2021-01-23 00:00:00+00:00,2026-06-30 22:30:00+00:00
all_data,interconnector,INTIFA2,IFA2 (INTIFA2),import,import_mw_conditional_on_importing,50,P50,964.0,59907,29953.5,62.89845029608164,95244,2021-01-23 00:00:00+00:00,2026-06-30 22:30:00+00:00
all_data,interconnector,INTIFA2,IFA2 (INTIFA2),import,import_mw_conditional_on_importing,60,P60,992.0,59907,29953.5,62.89845029608164,95244,2021-01-23 00:00:00+00:00,2026-06-30 22:30:00+00:00
all_data,interconnector,INTIFA2,IFA2 (INTIFA2),import,import_mw_conditional_on_importing,70,P70,992.0,59907,29953.5,62.89845029608164,95244,2021-01-23 00:00:00+00:00,2026-06-30 22:30:00+00:00
all_data,interconnector,INTIFA2,IFA2 (INTIFA2),import,import_mw_conditional_on_importing,75,P75,992.0,59907,29953.5,62.89845029608164,95244,2021-01-23 00:00:00+00:00,2026-06-30 22:30:00+00:00
all_data,interconnector,INTIFA2,IFA2 (INTIFA2),import,import_mw_conditional_on_importing,85,P85,992.0,59907,29953.5,62.89845029608164,95244,2021-01-23 00:00:00+00:00,2026-06-30 22:30:00+00:00
all_data,interconnector,INTIFA2,IFA2 (INTIFA2),import,import_mw_conditional_on_importing,90,P90,992.0,59907,29953.5,62.89845029608164,95244,2021-01-23 00:00:00+00:00,2026-06-30 22:30:00+00:00
all_data,interconnector,INTIFA2,IFA2 (INTIFA2),import,import_mw_conditional_on_importing,95,P95,992.0,59907,29953.5,62.89845029608164,95244,2021-01-23 00:00:00+00:00,2026-06-30 22:30:00+00:00
all_data,interconnector,INTIFA2,IFA2 (INTIFA2),import,import_mw_conditional_on_importing,100,P100,1398.0,59907,29953.5,62.89845029608164,95244,2021-01-23 00:00:00+00:00,2026-06-30 22:30:00+00:00
all_data,interconnector,INTIRL,Northern Ireland(Moyle),export,export_mw_positive_magnitude_conditional_on_exporting,0,P0,2.0,66123,33061.5,68.66355140186916,96300,2021-01-01 00:00:00+00:00,2026-06-30 22:30:00+00:00
all_data,interconnector,INTIRL,Northern Ireland(Moyle),export,export_mw_positive_magnitude_conditional_on_exporting,5,P5,46.0,66123,33061.5,68.66355140186916,96300,2021-01-01 00:00:00+00:00,2026-06-30 22:30:00+00:00
all_data,interconnector,INTIRL,Northern Ireland(Moyle),export,export_mw_positive_magnitude_conditional_on_exporting,10,P10,92.0,66123,33061.5,68.66355140186916,96300,2021-01-01 00:00:00+00:00,2026-06-30 22:30:00+00:00
all_data,interconnector,INTIRL,Northern Ireland(Moyle),export,export_mw_positive_magnitude_conditional_on_exporting,20,P20,208.0,66123,33061.5,68.66355140186916,96300,2021-01-01 00:00:00+00:00,2026-06-30 22:30:00+00:00
all_data,interconnector,INTIRL,Northern Ireland(Moyle),export,export_mw_positive_magnitude_conditional_on_exporting,30,P30,286.0,66123,33061.5,68.66355140186916,96300,2021-01-01 00:00:00+00:00,2026-06-30 22:30:00+00:00
all_data,interconnector,INTIRL,Northern Ireland(Moyle),export,export_mw_positive_magnitude_conditional_on_exporting,40,P40,344.0,66123,33061.5,68.66355140186916,96300,2021-01-01 00:00:00+00:00,2026-06-30 22:30:00+00:00
all_data,interconnector,INTIRL,Northern Ireland(Moyle),export,export_mw_positive_magnitude_conditional_on_exporting,50,P50,402.0,66123,33061.5,68.66355140186916,96300,2021-01-01 00:00:00+00:00,2026-06-30 22:30:00+00:00
all_data,interconnector,INTIRL,Northern Ireland(Moyle),export,export_mw_positive_magnitude_conditional_on_exporting,60,P60,450.0,66123,33061.5,68.66355140186916,96300,2021-01-01 00:00:00+00:00,2026-06-30 22:30:00+00:00
all_data,interconnector,INTIRL,Northern Ireland(Moyle),export,export_mw_positive_magnitude_conditional_on_exporting,70,P70,452.0,66123,33061.5,68.66355140186916,96300,2021-01-01 00:00:00+00:00,2026-06-30 22:30:00+00:00
all_data,interconnector,INTIRL,Northern Ireland(Moyle),export,export_mw_positive_magnitude_conditional_on_exporting,75,P75,452.0,66123,33061.5,68.66355140186916,96300,2021-01-01 00:00:00+00:00,2026-06-30 22:30:00+00:00
all_data,interconnector,INTIRL,Northern Ireland(Moyle),export,export_mw_positive_magnitude_conditional_on_exporting,85,P85,452.0,66123,33061.5,68.66355140186916,96300,2021-01-01 00:00:00+00:00,2026-06-30 22:30:00+00:00
all_data,interconnector,INTIRL,Northern Ireland(Moyle),export,export_mw_positive_magnitude_conditional_on_exporting,90,P90,452.0,66123,33061.5,68.66355140186916,96300,2021-01-01 00:00:00+00:00,2026-06-30 22:30:00+00:00
all_data,interconnector,INTIRL,Northern Ireland(Moyle),export,export_mw_positive_magnitude_conditional_on_exporting,95,P95,454.0,66123,33061.5,68.66355140186916,96300,2021-01-01 00:00:00+00:00,2026-06-30 22:30:00+00:00
all_data,interconnector,INTIRL,Northern Ireland(Moyle),export,export_mw_positive_magnitude_conditional_on_exporting,100,P100,592.0,66123,33061.5,68.66355140186916,96300,2021-01-01 00:00:00+00:00,2026-06-30 22:30:00+00:00
all_data,interconnector,INTIRL,Northern Ireland(Moyle),import,import_mw_conditional_on_importing,0,P0,2.0,24916,12458.0,25.87331256490135,96300,2021-01-01 00:00:00+00:00,2026-06-30 22:30:00+00:00
all_data,interconnector,INTIRL,Northern Ireland(Moyle),import,import_mw_conditional_on_importing,5,P5,16.0,24916,12458.0,25.87331256490135,96300,2021-01-01 00:00:00+00:00,2026-06-30 22:30:00+00:00
all_data,interconnector,INTIRL,Northern Ireland(Moyle),import,import_mw_conditional_on_importing,10,P10,34.0,24916,12458.0,25.87331256490135,96300,2021-01-01 00:00:00+00:00,2026-06-30 22:30:00+00:00
all_data,interconnector,INTIRL,Northern Ireland(Moyle),import,import_mw_conditional_on_importing,20,P20,76.0,24916,12458.0,25.87331256490135,96300,2021-01-01 00:00:00+00:00,2026-06-30 22:30:00+00:00
all_data,interconnector,INTIRL,Northern Ireland(Moyle),import,import_mw_conditional_on_importing,30,P30,132.0,24916,12458.0,25.87331256490135,96300,2021-01-01 00:00:00+00:00,2026-06-30 22:30:00+00:00
all_data,interconnector,INTIRL,Northern Ireland(Moyle),import,import_mw_conditional_on_importing,40,P40,186.0,24916,12458.0,25.87331256490135,96300,2021-01-01 00:00:00+00:00,2026-06-30 22:30:00+00:00
all_data,interconnector,INTIRL,Northern Ireland(Moyle),import,import_mw_conditional_on_importing,50,P50,232.0,24916,12458.0,25.87331256490135,96300,2021-01-01 00:00:00+00:00,2026-06-30 22:30:00+00:00
all_data,interconnector,INTIRL,Northern Ireland(Moyle),import,import_mw_conditional_on_importing,60,P60,254.0,24916,12458.0,25.87331256490135,96300,2021-01-01 00:00:00+00:00,2026-06-30 22:30:00+00:00
all_data,interconnector,INTIRL,Northern Ireland(Moyle),import,import_mw_conditional_on_importing,70,P70,296.0,24916,12458.0,25.87331256490135,96300,2021-01-01 00:00:00+00:00,2026-06-30 22:30:00+00:00
all_data,interconnector,INTIRL,Northern Ireland(Moyle),import,import_mw_conditional_on_importing,75,P75,328.0,24916,12458.0,25.87331256490135,96300,2021-01-01 00:00:00+00:00,2026-06-30 22:30:00+00:00
all_data,interconnector,INTIRL,Northern Ireland(Moyle),import,import_mw_conditional_on_importing,85,P85,396.0,24916,12458.0,25.87331256490135,96300,2021-01-01 00:00:00+00:00,2026-06-30 22:30:00+00:00
all_data,interconnector,INTIRL,Northern Ireland(Moyle),import,import_mw_conditional_on_importing,90,P90,400.0,24916,12458.0,25.87331256490135,96300,2021-01-01 00:00:00+00:00,2026-06-30 22:30:00+00:00
all_data,interconnector,INTIRL,Northern Ireland(Moyle),import,import_mw_conditional_on_importing,95,P95,400.0,24916,12458.0,25.87331256490135,96300,2021-01-01 00:00:00+00:00,2026-06-30 22:30:00+00:00
all_data,interconnector,INTIRL,Northern Ireland(Moyle),import,import_mw_conditional_on_importing,100,P100,682.0,24916,12458.0,25.87331256490135,96300,2021-01-01 00:00:00+00:00,2026-06-30 22:30:00+00:00
all_data,interconnector,INTNED,Netherlands(BritNed),export,export_mw_positive_magnitude_conditional_on_exporting,0,P0,2.0,27598,13799.0,28.658359293873314,96300,2021-01-01 00:00:00+00:00,2026-06-30 22:30:00+00:00
all_data,interconnector,INTNED,Netherlands(BritNed),export,export_mw_positive_magnitude_conditional_on_exporting,5,P5,116.0,27598,13799.0,28.658359293873314,96300,2021-01-01 00:00:00+00:00,2026-06-30 22:30:00+00:00
all_data,interconnector,INTNED,Netherlands(BritNed),export,export_mw_positive_magnitude_conditional_on_exporting,10,P10,180.0,27598,13799.0,28.658359293873314,96300,2021-01-01 00:00:00+00:00,2026-06-30 22:30:00+00:00
all_data,interconnector,INTNED,Netherlands(BritNed),export,export_mw_positive_magnitude_conditional_on_exporting,20,P20,304.0,27598,13799.0,28.658359293873314,96300,2021-01-01 00:00:00+00:00,2026-06-30 22:30:00+00:00
all_data,interconnector,INTNED,Netherlands(BritNed),export,export_mw_positive_magnitude_conditional_on_exporting,30,P30,432.0,27598,13799.0,28.658359293873314,96300,2021-01-01 00:00:00+00:00,2026-06-30 22:30:00+00:00
all_data,interconnector,INTNED,Netherlands(BritNed),export,export_mw_positive_magnitude_conditional_on_exporting,40,P40,564.0,27598,13799.0,28.658359293873314,96300,2021-01-01 00:00:00+00:00,2026-06-30 22:30:00+00:00
all_data,interconnector,INTNED,Netherlands(BritNed),export,export_mw_positive_magnitude_conditional_on_exporting,50,P50,698.0,27598,13799.0,28.658359293873314,96300,2021-01-01 00:00:00+00:00,2026-06-30 22:30:00+00:00
all_data,interconnector,INTNED,Netherlands(BritNed),export,export_mw_positive_magnitude_conditional_on_exporting,60,P60,820.0,27598,13799.0,28.658359293873314,96300,2021-01-01 00:00:00+00:00,2026-06-30 22:30:00+00:00
all_data,interconnector,INTNED,Netherlands(BritNed),export,export_mw_positive_magnitude_conditional_on_exporting,70,P70,946.0,27598,13799.0,28.658359293873314,96300,2021-01-01 00:00:00+00:00,2026-06-30 22:30:00+00:00
all_data,interconnector,INTNED,Netherlands(BritNed),export,export_mw_positive_magnitude_conditional_on_exporting,75,P75,998.0,27598,13799.0,28.658359293873314,96300,2021-01-01 00:00:00+00:00,2026-06-30 22:30:00+00:00
all_data,interconnector,INTNED,Netherlands(BritNed),export,export_mw_positive_magnitude_conditional_on_exporting,85,P85,1016.0,27598,13799.0,28.658359293873314,96300,2021-01-01 00:00:00+00:00,2026-06-30 22:30:00+00:00
all_data,interconnector,INTNED,Netherlands(BritNed),export,export_mw_positive_magnitude_conditional_on_exporting,90,P90,1044.0,27598,13799.0,28.658359293873314,96300,2021-01-01 00:00:00+00:00,2026-06-30 22:30:00+00:00
all_data,interconnector,INTNED,Netherlands(BritNed),export,export_mw_positive_magnitude_conditional_on_exporting,95,P95,1058.0,27598,13799.0,28.658359293873314,96300,2021-01-01 00:00:00+00:00,2026-06-30 22:30:00+00:00
all_data,interconnector,INTNED,Netherlands(BritNed),export,export_mw_positive_magnitude_conditional_on_exporting,100,P100,1094.0,27598,13799.0,28.658359293873314,96300,2021-01-01 00:00:00+00:00,2026-06-30 22:30:00+00:00
all_data,interconnector,INTNED,Netherlands(BritNed),import,import_mw_conditional_on_importing,0,P0,2.0,54531,27265.5,56.626168224299064,96300,2021-01-01 00:00:00+00:00,2026-06-30 22:30:00+00:00
all_data,interconnector,INTNED,Netherlands(BritNed),import,import_mw_conditional_on_importing,5,P5,118.0,54531,27265.5,56.626168224299064,96300,2021-01-01 00:00:00+00:00,2026-06-30 22:30:00+00:00
all_data,interconnector,INTNED,Netherlands(BritNed),import,import_mw_conditional_on_importing,10,P10,220.0,54531,27265.5,56.626168224299064,96300,2021-01-01 00:00:00+00:00,2026-06-30 22:30:00+00:00
all_data,interconnector,INTNED,Netherlands(BritNed),import,import_mw_conditional_on_importing,20,P20,408.0,54531,27265.5,56.626168224299064,96300,2021-01-01 00:00:00+00:00,2026-06-30 22:30:00+00:00
all_data,interconnector,INTNED,Netherlands(BritNed),import,import_mw_conditional_on_importing,30,P30,584.0,54531,27265.5,56.626168224299064,96300,2021-01-01 00:00:00+00:00,2026-06-30 22:30:00+00:00
all_data,interconnector,INTNED,Netherlands(BritNed),import,import_mw_conditional_on_importing,40,P40,738.0,54531,27265.5,56.626168224299064,96300,2021-01-01 00:00:00+00:00,2026-06-30 22:30:00+00:00
all_data,interconnector,INTNED,Netherlands(BritNed),import,import_mw_conditional_on_importing,50,P50,860.0,54531,27265.5,56.626168224299064,96300,2021-01-01 00:00:00+00:00,2026-06-30 22:30:00+00:00
all_data,interconnector,INTNED,Netherlands(BritNed),import,import_mw_conditional_on_importing,60,P60,966.0,54531,27265.5,56.626168224299064,96300,2021-01-01 00:00:00+00:00,2026-06-30 22:30:00+00:00
all_data,interconnector,INTNED,Netherlands(BritNed),import,import_mw_conditional_on_importing,70,P70,1002.0,54531,27265.5,56.626168224299064,96300,2021-01-01 00:00:00+00:00,2026-06-30 22:30:00+00:00
all_data,interconnector,INTNED,Netherlands(BritNed),import,import_mw_conditional_on_importing,75,P75,1004.0,54531,27265.5,56.626168224299064,96300,2021-01-01 00:00:00+00:00,2026-06-30 22:30:00+00:00
all_data,interconnector,INTNED,Netherlands(BritNed),import,import_mw_conditional_on_importing,85,P85,1040.0,54531,27265.5,56.626168224299064,96300,2021-01-01 00:00:00+00:00,2026-06-30 22:30:00+00:00
all_data,interconnector,INTNED,Netherlands(BritNed),import,import_mw_conditional_on_importing,90,P90,1048.0,54531,27265.5,56.626168224299064,96300,2021-01-01 00:00:00+00:00,2026-06-30 22:30:00+00:00
all_data,interconnector,INTNED,Netherlands(BritNed),import,import_mw_conditional_on_importing,95,P95,1054.0,54531,27265.5,56.626168224299064,96300,2021-01-01 00:00:00+00:00,2026-06-30 22:30:00+00:00
all_data,interconnector,INTNED,Netherlands(BritNed),import,import_mw_conditional_on_importing,100,P100,1402.0,54531,27265.5,56.626168224299064,96300,2021-01-01 00:00:00+00:00,2026-06-30 22:30:00+00:00
all_data,interconnector,INTNEM,Belgium (Nemolink),export,export_mw_positive_magnitude_conditional_on_exporting,0,P0,2.0,25446,12723.0,26.423676012461062,96300,2021-01-01 00:00:00+00:00,2026-06-30 22:30:00+00:00
all_data,interconnector,INTNEM,Belgium (Nemolink),export,export_mw_positive_magnitude_conditional_on_exporting,5,P5,50.0,25446,12723.0,26.423676012461062,96300,2021-01-01 00:00:00+00:00,2026-06-30 22:30:00+00:00
all_data,interconnector,INTNEM,Belgium (Nemolink),export,export_mw_positive_magnitude_conditional_on_exporting,10,P10,96.0,25446,12723.0,26.423676012461062,96300,2021-01-01 00:00:00+00:00,2026-06-30 22:30:00+00:00
all_data,interconnector,INTNEM,Belgium (Nemolink),export,export_mw_positive_magnitude_conditional_on_exporting,20,P20,196.0,25446,12723.0,26.423676012461062,96300,2021-01-01 00:00:00+00:00,2026-06-30 22:30:00+00:00
all_data,interconnector,INTNEM,Belgium (Nemolink),export,export_mw_positive_magnitude_conditional_on_exporting,30,P30,308.0,25446,12723.0,26.423676012461062,96300,2021-01-01 00:00:00+00:00,2026-06-30 22:30:00+00:00
all_data,interconnector,INTNEM,Belgium (Nemolink),export,export_mw_positive_magnitude_conditional_on_exporting,40,P40,426.0,25446,12723.0,26.423676012461062,96300,2021-01-01 00:00:00+00:00,2026-06-30 22:30:00+00:00
all_data,interconnector,INTNEM,Belgium (Nemolink),export,export_mw_positive_magnitude_conditional_on_exporting,50,P50,562.0,25446,12723.0,26.423676012461062,96300,2021-01-01 00:00:00+00:00,2026-06-30 22:30:00+00:00
all_data,interconnector,INTNEM,Belgium (Nemolink),export,export_mw_positive_magnitude_conditional_on_exporting,60,P60,704.0,25446,12723.0,26.423676012461062,96300,2021-01-01 00:00:00+00:00,2026-06-30 22:30:00+00:00
all_data,interconnector,INTNEM,Belgium (Nemolink),export,export_mw_positive_magnitude_conditional_on_exporting,70,P70,830.0,25446,12723.0,26.423676012461062,96300,2021-01-01 00:00:00+00:00,2026-06-30 22:30:00+00:00
all_data,interconnector,INTNEM,Belgium (Nemolink),export,export_mw_positive_magnitude_conditional_on_exporting,75,P75,906.0,25446,12723.0,26.423676012461062,96300,2021-01-01 00:00:00+00:00,2026-06-30 22:30:00+00:00
all_data,interconnector,INTNEM,Belgium (Nemolink),export,export_mw_positive_magnitude_conditional_on_exporting,85,P85,1018.0,25446,12723.0,26.423676012461062,96300,2021-01-01 00:00:00+00:00,2026-06-30 22:30:00+00:00
all_data,interconnector,INTNEM,Belgium (Nemolink),export,export_mw_positive_magnitude_conditional_on_exporting,90,P90,1020.0,25446,12723.0,26.423676012461062,96300,2021-01-01 00:00:00+00:00,2026-06-30 22:30:00+00:00
all_data,interconnector,INTNEM,Belgium (Nemolink),export,export_mw_positive_magnitude_conditional_on_exporting,95,P95,1022.0,25446,12723.0,26.423676012461062,96300,2021-01-01 00:00:00+00:00,2026-06-30 22:30:00+00:00
all_data,interconnector,INTNEM,Belgium (Nemolink),export,export_mw_positive_magnitude_conditional_on_exporting,100,P100,1044.0,25446,12723.0,26.423676012461062,96300,2021-01-01 00:00:00+00:00,2026-06-30 22:30:00+00:00
all_data,interconnector,INTNEM,Belgium (Nemolink),import,import_mw_conditional_on_importing,0,P0,2.0,68726,34363.0,71.36656282450676,96300,2021-01-01 00:00:00+00:00,2026-06-30 22:30:00+00:00
all_data,interconnector,INTNEM,Belgium (Nemolink),import,import_mw_conditional_on_importing,5,P5,116.0,68726,34363.0,71.36656282450676,96300,2021-01-01 00:00:00+00:00,2026-06-30 22:30:00+00:00
all_data,interconnector,INTNEM,Belgium (Nemolink),import,import_mw_conditional_on_importing,10,P10,222.0,68726,34363.0,71.36656282450676,96300,2021-01-01 00:00:00+00:00,2026-06-30 22:30:00+00:00
all_data,interconnector,INTNEM,Belgium (Nemolink),import,import_mw_conditional_on_importing,20,P20,428.0,68726,34363.0,71.36656282450676,96300,2021-01-01 00:00:00+00:00,2026-06-30 22:30:00+00:00
all_data,interconnector,INTNEM,Belgium (Nemolink),import,import_mw_conditional_on_importing,30,P30,608.0,68726,34363.0,71.36656282450676,96300,2021-01-01 00:00:00+00:00,2026-06-30 22:30:00+00:00
all_data,interconnector,INTNEM,Belgium (Nemolink),import,import_mw_conditional_on_importing,40,P40,736.0,68726,34363.0,71.36656282450676,96300,2021-01-01 00:00:00+00:00,2026-06-30 22:30:00+00:00
all_data,interconnector,INTNEM,Belgium (Nemolink),import,import_mw_conditional_on_importing,50,P50,844.0,68726,34363.0,71.36656282450676,96300,2021-01-01 00:00:00+00:00,2026-06-30 22:30:00+00:00
all_data,interconnector,INTNEM,Belgium (Nemolink),import,import_mw_conditional_on_importing,60,P60,934.0,68726,34363.0,71.36656282450676,96300,2021-01-01 00:00:00+00:00,2026-06-30 22:30:00+00:00
all_data,interconnector,INTNEM,Belgium (Nemolink),import,import_mw_conditional_on_importing,70,P70,996.0,68726,34363.0,71.36656282450676,96300,2021-01-01 00:00:00+00:00,2026-06-30 22:30:00+00:00
all_data,interconnector,INTNEM,Belgium (Nemolink),import,import_mw_conditional_on_importing,75,P75,1000.0,68726,34363.0,71.36656282450676,96300,2021-01-01 00:00:00+00:00,2026-06-30 22:30:00+00:00
all_data,interconnector,INTNEM,Belgium (Nemolink),import,import_mw_conditional_on_importing,85,P85,1000.0,68726,34363.0,71.36656282450676,96300,2021-01-01 00:00:00+00:00,2026-06-30 22:30:00+00:00
all_data,interconnector,INTNEM,Belgium (Nemolink),import,import_mw_conditional_on_importing,90,P90,1012.0,68726,34363.0,71.36656282450676,96300,2021-01-01 00:00:00+00:00,2026-06-30 22:30:00+00:00
all_data,interconnector,INTNEM,Belgium (Nemolink),import,import_mw_conditional_on_importing,95,P95,1020.0,68726,34363.0,71.36656282450676,96300,2021-01-01 00:00:00+00:00,2026-06-30 22:30:00+00:00
all_data,interconnector,INTNEM,Belgium (Nemolink),import,import_mw_conditional_on_importing,100,P100,1366.0,68726,34363.0,71.36656282450676,96300,2021-01-01 00:00:00+00:00,2026-06-30 22:30:00+00:00
all_data,interconnector,INTNSL,North Sea Link (INTNSL),export,export_mw_positive_magnitude_conditional_on_exporting,0,P0,2.0,12997,6498.5,15.63041177602463,83152,2021-10-01 23:00:00+00:00,2026-06-30 22:30:00+00:00
all_data,interconnector,INTNSL,North Sea Link (INTNSL),export,export_mw_positive_magnitude_conditional_on_exporting,5,P5,4.0,12997,6498.5,15.63041177602463,83152,2021-10-01 23:00:00+00:00,2026-06-30 22:30:00+00:00
all_data,interconnector,INTNSL,North Sea Link (INTNSL),export,export_mw_positive_magnitude_conditional_on_exporting,10,P10,6.0,12997,6498.5,15.63041177602463,83152,2021-10-01 23:00:00+00:00,2026-06-30 22:30:00+00:00
all_data,interconnector,INTNSL,North Sea Link (INTNSL),export,export_mw_positive_magnitude_conditional_on_exporting,20,P20,106.0,12997,6498.5,15.63041177602463,83152,2021-10-01 23:00:00+00:00,2026-06-30 22:30:00+00:00
all_data,interconnector,INTNSL,North Sea Link (INTNSL),export,export_mw_positive_magnitude_conditional_on_exporting,30,P30,284.0,12997,6498.5,15.63041177602463,83152,2021-10-01 23:00:00+00:00,2026-06-30 22:30:00+00:00
all_data,interconnector,INTNSL,North Sea Link (INTNSL),export,export_mw_positive_magnitude_conditional_on_exporting,40,P40,450.0,12997,6498.5,15.63041177602463,83152,2021-10-01 23:00:00+00:00,2026-06-30 22:30:00+00:00
all_data,interconnector,INTNSL,North Sea Link (INTNSL),export,export_mw_positive_magnitude_conditional_on_exporting,50,P50,646.0,12997,6498.5,15.63041177602463,83152,2021-10-01 23:00:00+00:00,2026-06-30 22:30:00+00:00
all_data,interconnector,INTNSL,North Sea Link (INTNSL),export,export_mw_positive_magnitude_conditional_on_exporting,60,P60,738.0,12997,6498.5,15.63041177602463,83152,2021-10-01 23:00:00+00:00,2026-06-30 22:30:00+00:00
all_data,interconnector,INTNSL,North Sea Link (INTNSL),export,export_mw_positive_magnitude_conditional_on_exporting,70,P70,950.0,12997,6498.5,15.63041177602463,83152,2021-10-01 23:00:00+00:00,2026-06-30 22:30:00+00:00
all_data,interconnector,INTNSL,North Sea Link (INTNSL),export,export_mw_positive_magnitude_conditional_on_exporting,75,P75,1070.0,12997,6498.5,15.63041177602463,83152,2021-10-01 23:00:00+00:00,2026-06-30 22:30:00+00:00
all_data,interconnector,INTNSL,North Sea Link (INTNSL),export,export_mw_positive_magnitude_conditional_on_exporting,85,P85,1197.2000000000007,12997,6498.5,15.63041177602463,83152,2021-10-01 23:00:00+00:00,2026-06-30 22:30:00+00:00
all_data,interconnector,INTNSL,North Sea Link (INTNSL),export,export_mw_positive_magnitude_conditional_on_exporting,90,P90,1256.0,12997,6498.5,15.63041177602463,83152,2021-10-01 23:00:00+00:00,2026-06-30 22:30:00+00:00
all_data,interconnector,INTNSL,North Sea Link (INTNSL),export,export_mw_positive_magnitude_conditional_on_exporting,95,P95,1454.0,12997,6498.5,15.63041177602463,83152,2021-10-01 23:00:00+00:00,2026-06-30 22:30:00+00:00
all_data,interconnector,INTNSL,North Sea Link (INTNSL),export,export_mw_positive_magnitude_conditional_on_exporting,100,P100,1454.0,12997,6498.5,15.63041177602463,83152,2021-10-01 23:00:00+00:00,2026-06-30 22:30:00+00:00
all_data,interconnector,INTNSL,North Sea Link (INTNSL),import,import_mw_conditional_on_importing,0,P0,2.0,68260,34130.0,82.09062920915913,83152,2021-10-01 23:00:00+00:00,2026-06-30 22:30:00+00:00
all_data,interconnector,INTNSL,North Sea Link (INTNSL),import,import_mw_conditional_on_importing,5,P5,280.0,68260,34130.0,82.09062920915913,83152,2021-10-01 23:00:00+00:00,2026-06-30 22:30:00+00:00
all_data,interconnector,INTNSL,North Sea Link (INTNSL),import,import_mw_conditional_on_importing,10,P10,546.0,68260,34130.0,82.09062920915913,83152,2021-10-01 23:00:00+00:00,2026-06-30 22:30:00+00:00
all_data,interconnector,INTNSL,North Sea Link (INTNSL),import,import_mw_conditional_on_importing,20,P20,694.0,68260,34130.0,82.09062920915913,83152,2021-10-01 23:00:00+00:00,2026-06-30 22:30:00+00:00
all_data,interconnector,INTNSL,North Sea Link (INTNSL),import,import_mw_conditional_on_importing,30,P30,980.0,68260,34130.0,82.09062920915913,83152,2021-10-01 23:00:00+00:00,2026-06-30 22:30:00+00:00
all_data,interconnector,INTNSL,North Sea Link (INTNSL),import,import_mw_conditional_on_importing,40,P40,1096.0,68260,34130.0,82.09062920915913,83152,2021-10-01 23:00:00+00:00,2026-06-30 22:30:00+00:00
all_data,interconnector,INTNSL,North Sea Link (INTNSL),import,import_mw_conditional_on_importing,50,P50,1298.0,68260,34130.0,82.09062920915913,83152,2021-10-01 23:00:00+00:00,2026-06-30 22:30:00+00:00
all_data,interconnector,INTNSL,North Sea Link (INTNSL),import,import_mw_conditional_on_importing,60,P60,1396.0,68260,34130.0,82.09062920915913,83152,2021-10-01 23:00:00+00:00,2026-06-30 22:30:00+00:00
all_data,interconnector,INTNSL,North Sea Link (INTNSL),import,import_mw_conditional_on_importing,70,P70,1398.0,68260,34130.0,82.09062920915913,83152,2021-10-01 23:00:00+00:00,2026-06-30 22:30:00+00:00
all_data,interconnector,INTNSL,North Sea Link (INTNSL),import,import_mw_conditional_on_importing,75,P75,1398.0,68260,34130.0,82.09062920915913,83152,2021-10-01 23:00:00+00:00,2026-06-30 22:30:00+00:00
all_data,interconnector,INTNSL,North Sea Link (INTNSL),import,import_mw_conditional_on_importing,85,P85,1398.0,68260,34130.0,82.09062920915913,83152,2021-10-01 23:00:00+00:00,2026-06-30 22:30:00+00:00
all_data,interconnector,INTNSL,North Sea Link (INTNSL),import,import_mw_conditional_on_importing,90,P90,1398.0,68260,34130.0,82.09062920915913,83152,2021-10-01 23:00:00+00:00,2026-06-30 22:30:00+00:00
all_data,interconnector,INTNSL,North Sea Link (INTNSL),import,import_mw_conditional_on_importing,95,P95,1400.0,68260,34130.0,82.09062920915913,83152,2021-10-01 23:00:00+00:00,2026-06-30 22:30:00+00:00
all_data,interconnector,INTNSL,North Sea Link (INTNSL),import,import_mw_conditional_on_importing,100,P100,1846.0,68260,34130.0,82.09062920915913,83152,2021-10-01 23:00:00+00:00,2026-06-30 22:30:00+00:00
all_data,interconnector,INTVKL,Denmark (Viking link),export,export_mw_positive_magnitude_conditional_on_exporting,0,P0,2.0,13868,6934.0,31.61157966719854,43870,2023-12-30 00:00:00+00:00,2026-06-30 22:30:00+00:00
all_data,interconnector,INTVKL,Denmark (Viking link),export,export_mw_positive_magnitude_conditional_on_exporting,5,P5,70.0,13868,6934.0,31.61157966719854,43870,2023-12-30 00:00:00+00:00,2026-06-30 22:30:00+00:00
all_data,interconnector,INTVKL,Denmark (Viking link),export,export_mw_positive_magnitude_conditional_on_exporting,10,P10,144.0,13868,6934.0,31.61157966719854,43870,2023-12-30 00:00:00+00:00,2026-06-30 22:30:00+00:00
all_data,interconnector,INTVKL,Denmark (Viking link),export,export_mw_positive_magnitude_conditional_on_exporting,20,P20,288.0,13868,6934.0,31.61157966719854,43870,2023-12-30 00:00:00+00:00,2026-06-30 22:30:00+00:00
all_data,interconnector,INTVKL,Denmark (Viking link),export,export_mw_positive_magnitude_conditional_on_exporting,30,P30,444.0,13868,6934.0,31.61157966719854,43870,2023-12-30 00:00:00+00:00,2026-06-30 22:30:00+00:00
all_data,interconnector,INTVKL,Denmark (Viking link),export,export_mw_positive_magnitude_conditional_on_exporting,40,P40,600.0,13868,6934.0,31.61157966719854,43870,2023-12-30 00:00:00+00:00,2026-06-30 22:30:00+00:00
all_data,interconnector,INTVKL,Denmark (Viking link),export,export_mw_positive_magnitude_conditional_on_exporting,50,P50,750.0,13868,6934.0,31.61157966719854,43870,2023-12-30 00:00:00+00:00,2026-06-30 22:30:00+00:00
all_data,interconnector,INTVKL,Denmark (Viking link),export,export_mw_positive_magnitude_conditional_on_exporting,60,P60,892.0,13868,6934.0,31.61157966719854,43870,2023-12-30 00:00:00+00:00,2026-06-30 22:30:00+00:00
all_data,interconnector,INTVKL,Denmark (Viking link),export,export_mw_positive_magnitude_conditional_on_exporting,70,P70,1042.0,13868,6934.0,31.61157966719854,43870,2023-12-30 00:00:00+00:00,2026-06-30 22:30:00+00:00
all_data,interconnector,INTVKL,Denmark (Viking link),export,export_mw_positive_magnitude_conditional_on_exporting,75,P75,1082.5,13868,6934.0,31.61157966719854,43870,2023-12-30 00:00:00+00:00,2026-06-30 22:30:00+00:00
all_data,interconnector,INTVKL,Denmark (Viking link),export,export_mw_positive_magnitude_conditional_on_exporting,85,P85,1092.0,13868,6934.0,31.61157966719854,43870,2023-12-30 00:00:00+00:00,2026-06-30 22:30:00+00:00
all_data,interconnector,INTVKL,Denmark (Viking link),export,export_mw_positive_magnitude_conditional_on_exporting,90,P90,1094.0,13868,6934.0,31.61157966719854,43870,2023-12-30 00:00:00+00:00,2026-06-30 22:30:00+00:00
all_data,interconnector,INTVKL,Denmark (Viking link),export,export_mw_positive_magnitude_conditional_on_exporting,95,P95,1098.0,13868,6934.0,31.61157966719854,43870,2023-12-30 00:00:00+00:00,2026-06-30 22:30:00+00:00
all_data,interconnector,INTVKL,Denmark (Viking link),export,export_mw_positive_magnitude_conditional_on_exporting,100,P100,1456.0,13868,6934.0,31.61157966719854,43870,2023-12-30 00:00:00+00:00,2026-06-30 22:30:00+00:00
all_data,interconnector,INTVKL,Denmark (Viking link),import,import_mw_conditional_on_importing,0,P0,2.0,26921,13460.5,61.365397766127195,43870,2023-12-30 00:00:00+00:00,2026-06-30 22:30:00+00:00
all_data,interconnector,INTVKL,Denmark (Viking link),import,import_mw_conditional_on_importing,5,P5,130.0,26921,13460.5,61.365397766127195,43870,2023-12-30 00:00:00+00:00,2026-06-30 22:30:00+00:00
all_data,interconnector,INTVKL,Denmark (Viking link),import,import_mw_conditional_on_importing,10,P10,254.0,26921,13460.5,61.365397766127195,43870,2023-12-30 00:00:00+00:00,2026-06-30 22:30:00+00:00
all_data,interconnector,INTVKL,Denmark (Viking link),import,import_mw_conditional_on_importing,20,P20,514.0,26921,13460.5,61.365397766127195,43870,2023-12-30 00:00:00+00:00,2026-06-30 22:30:00+00:00
all_data,interconnector,INTVKL,Denmark (Viking link),import,import_mw_conditional_on_importing,30,P30,698.0,26921,13460.5,61.365397766127195,43870,2023-12-30 00:00:00+00:00,2026-06-30 22:30:00+00:00
all_data,interconnector,INTVKL,Denmark (Viking link),import,import_mw_conditional_on_importing,40,P40,800.0,26921,13460.5,61.365397766127195,43870,2023-12-30 00:00:00+00:00,2026-06-30 22:30:00+00:00
all_data,interconnector,INTVKL,Denmark (Viking link),import,import_mw_conditional_on_importing,50,P50,976.0,26921,13460.5,61.365397766127195,43870,2023-12-30 00:00:00+00:00,2026-06-30 22:30:00+00:00
all_data,interconnector,INTVKL,Denmark (Viking link),import,import_mw_conditional_on_importing,60,P60,990.0,26921,13460.5,61.365397766127195,43870,2023-12-30 00:00:00+00:00,2026-06-30 22:30:00+00:00
all_data,interconnector,INTVKL,Denmark (Viking link),import,import_mw_conditional_on_importing,70,P70,1138.0,26921,13460.5,61.365397766127195,43870,2023-12-30 00:00:00+00:00,2026-06-30 22:30:00+00:00
all_data,interconnector,INTVKL,Denmark (Viking link),import,import_mw_conditional_on_importing,75,P75,1304.0,26921,13460.5,61.365397766127195,43870,2023-12-30 00:00:00+00:00,2026-06-30 22:30:00+00:00
all_data,interconnector,INTVKL,Denmark (Viking link),import,import_mw_conditional_on_importing,85,P85,1420.0,26921,13460.5,61.365397766127195,43870,2023-12-30 00:00:00+00:00,2026-06-30 22:30:00+00:00
all_data,interconnector,INTVKL,Denmark (Viking link),import,import_mw_conditional_on_importing,90,P90,1422.0,26921,13460.5,61.365397766127195,43870,2023-12-30 00:00:00+00:00,2026-06-30 22:30:00+00:00
all_data,interconnector,INTVKL,Denmark (Viking link),import,import_mw_conditional_on_importing,95,P95,1424.0,26921,13460.5,61.365397766127195,43870,2023-12-30 00:00:00+00:00,2026-06-30 22:30:00+00:00
all_data,interconnector,INTVKL,Denmark (Viking link),import,import_mw_conditional_on_importing,100,P100,2480.0,26921,13460.5,61.365397766127195,43870,2023-12-30 00:00:00+00:00,2026-06-30 22:30:00+00:00
