analysis_period,aggregation_level,interconnectorId,interconnectorName,direction,level_metric,bin_width_mw,bin_lower_mw,bin_upper_mw,bin_midpoint_mw,bin_observations,direction_observations,probability,probability_pct,probability_density_per_mw,cumulative_probability,cumulative_probability_pct
2025,fleet_total,TOTAL_GB_INTERCONNECTORS,GB interconnector fleet total,import,import_mw_conditional_on_importing,100.0,0.0,100.0,50.0,113,15442,0.007317704960497345,0.7317704960497345,7.317704960497346e-05,0.007317704960497345,0.7317704960497345
2025,fleet_total,TOTAL_GB_INTERCONNECTORS,GB interconnector fleet total,import,import_mw_conditional_on_importing,100.0,100.0,200.0,150.0,107,15442,0.006929154254630229,0.6929154254630229,6.929154254630229e-05,0.014246859215127574,1.4246859215127574
2025,fleet_total,TOTAL_GB_INTERCONNECTORS,GB interconnector fleet total,import,import_mw_conditional_on_importing,100.0,200.0,300.0,250.0,126,15442,0.008159564823209429,0.8159564823209429,8.159564823209428e-05,0.022406424038337,2.2406424038337
2025,fleet_total,TOTAL_GB_INTERCONNECTORS,GB interconnector fleet total,import,import_mw_conditional_on_importing,100.0,300.0,400.0,350.0,121,15442,0.007835772568320166,0.7835772568320166,7.835772568320166e-05,0.030242196606657168,3.024219660665717
2025,fleet_total,TOTAL_GB_INTERCONNECTORS,GB interconnector fleet total,import,import_mw_conditional_on_importing,100.0,400.0,500.0,450.0,125,15442,0.008094806372231577,0.8094806372231577,8.094806372231577e-05,0.03833700297888874,3.8337002978888743
2025,fleet_total,TOTAL_GB_INTERCONNECTORS,GB interconnector fleet total,import,import_mw_conditional_on_importing,100.0,500.0,600.0,550.0,153,15442,0.00990804299961145,0.9908042999611449,9.90804299961145e-05,0.04824504597850019,4.824504597850019
2025,fleet_total,TOTAL_GB_INTERCONNECTORS,GB interconnector fleet total,import,import_mw_conditional_on_importing,100.0,600.0,700.0,650.0,156,15442,0.010102318352545008,1.0102318352545008,0.00010102318352545008,0.058347364331045204,5.834736433104521
2025,fleet_total,TOTAL_GB_INTERCONNECTORS,GB interconnector fleet total,import,import_mw_conditional_on_importing,100.0,700.0,800.0,750.0,126,15442,0.008159564823209429,0.8159564823209429,8.159564823209428e-05,0.06650692915425463,6.650692915425463
2025,fleet_total,TOTAL_GB_INTERCONNECTORS,GB interconnector fleet total,import,import_mw_conditional_on_importing,100.0,800.0,900.0,850.0,157,15442,0.01016707680352286,1.016707680352286,0.0001016707680352286,0.07667400595777749,7.667400595777749
2025,fleet_total,TOTAL_GB_INTERCONNECTORS,GB interconnector fleet total,import,import_mw_conditional_on_importing,100.0,900.0,1000.0,950.0,167,15442,0.010814661313301386,1.0814661313301386,0.00010814661313301386,0.08748866727107887,8.748866727107888
2025,fleet_total,TOTAL_GB_INTERCONNECTORS,GB interconnector fleet total,import,import_mw_conditional_on_importing,100.0,1000.0,1100.0,1050.0,161,15442,0.01042611060743427,1.042611060743427,0.0001042611060743427,0.09791477787851315,9.791477787851315
2025,fleet_total,TOTAL_GB_INTERCONNECTORS,GB interconnector fleet total,import,import_mw_conditional_on_importing,100.0,1100.0,1200.0,1150.0,182,15442,0.011786038077969175,1.1786038077969174,0.00011786038077969175,0.10970081595648232,10.970081595648232
2025,fleet_total,TOTAL_GB_INTERCONNECTORS,GB interconnector fleet total,import,import_mw_conditional_on_importing,100.0,1200.0,1300.0,1250.0,167,15442,0.010814661313301386,1.0814661313301386,0.00010814661313301386,0.1205154772697837,12.05154772697837
2025,fleet_total,TOTAL_GB_INTERCONNECTORS,GB interconnector fleet total,import,import_mw_conditional_on_importing,100.0,1300.0,1400.0,1350.0,197,15442,0.012757414842636964,1.2757414842636963,0.00012757414842636965,0.13327289211242066,13.327289211242066
2025,fleet_total,TOTAL_GB_INTERCONNECTORS,GB interconnector fleet total,import,import_mw_conditional_on_importing,100.0,1400.0,1500.0,1450.0,183,15442,0.011850796528947027,1.1850796528947027,0.00011850796528947027,0.1451236886413677,14.512368864136771
2025,fleet_total,TOTAL_GB_INTERCONNECTORS,GB interconnector fleet total,import,import_mw_conditional_on_importing,100.0,1500.0,1600.0,1550.0,176,15442,0.011397487372102059,1.139748737210206,0.00011397487372102059,0.15652117601346976,15.652117601346976
2025,fleet_total,TOTAL_GB_INTERCONNECTORS,GB interconnector fleet total,import,import_mw_conditional_on_importing,100.0,1600.0,1700.0,1650.0,200,15442,0.012951690195570522,1.2951690195570522,0.0001295169019557052,0.16947286620904028,16.947286620904027
2025,fleet_total,TOTAL_GB_INTERCONNECTORS,GB interconnector fleet total,import,import_mw_conditional_on_importing,100.0,1700.0,1800.0,1750.0,176,15442,0.011397487372102059,1.139748737210206,0.00011397487372102059,0.18087035358114234,18.087035358114235
2025,fleet_total,TOTAL_GB_INTERCONNECTORS,GB interconnector fleet total,import,import_mw_conditional_on_importing,100.0,1800.0,1900.0,1850.0,194,15442,0.012563139489703406,1.2563139489703405,0.00012563139489703406,0.19343349307084576,19.343349307084576
2025,fleet_total,TOTAL_GB_INTERCONNECTORS,GB interconnector fleet total,import,import_mw_conditional_on_importing,100.0,1900.0,2000.0,1950.0,194,15442,0.012563139489703406,1.2563139489703405,0.00012563139489703406,0.20599663256054915,20.599663256054914
2025,fleet_total,TOTAL_GB_INTERCONNECTORS,GB interconnector fleet total,import,import_mw_conditional_on_importing,100.0,2000.0,2100.0,2050.0,223,15442,0.014441134568061132,1.4441134568061131,0.00014441134568061133,0.2204377671286103,22.04377671286103
2025,fleet_total,TOTAL_GB_INTERCONNECTORS,GB interconnector fleet total,import,import_mw_conditional_on_importing,100.0,2100.0,2200.0,2150.0,202,15442,0.013081207097526228,1.3081207097526228,0.00013081207097526227,0.23351897422613652,23.35189742261365
2025,fleet_total,TOTAL_GB_INTERCONNECTORS,GB interconnector fleet total,import,import_mw_conditional_on_importing,100.0,2200.0,2300.0,2250.0,198,15442,0.012822173293614817,1.2822173293614818,0.00012822173293614817,0.24634114751975134,24.634114751975133
2025,fleet_total,TOTAL_GB_INTERCONNECTORS,GB interconnector fleet total,import,import_mw_conditional_on_importing,100.0,2300.0,2400.0,2350.0,196,15442,0.012692656391659111,1.2692656391659112,0.00012692656391659113,0.25903380391141045,25.903380391141045
2025,fleet_total,TOTAL_GB_INTERCONNECTORS,GB interconnector fleet total,import,import_mw_conditional_on_importing,100.0,2400.0,2500.0,2450.0,198,15442,0.012822173293614817,1.2822173293614818,0.00012822173293614817,0.27185597720502525,27.185597720502525
2025,fleet_total,TOTAL_GB_INTERCONNECTORS,GB interconnector fleet total,import,import_mw_conditional_on_importing,100.0,2500.0,2600.0,2550.0,201,15442,0.013016448646548374,1.3016448646548373,0.00013016448646548375,0.28487242585157363,28.487242585157365
2025,fleet_total,TOTAL_GB_INTERCONNECTORS,GB interconnector fleet total,import,import_mw_conditional_on_importing,100.0,2600.0,2700.0,2650.0,220,15442,0.014246859215127574,1.4246859215127574,0.00014246859215127575,0.2991192850667012,29.911928506670122
2025,fleet_total,TOTAL_GB_INTERCONNECTORS,GB interconnector fleet total,import,import_mw_conditional_on_importing,100.0,2700.0,2800.0,2750.0,212,15442,0.013728791607304754,1.3728791607304753,0.00013728791607304754,0.31284807667400594,31.284807667400592
2025,fleet_total,TOTAL_GB_INTERCONNECTORS,GB interconnector fleet total,import,import_mw_conditional_on_importing,100.0,2800.0,2900.0,2850.0,240,15442,0.015542028234684627,1.5542028234684626,0.00015542028234684626,0.3283901049086906,32.83901049086906
2025,fleet_total,TOTAL_GB_INTERCONNECTORS,GB interconnector fleet total,import,import_mw_conditional_on_importing,100.0,2900.0,3000.0,2950.0,217,15442,0.014052583862194016,1.4052583862194017,0.00014052583862194016,0.3424426887708846,34.24426887708846
2025,fleet_total,TOTAL_GB_INTERCONNECTORS,GB interconnector fleet total,import,import_mw_conditional_on_importing,100.0,3000.0,3100.0,3050.0,275,15442,0.01780857401890947,1.7808574018909469,0.0001780857401890947,0.3602512627897941,36.02512627897941
2025,fleet_total,TOTAL_GB_INTERCONNECTORS,GB interconnector fleet total,import,import_mw_conditional_on_importing,100.0,3100.0,3200.0,3150.0,206,15442,0.013340240901437638,1.3340240901437639,0.00013340240901437637,0.37359150369123173,37.35915036912317
2025,fleet_total,TOTAL_GB_INTERCONNECTORS,GB interconnector fleet total,import,import_mw_conditional_on_importing,100.0,3200.0,3300.0,3250.0,179,15442,0.011591762725035617,1.1591762725035617,0.00011591762725035617,0.3851832664162673,38.51832664162673
2025,fleet_total,TOTAL_GB_INTERCONNECTORS,GB interconnector fleet total,import,import_mw_conditional_on_importing,100.0,3300.0,3400.0,3350.0,230,15442,0.0148944437249061,1.4894443724906101,0.00014894443724906102,0.40007771014117344,40.007771014117345
2025,fleet_total,TOTAL_GB_INTERCONNECTORS,GB interconnector fleet total,import,import_mw_conditional_on_importing,100.0,3400.0,3500.0,3450.0,208,15442,0.013469757803393342,1.3469757803393343,0.0001346975780339334,0.41354746794456676,41.35474679445667
2025,fleet_total,TOTAL_GB_INTERCONNECTORS,GB interconnector fleet total,import,import_mw_conditional_on_importing,100.0,3500.0,3600.0,3550.0,192,15442,0.012433622587747701,1.2433622587747701,0.00012433622587747702,0.4259810905323145,42.59810905323145
2025,fleet_total,TOTAL_GB_INTERCONNECTORS,GB interconnector fleet total,import,import_mw_conditional_on_importing,100.0,3600.0,3700.0,3650.0,224,15442,0.014505893019038985,1.4505893019038985,0.00014505893019038985,0.44048698355135346,44.04869835513534
2025,fleet_total,TOTAL_GB_INTERCONNECTORS,GB interconnector fleet total,import,import_mw_conditional_on_importing,100.0,3700.0,3800.0,3750.0,209,15442,0.013534516254371196,1.3534516254371196,0.00013534516254371196,0.45402149980572465,45.40214998057247
2025,fleet_total,TOTAL_GB_INTERCONNECTORS,GB interconnector fleet total,import,import_mw_conditional_on_importing,100.0,3800.0,3900.0,3850.0,240,15442,0.015542028234684627,1.5542028234684626,0.00015542028234684626,0.4695635280404093,46.95635280404093
2025,fleet_total,TOTAL_GB_INTERCONNECTORS,GB interconnector fleet total,import,import_mw_conditional_on_importing,100.0,3900.0,4000.0,3950.0,219,15442,0.014182100764149722,1.4182100764149723,0.00014182100764149723,0.483745628804559,48.374562880455905
2025,fleet_total,TOTAL_GB_INTERCONNECTORS,GB interconnector fleet total,import,import_mw_conditional_on_importing,100.0,4000.0,4100.0,4050.0,229,15442,0.014829685273928247,1.4829685273928246,0.00014829685273928247,0.49857531407848726,49.857531407848725
2025,fleet_total,TOTAL_GB_INTERCONNECTORS,GB interconnector fleet total,import,import_mw_conditional_on_importing,100.0,4100.0,4200.0,4150.0,292,15442,0.018909467685532963,1.8909467685532964,0.00018909467685532963,0.5174847817640202,51.748478176402024
2025,fleet_total,TOTAL_GB_INTERCONNECTORS,GB interconnector fleet total,import,import_mw_conditional_on_importing,100.0,4200.0,4300.0,4250.0,256,15442,0.01657816345033027,1.657816345033027,0.0001657816345033027,0.5340629452143505,53.40629452143505
2025,fleet_total,TOTAL_GB_INTERCONNECTORS,GB interconnector fleet total,import,import_mw_conditional_on_importing,100.0,4300.0,4400.0,4350.0,215,15442,0.01392306696023831,1.392306696023831,0.0001392306696023831,0.5479860121745888,54.798601217458874
2025,fleet_total,TOTAL_GB_INTERCONNECTORS,GB interconnector fleet total,import,import_mw_conditional_on_importing,100.0,4400.0,4500.0,4450.0,230,15442,0.0148944437249061,1.4894443724906101,0.00014894443724906102,0.5628804558994949,56.28804558994949
2025,fleet_total,TOTAL_GB_INTERCONNECTORS,GB interconnector fleet total,import,import_mw_conditional_on_importing,100.0,4500.0,4600.0,4550.0,269,15442,0.017420023313042352,1.7420023313042352,0.00017420023313042353,0.5803004792125372,58.030047921253725
2025,fleet_total,TOTAL_GB_INTERCONNECTORS,GB interconnector fleet total,import,import_mw_conditional_on_importing,100.0,4600.0,4700.0,4650.0,230,15442,0.0148944437249061,1.4894443724906101,0.00014894443724906102,0.5951949229374434,59.519492293744335
2025,fleet_total,TOTAL_GB_INTERCONNECTORS,GB interconnector fleet total,import,import_mw_conditional_on_importing,100.0,4700.0,4800.0,4750.0,246,15442,0.01593057894055174,1.593057894055174,0.0001593057894055174,0.6111255018779951,61.112550187799506
2025,fleet_total,TOTAL_GB_INTERCONNECTORS,GB interconnector fleet total,import,import_mw_conditional_on_importing,100.0,4800.0,4900.0,4850.0,236,15442,0.015282994430773215,1.5282994430773216,0.00015282994430773216,0.6264084963087683,62.64084963087683
2025,fleet_total,TOTAL_GB_INTERCONNECTORS,GB interconnector fleet total,import,import_mw_conditional_on_importing,100.0,4900.0,5000.0,4950.0,273,15442,0.017679057116953764,1.7679057116953765,0.00017679057116953763,0.6440875534257221,64.4087553425722
2025,fleet_total,TOTAL_GB_INTERCONNECTORS,GB interconnector fleet total,import,import_mw_conditional_on_importing,100.0,5000.0,5100.0,5050.0,228,15442,0.014764926822950395,1.4764926822950395,0.00014764926822950395,0.6588524802486725,65.88524802486725
2025,fleet_total,TOTAL_GB_INTERCONNECTORS,GB interconnector fleet total,import,import_mw_conditional_on_importing,100.0,5100.0,5200.0,5150.0,253,15442,0.01638388809739671,1.638388809739671,0.00016383888097396712,0.6752363683460691,67.52363683460692
2025,fleet_total,TOTAL_GB_INTERCONNECTORS,GB interconnector fleet total,import,import_mw_conditional_on_importing,100.0,5200.0,5300.0,5250.0,261,15442,0.016901955705219532,1.6901955705219531,0.00016901955705219532,0.6921383240512887,69.21383240512887
2025,fleet_total,TOTAL_GB_INTERCONNECTORS,GB interconnector fleet total,import,import_mw_conditional_on_importing,100.0,5300.0,5400.0,5350.0,243,15442,0.015736303587618183,1.5736303587618183,0.00015736303587618184,0.7078746276389069,70.78746276389069
2025,fleet_total,TOTAL_GB_INTERCONNECTORS,GB interconnector fleet total,import,import_mw_conditional_on_importing,100.0,5400.0,5500.0,5450.0,241,15442,0.01560678668566248,1.560678668566248,0.00015606786685662478,0.7234814143245694,72.34814143245694
2025,fleet_total,TOTAL_GB_INTERCONNECTORS,GB interconnector fleet total,import,import_mw_conditional_on_importing,100.0,5500.0,5600.0,5550.0,226,15442,0.01463540992099469,1.463540992099469,0.00014635409920994691,0.738116824245564,73.81168242455641
2025,fleet_total,TOTAL_GB_INTERCONNECTORS,GB interconnector fleet total,import,import_mw_conditional_on_importing,100.0,5600.0,5700.0,5650.0,233,15442,0.015088719077839659,1.5088719077839658,0.0001508871907783966,0.7532055433234037,75.32055433234038
2025,fleet_total,TOTAL_GB_INTERCONNECTORS,GB interconnector fleet total,import,import_mw_conditional_on_importing,100.0,5700.0,5800.0,5750.0,286,15442,0.018520916979665847,1.8520916979665847,0.00018520916979665846,0.7717264603030696,77.17264603030696
2025,fleet_total,TOTAL_GB_INTERCONNECTORS,GB interconnector fleet total,import,import_mw_conditional_on_importing,100.0,5800.0,5900.0,5850.0,247,15442,0.015995337391529595,1.5995337391529596,0.00015995337391529595,0.7877217976945992,78.77217976945991
2025,fleet_total,TOTAL_GB_INTERCONNECTORS,GB interconnector fleet total,import,import_mw_conditional_on_importing,100.0,5900.0,6000.0,5950.0,275,15442,0.01780857401890947,1.7808574018909469,0.0001780857401890947,0.8055303717135086,80.55303717135087
2025,fleet_total,TOTAL_GB_INTERCONNECTORS,GB interconnector fleet total,import,import_mw_conditional_on_importing,100.0,6000.0,6100.0,6050.0,223,15442,0.014441134568061132,1.4441134568061131,0.00014441134568061133,0.8199715062815698,81.99715062815697
2025,fleet_total,TOTAL_GB_INTERCONNECTORS,GB interconnector fleet total,import,import_mw_conditional_on_importing,100.0,6100.0,6200.0,6150.0,213,15442,0.013793550058282606,1.3793550058282606,0.00013793550058282606,0.8337650563398523,83.37650563398523
2025,fleet_total,TOTAL_GB_INTERCONNECTORS,GB interconnector fleet total,import,import_mw_conditional_on_importing,100.0,6200.0,6300.0,6250.0,202,15442,0.013081207097526228,1.3081207097526228,0.00013081207097526227,0.8468462634373786,84.68462634373786
2025,fleet_total,TOTAL_GB_INTERCONNECTORS,GB interconnector fleet total,import,import_mw_conditional_on_importing,100.0,6300.0,6400.0,6350.0,182,15442,0.011786038077969175,1.1786038077969174,0.00011786038077969175,0.8586323015153478,85.86323015153478
2025,fleet_total,TOTAL_GB_INTERCONNECTORS,GB interconnector fleet total,import,import_mw_conditional_on_importing,100.0,6400.0,6500.0,6450.0,225,15442,0.014570651470016837,1.4570651470016838,0.00014570651470016837,0.8732029529853645,87.32029529853645
2025,fleet_total,TOTAL_GB_INTERCONNECTORS,GB interconnector fleet total,import,import_mw_conditional_on_importing,100.0,6500.0,6600.0,6550.0,233,15442,0.015088719077839659,1.5088719077839658,0.0001508871907783966,0.8882916720632043,88.82916720632042
2025,fleet_total,TOTAL_GB_INTERCONNECTORS,GB interconnector fleet total,import,import_mw_conditional_on_importing,100.0,6600.0,6700.0,6650.0,199,15442,0.01288693174459267,1.288693174459267,0.00012886931744592668,0.9011786038077969,90.11786038077969
2025,fleet_total,TOTAL_GB_INTERCONNECTORS,GB interconnector fleet total,import,import_mw_conditional_on_importing,100.0,6700.0,6800.0,6750.0,159,15442,0.010296593705478564,1.0296593705478565,0.00010296593705478564,0.9114751975132754,91.14751975132755
2025,fleet_total,TOTAL_GB_INTERCONNECTORS,GB interconnector fleet total,import,import_mw_conditional_on_importing,100.0,6800.0,6900.0,6850.0,193,15442,0.012498381038725553,1.2498381038725555,0.00012498381038725554,0.923973578552001,92.3973578552001
2025,fleet_total,TOTAL_GB_INTERCONNECTORS,GB interconnector fleet total,import,import_mw_conditional_on_importing,100.0,6900.0,7000.0,6950.0,201,15442,0.013016448646548374,1.3016448646548373,0.00013016448646548375,0.9369900271985494,93.69900271985495
2025,fleet_total,TOTAL_GB_INTERCONNECTORS,GB interconnector fleet total,import,import_mw_conditional_on_importing,100.0,7000.0,7100.0,7050.0,119,15442,0.0077062556663644605,0.7706255666364461,7.706255666364461e-05,0.9446962828649139,94.46962828649139
2025,fleet_total,TOTAL_GB_INTERCONNECTORS,GB interconnector fleet total,import,import_mw_conditional_on_importing,100.0,7100.0,7200.0,7150.0,96,15442,0.006216811293873851,0.6216811293873851,6.216811293873851e-05,0.9509130941587878,95.09130941587878
2025,fleet_total,TOTAL_GB_INTERCONNECTORS,GB interconnector fleet total,import,import_mw_conditional_on_importing,100.0,7200.0,7300.0,7250.0,148,15442,0.009584250744722186,0.9584250744722186,9.584250744722185e-05,0.9604973449035099,96.04973449035099
2025,fleet_total,TOTAL_GB_INTERCONNECTORS,GB interconnector fleet total,import,import_mw_conditional_on_importing,100.0,7300.0,7400.0,7350.0,104,15442,0.006734878901696671,0.6734878901696671,6.73487890169667e-05,0.9672322238052066,96.72322238052065
2025,fleet_total,TOTAL_GB_INTERCONNECTORS,GB interconnector fleet total,import,import_mw_conditional_on_importing,100.0,7400.0,7500.0,7450.0,87,15442,0.005633985235073177,0.5633985235073178,5.6339852350731774e-05,0.9728662090402798,97.28662090402797
2025,fleet_total,TOTAL_GB_INTERCONNECTORS,GB interconnector fleet total,import,import_mw_conditional_on_importing,100.0,7500.0,7600.0,7550.0,68,15442,0.004403574666493978,0.44035746664939773,4.403574666493978e-05,0.9772697837067738,97.72697837067737
2025,fleet_total,TOTAL_GB_INTERCONNECTORS,GB interconnector fleet total,import,import_mw_conditional_on_importing,100.0,7600.0,7700.0,7650.0,65,15442,0.0042092993135604195,0.42092993135604195,4.2092993135604194e-05,0.9814790830203342,98.14790830203341
2025,fleet_total,TOTAL_GB_INTERCONNECTORS,GB interconnector fleet total,import,import_mw_conditional_on_importing,100.0,7700.0,7800.0,7750.0,70,15442,0.004533091568449683,0.45330915684496825,4.533091568449683e-05,0.9860121745887839,98.60121745887838
2025,fleet_total,TOTAL_GB_INTERCONNECTORS,GB interconnector fleet total,import,import_mw_conditional_on_importing,100.0,7800.0,7900.0,7850.0,38,15442,0.002460821137158399,0.2460821137158399,2.460821137158399e-05,0.9884729957259423,98.84729957259422
2025,fleet_total,TOTAL_GB_INTERCONNECTORS,GB interconnector fleet total,import,import_mw_conditional_on_importing,100.0,7900.0,8000.0,7950.0,37,15442,0.0023960626861805464,0.23960626861805465,2.3960626861805463e-05,0.9908690584121228,99.08690584121229
2025,fleet_total,TOTAL_GB_INTERCONNECTORS,GB interconnector fleet total,import,import_mw_conditional_on_importing,100.0,8000.0,8100.0,8050.0,40,15442,0.0025903380391141045,0.25903380391141045,2.5903380391141043e-05,0.9934593964512369,99.34593964512369
2025,fleet_total,TOTAL_GB_INTERCONNECTORS,GB interconnector fleet total,import,import_mw_conditional_on_importing,100.0,8100.0,8200.0,8150.0,21,15442,0.0013599274705349048,0.1359927470534905,1.3599274705349047e-05,0.9948193239217717,99.48193239217717
2025,fleet_total,TOTAL_GB_INTERCONNECTORS,GB interconnector fleet total,import,import_mw_conditional_on_importing,100.0,8200.0,8300.0,8250.0,22,15442,0.0014246859215127573,0.14246859215127575,1.4246859215127573e-05,0.9962440098432845,99.62440098432846
2025,fleet_total,TOTAL_GB_INTERCONNECTORS,GB interconnector fleet total,import,import_mw_conditional_on_importing,100.0,8300.0,8400.0,8350.0,14,15442,0.0009066183136899365,0.09066183136899365,9.066183136899366e-06,0.9971506281569745,99.71506281569745
2025,fleet_total,TOTAL_GB_INTERCONNECTORS,GB interconnector fleet total,import,import_mw_conditional_on_importing,100.0,8400.0,8500.0,8450.0,11,15442,0.0007123429607563787,0.07123429607563787,7.123429607563787e-06,0.9978629711177308,99.78629711177308
2025,fleet_total,TOTAL_GB_INTERCONNECTORS,GB interconnector fleet total,import,import_mw_conditional_on_importing,100.0,8500.0,8600.0,8550.0,7,15442,0.00045330915684496827,0.04533091568449683,4.533091568449683e-06,0.9983162802745759,99.83162802745758
2025,fleet_total,TOTAL_GB_INTERCONNECTORS,GB interconnector fleet total,import,import_mw_conditional_on_importing,100.0,8600.0,8700.0,8650.0,7,15442,0.00045330915684496827,0.04533091568449683,4.533091568449683e-06,0.9987695894314208,99.87695894314209
2025,fleet_total,TOTAL_GB_INTERCONNECTORS,GB interconnector fleet total,import,import_mw_conditional_on_importing,100.0,8700.0,8800.0,8750.0,8,15442,0.0005180676078228209,0.051806760782282094,5.180676078228209e-06,0.9992876570392436,99.92876570392436
2025,fleet_total,TOTAL_GB_INTERCONNECTORS,GB interconnector fleet total,import,import_mw_conditional_on_importing,100.0,8800.0,8900.0,8850.0,2,15442,0.00012951690195570523,0.012951690195570523,1.2951690195570523e-06,0.9994171739411993,99.94171739411993
2025,fleet_total,TOTAL_GB_INTERCONNECTORS,GB interconnector fleet total,import,import_mw_conditional_on_importing,100.0,8900.0,9000.0,8950.0,3,15442,0.00019427535293355783,0.019427535293355783,1.9427535293355785e-06,0.9996114492941329,99.9611449294133
2025,fleet_total,TOTAL_GB_INTERCONNECTORS,GB interconnector fleet total,import,import_mw_conditional_on_importing,100.0,9000.0,9100.0,9050.0,3,15442,0.00019427535293355783,0.019427535293355783,1.9427535293355785e-06,0.9998057246470664,99.98057246470664
2025,fleet_total,TOTAL_GB_INTERCONNECTORS,GB interconnector fleet total,import,import_mw_conditional_on_importing,100.0,9100.0,9200.0,9150.0,1,15442,6.475845097785262e-05,0.006475845097785262,6.475845097785262e-07,0.9998704830980443,99.98704830980442
2025,fleet_total,TOTAL_GB_INTERCONNECTORS,GB interconnector fleet total,import,import_mw_conditional_on_importing,100.0,9200.0,9300.0,9250.0,2,15442,0.00012951690195570523,0.012951690195570523,1.2951690195570523e-06,1.0,100.0
2025,fleet_total,TOTAL_GB_INTERCONNECTORS,GB interconnector fleet total,export,export_mw_positive_magnitude_conditional_on_exporting,100.0,0.0,100.0,50.0,83,2076,0.03998073217726397,3.998073217726397,0.00039980732177263974,0.03998073217726397,3.998073217726397
2025,fleet_total,TOTAL_GB_INTERCONNECTORS,GB interconnector fleet total,export,export_mw_positive_magnitude_conditional_on_exporting,100.0,100.0,200.0,150.0,110,2076,0.052986512524084775,5.298651252408478,0.0005298651252408478,0.09296724470134875,9.296724470134874
2025,fleet_total,TOTAL_GB_INTERCONNECTORS,GB interconnector fleet total,export,export_mw_positive_magnitude_conditional_on_exporting,100.0,200.0,300.0,250.0,92,2076,0.04431599229287091,4.431599229287091,0.0004431599229287091,0.13728323699421965,13.728323699421965
2025,fleet_total,TOTAL_GB_INTERCONNECTORS,GB interconnector fleet total,export,export_mw_positive_magnitude_conditional_on_exporting,100.0,300.0,400.0,350.0,84,2076,0.04046242774566474,4.046242774566474,0.0004046242774566474,0.1777456647398844,17.77456647398844
2025,fleet_total,TOTAL_GB_INTERCONNECTORS,GB interconnector fleet total,export,export_mw_positive_magnitude_conditional_on_exporting,100.0,400.0,500.0,450.0,95,2076,0.04576107899807322,4.5761078998073215,0.0004576107899807322,0.22350674373795762,22.350674373795762
2025,fleet_total,TOTAL_GB_INTERCONNECTORS,GB interconnector fleet total,export,export_mw_positive_magnitude_conditional_on_exporting,100.0,500.0,600.0,550.0,71,2076,0.03420038535645472,3.420038535645472,0.0003420038535645472,0.25770712909441235,25.770712909441233
2025,fleet_total,TOTAL_GB_INTERCONNECTORS,GB interconnector fleet total,export,export_mw_positive_magnitude_conditional_on_exporting,100.0,600.0,700.0,650.0,71,2076,0.03420038535645472,3.420038535645472,0.0003420038535645472,0.29190751445086704,29.190751445086704
2025,fleet_total,TOTAL_GB_INTERCONNECTORS,GB interconnector fleet total,export,export_mw_positive_magnitude_conditional_on_exporting,100.0,700.0,800.0,750.0,66,2076,0.031791907514450865,3.1791907514450863,0.0003179190751445087,0.3236994219653179,32.369942196531795
2025,fleet_total,TOTAL_GB_INTERCONNECTORS,GB interconnector fleet total,export,export_mw_positive_magnitude_conditional_on_exporting,100.0,800.0,900.0,850.0,60,2076,0.028901734104046242,2.8901734104046244,0.00028901734104046245,0.35260115606936415,35.26011560693642
2025,fleet_total,TOTAL_GB_INTERCONNECTORS,GB interconnector fleet total,export,export_mw_positive_magnitude_conditional_on_exporting,100.0,900.0,1000.0,950.0,57,2076,0.02745664739884393,2.745664739884393,0.00027456647398843933,0.3800578034682081,38.00578034682081
2025,fleet_total,TOTAL_GB_INTERCONNECTORS,GB interconnector fleet total,export,export_mw_positive_magnitude_conditional_on_exporting,100.0,1000.0,1100.0,1050.0,73,2076,0.03516377649325626,3.5163776493256265,0.0003516377649325626,0.41522157996146436,41.52215799614643
2025,fleet_total,TOTAL_GB_INTERCONNECTORS,GB interconnector fleet total,export,export_mw_positive_magnitude_conditional_on_exporting,100.0,1100.0,1200.0,1150.0,96,2076,0.046242774566473986,4.624277456647398,0.00046242774566473987,0.4614643545279383,46.14643545279383
2025,fleet_total,TOTAL_GB_INTERCONNECTORS,GB interconnector fleet total,export,export_mw_positive_magnitude_conditional_on_exporting,100.0,1200.0,1300.0,1250.0,71,2076,0.03420038535645472,3.420038535645472,0.0003420038535645472,0.4956647398843931,49.566473988439306
2025,fleet_total,TOTAL_GB_INTERCONNECTORS,GB interconnector fleet total,export,export_mw_positive_magnitude_conditional_on_exporting,100.0,1300.0,1400.0,1350.0,72,2076,0.03468208092485549,3.4682080924855487,0.0003468208092485549,0.5303468208092486,53.03468208092485
2025,fleet_total,TOTAL_GB_INTERCONNECTORS,GB interconnector fleet total,export,export_mw_positive_magnitude_conditional_on_exporting,100.0,1400.0,1500.0,1450.0,59,2076,0.02842003853564547,2.842003853564547,0.0002842003853564547,0.558766859344894,55.8766859344894
2025,fleet_total,TOTAL_GB_INTERCONNECTORS,GB interconnector fleet total,export,export_mw_positive_magnitude_conditional_on_exporting,100.0,1500.0,1600.0,1550.0,52,2076,0.025048169556840076,2.5048169556840074,0.00025048169556840077,0.5838150289017341,58.38150289017341
2025,fleet_total,TOTAL_GB_INTERCONNECTORS,GB interconnector fleet total,export,export_mw_positive_magnitude_conditional_on_exporting,100.0,1600.0,1700.0,1650.0,48,2076,0.023121387283236993,2.312138728323699,0.00023121387283236994,0.6069364161849711,60.69364161849711
2025,fleet_total,TOTAL_GB_INTERCONNECTORS,GB interconnector fleet total,export,export_mw_positive_magnitude_conditional_on_exporting,100.0,1700.0,1800.0,1750.0,46,2076,0.022157996146435453,2.2157996146435455,0.00022157996146435454,0.6290944123314065,62.90944123314065
2025,fleet_total,TOTAL_GB_INTERCONNECTORS,GB interconnector fleet total,export,export_mw_positive_magnitude_conditional_on_exporting,100.0,1800.0,1900.0,1850.0,40,2076,0.019267822736030827,1.9267822736030826,0.00019267822736030826,0.6483622350674374,64.83622350674374
2025,fleet_total,TOTAL_GB_INTERCONNECTORS,GB interconnector fleet total,export,export_mw_positive_magnitude_conditional_on_exporting,100.0,1900.0,2000.0,1950.0,55,2076,0.026493256262042388,2.649325626204239,0.0002649325626204239,0.6748554913294798,67.48554913294798
2025,fleet_total,TOTAL_GB_INTERCONNECTORS,GB interconnector fleet total,export,export_mw_positive_magnitude_conditional_on_exporting,100.0,2000.0,2100.0,2050.0,35,2076,0.016859344894026976,1.6859344894026975,0.00016859344894026976,0.6917148362235067,69.17148362235068
2025,fleet_total,TOTAL_GB_INTERCONNECTORS,GB interconnector fleet total,export,export_mw_positive_magnitude_conditional_on_exporting,100.0,2100.0,2200.0,2150.0,31,2076,0.014932562620423893,1.4932562620423893,0.00014932562620423892,0.7066473988439307,70.66473988439307
2025,fleet_total,TOTAL_GB_INTERCONNECTORS,GB interconnector fleet total,export,export_mw_positive_magnitude_conditional_on_exporting,100.0,2200.0,2300.0,2250.0,40,2076,0.019267822736030827,1.9267822736030826,0.00019267822736030826,0.7259152215799615,72.59152215799615
2025,fleet_total,TOTAL_GB_INTERCONNECTORS,GB interconnector fleet total,export,export_mw_positive_magnitude_conditional_on_exporting,100.0,2300.0,2400.0,2350.0,36,2076,0.017341040462427744,1.7341040462427744,0.00017341040462427745,0.7432562620423893,74.32562620423893
2025,fleet_total,TOTAL_GB_INTERCONNECTORS,GB interconnector fleet total,export,export_mw_positive_magnitude_conditional_on_exporting,100.0,2400.0,2500.0,2450.0,34,2076,0.016377649325626204,1.6377649325626205,0.00016377649325626203,0.7596339113680154,75.96339113680153
2025,fleet_total,TOTAL_GB_INTERCONNECTORS,GB interconnector fleet total,export,export_mw_positive_magnitude_conditional_on_exporting,100.0,2500.0,2600.0,2550.0,42,2076,0.02023121387283237,2.023121387283237,0.0002023121387283237,0.7798651252408478,77.98651252408479
2025,fleet_total,TOTAL_GB_INTERCONNECTORS,GB interconnector fleet total,export,export_mw_positive_magnitude_conditional_on_exporting,100.0,2600.0,2700.0,2650.0,35,2076,0.016859344894026976,1.6859344894026975,0.00016859344894026976,0.7967244701348748,79.67244701348748
2025,fleet_total,TOTAL_GB_INTERCONNECTORS,GB interconnector fleet total,export,export_mw_positive_magnitude_conditional_on_exporting,100.0,2700.0,2800.0,2750.0,25,2076,0.012042389210019268,1.2042389210019269,0.00012042389210019268,0.808766859344894,80.8766859344894
2025,fleet_total,TOTAL_GB_INTERCONNECTORS,GB interconnector fleet total,export,export_mw_positive_magnitude_conditional_on_exporting,100.0,2800.0,2900.0,2850.0,22,2076,0.010597302504816955,1.0597302504816954,0.00010597302504816955,0.819364161849711,81.9364161849711
2025,fleet_total,TOTAL_GB_INTERCONNECTORS,GB interconnector fleet total,export,export_mw_positive_magnitude_conditional_on_exporting,100.0,2900.0,3000.0,2950.0,25,2076,0.012042389210019268,1.2042389210019269,0.00012042389210019268,0.8314065510597303,83.14065510597302
2025,fleet_total,TOTAL_GB_INTERCONNECTORS,GB interconnector fleet total,export,export_mw_positive_magnitude_conditional_on_exporting,100.0,3000.0,3100.0,3050.0,16,2076,0.007707129094412331,0.7707129094412332,7.707129094412331e-05,0.8391136801541426,83.91136801541425
2025,fleet_total,TOTAL_GB_INTERCONNECTORS,GB interconnector fleet total,export,export_mw_positive_magnitude_conditional_on_exporting,100.0,3100.0,3200.0,3150.0,17,2076,0.008188824662813102,0.8188824662813102,8.188824662813102e-05,0.8473025048169557,84.73025048169556
2025,fleet_total,TOTAL_GB_INTERCONNECTORS,GB interconnector fleet total,export,export_mw_positive_magnitude_conditional_on_exporting,100.0,3200.0,3300.0,3250.0,19,2076,0.009152215799614644,0.9152215799614644,9.152215799614643e-05,0.8564547206165704,85.64547206165703
2025,fleet_total,TOTAL_GB_INTERCONNECTORS,GB interconnector fleet total,export,export_mw_positive_magnitude_conditional_on_exporting,100.0,3300.0,3400.0,3350.0,21,2076,0.010115606936416185,1.0115606936416186,0.00010115606936416185,0.8665703275529865,86.65703275529864
2025,fleet_total,TOTAL_GB_INTERCONNECTORS,GB interconnector fleet total,export,export_mw_positive_magnitude_conditional_on_exporting,100.0,3400.0,3500.0,3450.0,17,2076,0.008188824662813102,0.8188824662813102,8.188824662813102e-05,0.8747591522157996,87.47591522157995
2025,fleet_total,TOTAL_GB_INTERCONNECTORS,GB interconnector fleet total,export,export_mw_positive_magnitude_conditional_on_exporting,100.0,3500.0,3600.0,3550.0,25,2076,0.012042389210019268,1.2042389210019269,0.00012042389210019268,0.8868015414258189,88.68015414258188
2025,fleet_total,TOTAL_GB_INTERCONNECTORS,GB interconnector fleet total,export,export_mw_positive_magnitude_conditional_on_exporting,100.0,3600.0,3700.0,3650.0,16,2076,0.007707129094412331,0.7707129094412332,7.707129094412331e-05,0.8945086705202312,89.45086705202311
2025,fleet_total,TOTAL_GB_INTERCONNECTORS,GB interconnector fleet total,export,export_mw_positive_magnitude_conditional_on_exporting,100.0,3700.0,3800.0,3750.0,17,2076,0.008188824662813102,0.8188824662813102,8.188824662813102e-05,0.9026974951830443,90.26974951830444
2025,fleet_total,TOTAL_GB_INTERCONNECTORS,GB interconnector fleet total,export,export_mw_positive_magnitude_conditional_on_exporting,100.0,3800.0,3900.0,3850.0,20,2076,0.009633911368015413,0.9633911368015413,9.633911368015413e-05,0.9123314065510597,91.23314065510597
2025,fleet_total,TOTAL_GB_INTERCONNECTORS,GB interconnector fleet total,export,export_mw_positive_magnitude_conditional_on_exporting,100.0,3900.0,4000.0,3950.0,21,2076,0.010115606936416185,1.0115606936416186,0.00010115606936416185,0.9224470134874759,92.2447013487476
2025,fleet_total,TOTAL_GB_INTERCONNECTORS,GB interconnector fleet total,export,export_mw_positive_magnitude_conditional_on_exporting,100.0,4000.0,4100.0,4050.0,18,2076,0.008670520231213872,0.8670520231213872,8.670520231213873e-05,0.9311175337186898,93.11175337186897
2025,fleet_total,TOTAL_GB_INTERCONNECTORS,GB interconnector fleet total,export,export_mw_positive_magnitude_conditional_on_exporting,100.0,4100.0,4200.0,4150.0,17,2076,0.008188824662813102,0.8188824662813102,8.188824662813102e-05,0.9393063583815029,93.9306358381503
2025,fleet_total,TOTAL_GB_INTERCONNECTORS,GB interconnector fleet total,export,export_mw_positive_magnitude_conditional_on_exporting,100.0,4200.0,4300.0,4250.0,8,2076,0.0038535645472061657,0.3853564547206166,3.8535645472061654e-05,0.9431599229287091,94.3159922928709
2025,fleet_total,TOTAL_GB_INTERCONNECTORS,GB interconnector fleet total,export,export_mw_positive_magnitude_conditional_on_exporting,100.0,4300.0,4400.0,4350.0,9,2076,0.004335260115606936,0.4335260115606936,4.335260115606936e-05,0.947495183044316,94.7495183044316
2025,fleet_total,TOTAL_GB_INTERCONNECTORS,GB interconnector fleet total,export,export_mw_positive_magnitude_conditional_on_exporting,100.0,4400.0,4500.0,4450.0,12,2076,0.005780346820809248,0.5780346820809248,5.7803468208092484e-05,0.9532755298651252,95.32755298651252
2025,fleet_total,TOTAL_GB_INTERCONNECTORS,GB interconnector fleet total,export,export_mw_positive_magnitude_conditional_on_exporting,100.0,4500.0,4600.0,4550.0,16,2076,0.007707129094412331,0.7707129094412332,7.707129094412331e-05,0.9609826589595376,96.09826589595376
2025,fleet_total,TOTAL_GB_INTERCONNECTORS,GB interconnector fleet total,export,export_mw_positive_magnitude_conditional_on_exporting,100.0,4600.0,4700.0,4650.0,9,2076,0.004335260115606936,0.4335260115606936,4.335260115606936e-05,0.9653179190751445,96.53179190751445
2025,fleet_total,TOTAL_GB_INTERCONNECTORS,GB interconnector fleet total,export,export_mw_positive_magnitude_conditional_on_exporting,100.0,4700.0,4800.0,4750.0,3,2076,0.001445086705202312,0.1445086705202312,1.4450867052023121e-05,0.9667630057803468,96.67630057803468
2025,fleet_total,TOTAL_GB_INTERCONNECTORS,GB interconnector fleet total,export,export_mw_positive_magnitude_conditional_on_exporting,100.0,4800.0,4900.0,4850.0,6,2076,0.002890173410404624,0.2890173410404624,2.8901734104046242e-05,0.9696531791907514,96.96531791907515
2025,fleet_total,TOTAL_GB_INTERCONNECTORS,GB interconnector fleet total,export,export_mw_positive_magnitude_conditional_on_exporting,100.0,4900.0,5000.0,4950.0,7,2076,0.003371868978805395,0.3371868978805395,3.371868978805395e-05,0.9730250481695568,97.30250481695568
2025,fleet_total,TOTAL_GB_INTERCONNECTORS,GB interconnector fleet total,export,export_mw_positive_magnitude_conditional_on_exporting,100.0,5000.0,5100.0,5050.0,9,2076,0.004335260115606936,0.4335260115606936,4.335260115606936e-05,0.9773603082851637,97.73603082851638
2025,fleet_total,TOTAL_GB_INTERCONNECTORS,GB interconnector fleet total,export,export_mw_positive_magnitude_conditional_on_exporting,100.0,5100.0,5200.0,5150.0,4,2076,0.0019267822736030828,0.1926782273603083,1.9267822736030827e-05,0.9792870905587668,97.92870905587668
2025,fleet_total,TOTAL_GB_INTERCONNECTORS,GB interconnector fleet total,export,export_mw_positive_magnitude_conditional_on_exporting,100.0,5200.0,5300.0,5250.0,2,2076,0.0009633911368015414,0.09633911368015415,9.633911368015413e-06,0.9802504816955684,98.02504816955684
2025,fleet_total,TOTAL_GB_INTERCONNECTORS,GB interconnector fleet total,export,export_mw_positive_magnitude_conditional_on_exporting,100.0,5300.0,5400.0,5350.0,2,2076,0.0009633911368015414,0.09633911368015415,9.633911368015413e-06,0.9812138728323699,98.121387283237
2025,fleet_total,TOTAL_GB_INTERCONNECTORS,GB interconnector fleet total,export,export_mw_positive_magnitude_conditional_on_exporting,100.0,5400.0,5500.0,5450.0,3,2076,0.001445086705202312,0.1445086705202312,1.4450867052023121e-05,0.9826589595375722,98.26589595375722
2025,fleet_total,TOTAL_GB_INTERCONNECTORS,GB interconnector fleet total,export,export_mw_positive_magnitude_conditional_on_exporting,100.0,5500.0,5600.0,5550.0,3,2076,0.001445086705202312,0.1445086705202312,1.4450867052023121e-05,0.9841040462427746,98.41040462427746
2025,fleet_total,TOTAL_GB_INTERCONNECTORS,GB interconnector fleet total,export,export_mw_positive_magnitude_conditional_on_exporting,100.0,5600.0,5700.0,5650.0,9,2076,0.004335260115606936,0.4335260115606936,4.335260115606936e-05,0.9884393063583815,98.84393063583815
2025,fleet_total,TOTAL_GB_INTERCONNECTORS,GB interconnector fleet total,export,export_mw_positive_magnitude_conditional_on_exporting,100.0,5700.0,5800.0,5750.0,6,2076,0.002890173410404624,0.2890173410404624,2.8901734104046242e-05,0.9913294797687862,99.13294797687861
2025,fleet_total,TOTAL_GB_INTERCONNECTORS,GB interconnector fleet total,export,export_mw_positive_magnitude_conditional_on_exporting,100.0,5800.0,5900.0,5850.0,7,2076,0.003371868978805395,0.3371868978805395,3.371868978805395e-05,0.9947013487475915,99.47013487475915
2025,fleet_total,TOTAL_GB_INTERCONNECTORS,GB interconnector fleet total,export,export_mw_positive_magnitude_conditional_on_exporting,100.0,5900.0,6000.0,5950.0,3,2076,0.001445086705202312,0.1445086705202312,1.4450867052023121e-05,0.9961464354527938,99.61464354527938
2025,fleet_total,TOTAL_GB_INTERCONNECTORS,GB interconnector fleet total,export,export_mw_positive_magnitude_conditional_on_exporting,100.0,6000.0,6100.0,6050.0,2,2076,0.0009633911368015414,0.09633911368015415,9.633911368015413e-06,0.9971098265895953,99.71098265895954
2025,fleet_total,TOTAL_GB_INTERCONNECTORS,GB interconnector fleet total,export,export_mw_positive_magnitude_conditional_on_exporting,100.0,6100.0,6200.0,6150.0,2,2076,0.0009633911368015414,0.09633911368015415,9.633911368015413e-06,0.9980732177263969,99.8073217726397
2025,fleet_total,TOTAL_GB_INTERCONNECTORS,GB interconnector fleet total,export,export_mw_positive_magnitude_conditional_on_exporting,100.0,6200.0,6300.0,6250.0,1,2076,0.0004816955684007707,0.04816955684007707,4.816955684007707e-06,0.9985549132947977,99.85549132947978
2025,fleet_total,TOTAL_GB_INTERCONNECTORS,GB interconnector fleet total,export,export_mw_positive_magnitude_conditional_on_exporting,100.0,6300.0,6400.0,6350.0,0,2076,0.0,0.0,0.0,0.9985549132947977,99.85549132947978
2025,fleet_total,TOTAL_GB_INTERCONNECTORS,GB interconnector fleet total,export,export_mw_positive_magnitude_conditional_on_exporting,100.0,6400.0,6500.0,6450.0,0,2076,0.0,0.0,0.0,0.9985549132947977,99.85549132947978
2025,fleet_total,TOTAL_GB_INTERCONNECTORS,GB interconnector fleet total,export,export_mw_positive_magnitude_conditional_on_exporting,100.0,6500.0,6600.0,6550.0,1,2076,0.0004816955684007707,0.04816955684007707,4.816955684007707e-06,0.9990366088631984,99.90366088631984
2025,fleet_total,TOTAL_GB_INTERCONNECTORS,GB interconnector fleet total,export,export_mw_positive_magnitude_conditional_on_exporting,100.0,6600.0,6700.0,6650.0,1,2076,0.0004816955684007707,0.04816955684007707,4.816955684007707e-06,0.9995183044315993,99.95183044315993
2025,fleet_total,TOTAL_GB_INTERCONNECTORS,GB interconnector fleet total,export,export_mw_positive_magnitude_conditional_on_exporting,100.0,6700.0,6800.0,6750.0,1,2076,0.0004816955684007707,0.04816955684007707,4.816955684007707e-06,1.0,100.0
2025,interconnector,INTELEC,Eleclink (INTELEC),import,import_mw_conditional_on_importing,100.0,0.0,100.0,50.0,354,13881,0.025502485411713852,2.5502485411713853,0.0002550248541171385,0.025502485411713852,2.5502485411713853
2025,interconnector,INTELEC,Eleclink (INTELEC),import,import_mw_conditional_on_importing,100.0,100.0,200.0,150.0,325,13881,0.023413298753692097,2.3413298753692096,0.00023413298753692099,0.04891578416540595,4.891578416540595
2025,interconnector,INTELEC,Eleclink (INTELEC),import,import_mw_conditional_on_importing,100.0,200.0,300.0,250.0,337,13881,0.024277789784597652,2.427778978459765,0.0002427778978459765,0.0731935739500036,7.3193573950003605
2025,interconnector,INTELEC,Eleclink (INTELEC),import,import_mw_conditional_on_importing,100.0,300.0,400.0,350.0,306,13881,0.022044521288091635,2.2044521288091636,0.00022044521288091634,0.09523809523809523,9.523809523809524
2025,interconnector,INTELEC,Eleclink (INTELEC),import,import_mw_conditional_on_importing,100.0,400.0,500.0,450.0,410,13881,0.029536776889273107,2.9536776889273106,0.00029536776889273105,0.12477487212736835,12.477487212736834
2025,interconnector,INTELEC,Eleclink (INTELEC),import,import_mw_conditional_on_importing,100.0,500.0,600.0,550.0,373,13881,0.026871262877314315,2.6871262877314317,0.00026871262877314314,0.15164613500468266,15.164613500468265
2025,interconnector,INTELEC,Eleclink (INTELEC),import,import_mw_conditional_on_importing,100.0,600.0,700.0,650.0,370,13881,0.026655140119587927,2.6655140119587926,0.00026655140119587927,0.17830127512427058,17.830127512427058
2025,interconnector,INTELEC,Eleclink (INTELEC),import,import_mw_conditional_on_importing,100.0,700.0,800.0,750.0,525,13881,0.037821482602118005,3.7821482602118004,0.00037821482602118004,0.2161227577263886,21.61227577263886
2025,interconnector,INTELEC,Eleclink (INTELEC),import,import_mw_conditional_on_importing,100.0,800.0,900.0,850.0,690,13881,0.04970823427706938,4.970823427706938,0.0004970823427706938,0.26583099200345794,26.583099200345796
2025,interconnector,INTELEC,Eleclink (INTELEC),import,import_mw_conditional_on_importing,100.0,900.0,1000.0,950.0,9461,13881,0.6815791369497874,68.15791369497875,0.006815791369497875,0.9474101289532454,94.74101289532454
2025,interconnector,INTELEC,Eleclink (INTELEC),import,import_mw_conditional_on_importing,100.0,1000.0,1100.0,1050.0,729,13881,0.052517830127512426,5.251783012751242,0.0005251783012751243,0.9999279590807578,99.99279590807578
2025,interconnector,INTELEC,Eleclink (INTELEC),import,import_mw_conditional_on_importing,100.0,1100.0,1200.0,1150.0,1,13881,7.204091924212953e-05,0.007204091924212953,7.204091924212952e-07,1.0,100.0
2025,interconnector,INTELEC,Eleclink (INTELEC),export,export_mw_positive_magnitude_conditional_on_exporting,100.0,0.0,100.0,50.0,230,674,0.34124629080118696,34.124629080118694,0.0034124629080118695,0.34124629080118696,34.124629080118694
2025,interconnector,INTELEC,Eleclink (INTELEC),export,export_mw_positive_magnitude_conditional_on_exporting,100.0,100.0,200.0,150.0,125,674,0.18545994065281898,18.5459940652819,0.0018545994065281898,0.526706231454006,52.6706231454006
2025,interconnector,INTELEC,Eleclink (INTELEC),export,export_mw_positive_magnitude_conditional_on_exporting,100.0,200.0,300.0,250.0,80,674,0.11869436201780416,11.869436201780417,0.0011869436201780415,0.6454005934718101,64.54005934718101
2025,interconnector,INTELEC,Eleclink (INTELEC),export,export_mw_positive_magnitude_conditional_on_exporting,100.0,300.0,400.0,350.0,67,674,0.09940652818991098,9.940652818991099,0.0009940652818991099,0.744807121661721,74.4807121661721
2025,interconnector,INTELEC,Eleclink (INTELEC),export,export_mw_positive_magnitude_conditional_on_exporting,100.0,400.0,500.0,450.0,40,674,0.05934718100890208,5.934718100890208,0.0005934718100890207,0.8041543026706232,80.41543026706232
2025,interconnector,INTELEC,Eleclink (INTELEC),export,export_mw_positive_magnitude_conditional_on_exporting,100.0,500.0,600.0,550.0,29,674,0.04302670623145401,4.302670623145401,0.00043026706231454005,0.8471810089020771,84.71810089020771
2025,interconnector,INTELEC,Eleclink (INTELEC),export,export_mw_positive_magnitude_conditional_on_exporting,100.0,600.0,700.0,650.0,30,674,0.04451038575667656,4.451038575667656,0.0004451038575667656,0.8916913946587537,89.16913946587538
2025,interconnector,INTELEC,Eleclink (INTELEC),export,export_mw_positive_magnitude_conditional_on_exporting,100.0,700.0,800.0,750.0,29,674,0.04302670623145401,4.302670623145401,0.00043026706231454005,0.9347181008902077,93.47181008902076
2025,interconnector,INTELEC,Eleclink (INTELEC),export,export_mw_positive_magnitude_conditional_on_exporting,100.0,800.0,900.0,850.0,19,674,0.028189910979228485,2.8189910979228485,0.00028189910979228486,0.9629080118694362,96.29080118694363
2025,interconnector,INTELEC,Eleclink (INTELEC),export,export_mw_positive_magnitude_conditional_on_exporting,100.0,900.0,1000.0,950.0,12,674,0.017804154302670624,1.7804154302670623,0.00017804154302670624,0.9807121661721068,98.07121661721068
2025,interconnector,INTELEC,Eleclink (INTELEC),export,export_mw_positive_magnitude_conditional_on_exporting,100.0,1000.0,1100.0,1050.0,13,674,0.019287833827893175,1.9287833827893175,0.00019287833827893175,1.0,100.0
2025,interconnector,INTEW,Ireland(East-West),import,import_mw_conditional_on_importing,100.0,0.0,100.0,50.0,387,867,0.4463667820069204,44.636678200692046,0.0044636678200692045,0.4463667820069204,44.636678200692046
2025,interconnector,INTEW,Ireland(East-West),import,import_mw_conditional_on_importing,100.0,100.0,200.0,150.0,196,867,0.22606689734717417,22.606689734717417,0.0022606689734717416,0.6724336793540946,67.24336793540945
2025,interconnector,INTEW,Ireland(East-West),import,import_mw_conditional_on_importing,100.0,200.0,300.0,250.0,183,867,0.21107266435986158,21.10726643598616,0.0021107266435986156,0.8835063437139562,88.35063437139561
2025,interconnector,INTEW,Ireland(East-West),import,import_mw_conditional_on_importing,100.0,300.0,400.0,350.0,58,867,0.06689734717416378,6.6897347174163775,0.0006689734717416377,0.9504036908881199,95.040369088812
2025,interconnector,INTEW,Ireland(East-West),import,import_mw_conditional_on_importing,100.0,400.0,500.0,450.0,32,867,0.03690888119953864,3.690888119953864,0.0003690888119953864,0.9873125720876585,98.73125720876585
2025,interconnector,INTEW,Ireland(East-West),import,import_mw_conditional_on_importing,100.0,500.0,600.0,550.0,11,867,0.012687427912341407,1.2687427912341407,0.00012687427912341407,1.0,100.0
2025,interconnector,INTEW,Ireland(East-West),export,export_mw_positive_magnitude_conditional_on_exporting,100.0,0.0,100.0,50.0,1477,9627,0.15342266542017244,15.342266542017244,0.0015342266542017243,0.15342266542017244,15.342266542017244
2025,interconnector,INTEW,Ireland(East-West),export,export_mw_positive_magnitude_conditional_on_exporting,100.0,100.0,200.0,150.0,940,9627,0.09764204840552612,9.764204840552612,0.0009764204840552612,0.25106471382569856,25.106471382569858
2025,interconnector,INTEW,Ireland(East-West),export,export_mw_positive_magnitude_conditional_on_exporting,100.0,200.0,300.0,250.0,891,9627,0.09255219694608913,9.255219694608913,0.0009255219694608912,0.3436169107717877,34.36169107717877
2025,interconnector,INTEW,Ireland(East-West),export,export_mw_positive_magnitude_conditional_on_exporting,100.0,300.0,400.0,350.0,1031,9627,0.1070946296873377,10.709462968733769,0.001070946296873377,0.45071154045912537,45.071154045912536
2025,interconnector,INTEW,Ireland(East-West),export,export_mw_positive_magnitude_conditional_on_exporting,100.0,400.0,500.0,450.0,981,9627,0.10190090370832035,10.190090370832035,0.0010190090370832035,0.5526124441674457,55.26124441674457
2025,interconnector,INTEW,Ireland(East-West),export,export_mw_positive_magnitude_conditional_on_exporting,100.0,500.0,600.0,550.0,4307,9627,0.4473875558325543,44.73875558325543,0.004473875558325543,1.0,100.0
2025,interconnector,INTFR,France(IFA),import,import_mw_conditional_on_importing,100.0,0.0,100.0,50.0,207,16191,0.012784880489160644,1.2784880489160644,0.00012784880489160645,0.012784880489160644,1.2784880489160644
2025,interconnector,INTFR,France(IFA),import,import_mw_conditional_on_importing,100.0,100.0,200.0,150.0,178,16191,0.010993761966524613,1.0993761966524613,0.00010993761966524613,0.023778642455685256,2.3778642455685257
2025,interconnector,INTFR,France(IFA),import,import_mw_conditional_on_importing,100.0,200.0,300.0,250.0,196,16191,0.012105490704712495,1.2105490704712496,0.00012105490704712495,0.03588413316039775,3.588413316039775
2025,interconnector,INTFR,France(IFA),import,import_mw_conditional_on_importing,100.0,300.0,400.0,350.0,232,16191,0.014328948181088258,1.432894818108826,0.0001432894818108826,0.05021308134148601,5.021308134148601
2025,interconnector,INTFR,France(IFA),import,import_mw_conditional_on_importing,100.0,400.0,500.0,450.0,260,16191,0.016058303996047185,1.6058303996047185,0.00016058303996047184,0.0662713853375332,6.62713853375332
2025,interconnector,INTFR,France(IFA),import,import_mw_conditional_on_importing,100.0,500.0,600.0,550.0,614,16191,0.0379223025137422,3.79223025137422,0.000379223025137422,0.1041936878512754,10.41936878512754
2025,interconnector,INTFR,France(IFA),import,import_mw_conditional_on_importing,100.0,600.0,700.0,650.0,305,16191,0.01883762584151689,1.8837625841516892,0.0001883762584151689,0.12303131369279229,12.303131369279228
2025,interconnector,INTFR,France(IFA),import,import_mw_conditional_on_importing,100.0,700.0,800.0,750.0,343,16191,0.021184608733246867,2.1184608733246866,0.00021184608733246867,0.14421592242603914,14.421592242603914
2025,interconnector,INTFR,France(IFA),import,import_mw_conditional_on_importing,100.0,800.0,900.0,850.0,361,16191,0.02229633747143475,2.229633747143475,0.00022296337471434748,0.1665122598974739,16.651225989747388
2025,interconnector,INTFR,France(IFA),import,import_mw_conditional_on_importing,100.0,900.0,1000.0,950.0,730,16191,0.04508677660428633,4.508677660428633,0.0004508677660428633,0.21159903650176023,21.159903650176023
2025,interconnector,INTFR,France(IFA),import,import_mw_conditional_on_importing,100.0,1000.0,1100.0,1050.0,2589,16191,0.1599036501760237,15.99036501760237,0.001599036501760237,0.37150268667778397,37.1502686677784
2025,interconnector,INTFR,France(IFA),import,import_mw_conditional_on_importing,100.0,1100.0,1200.0,1150.0,298,16191,0.01840528688777716,1.8405286887777161,0.0001840528688777716,0.3899079735655611,38.990797356556115
2025,interconnector,INTFR,France(IFA),import,import_mw_conditional_on_importing,100.0,1200.0,1300.0,1250.0,430,16191,0.026557964301154962,2.655796430115496,0.0002655796430115496,0.4164659378667161,41.64659378667161
2025,interconnector,INTFR,France(IFA),import,import_mw_conditional_on_importing,100.0,1300.0,1400.0,1350.0,1541,16191,0.09517633253041813,9.517633253041813,0.0009517633253041813,0.5116422703971342,51.16422703971342
2025,interconnector,INTFR,France(IFA),import,import_mw_conditional_on_importing,100.0,1400.0,1500.0,1450.0,646,16191,0.039898709159409546,3.9898709159409544,0.00039898709159409543,0.5515409795565438,55.15409795565438
2025,interconnector,INTFR,France(IFA),import,import_mw_conditional_on_importing,100.0,1500.0,1600.0,1550.0,3284,16191,0.2028287320116114,20.282873201161138,0.002028287320116114,0.7543697115681551,75.43697115681552
2025,interconnector,INTFR,France(IFA),import,import_mw_conditional_on_importing,100.0,1600.0,1700.0,1650.0,204,16191,0.012599592366129331,1.259959236612933,0.0001259959236612933,0.7669693039342845,76.69693039342846
2025,interconnector,INTFR,France(IFA),import,import_mw_conditional_on_importing,100.0,1700.0,1800.0,1750.0,218,16191,0.013464270273608796,1.3464270273608796,0.00013464270273608797,0.7804335742078933,78.04335742078933
2025,interconnector,INTFR,France(IFA),import,import_mw_conditional_on_importing,100.0,1800.0,1900.0,1850.0,323,16191,0.019949354579704773,1.9949354579704772,0.00019949354579704772,0.8003829287875981,80.0382928787598
2025,interconnector,INTFR,France(IFA),import,import_mw_conditional_on_importing,100.0,1900.0,2000.0,1950.0,678,16191,0.04187511580507689,4.187511580507689,0.0004187511580507689,0.842258044592675,84.2258044592675
2025,interconnector,INTFR,France(IFA),import,import_mw_conditional_on_importing,100.0,2000.0,2100.0,2050.0,2551,16191,0.15755666728429374,15.755666728429373,0.0015755666728429374,0.9998147118769687,99.98147118769687
2025,interconnector,INTFR,France(IFA),import,import_mw_conditional_on_importing,100.0,2100.0,2200.0,2150.0,0,16191,0.0,0.0,0.0,0.9998147118769687,99.98147118769687
2025,interconnector,INTFR,France(IFA),import,import_mw_conditional_on_importing,100.0,2200.0,2300.0,2250.0,0,16191,0.0,0.0,0.0,0.9998147118769687,99.98147118769687
2025,interconnector,INTFR,France(IFA),import,import_mw_conditional_on_importing,100.0,2300.0,2400.0,2350.0,0,16191,0.0,0.0,0.0,0.9998147118769687,99.98147118769687
2025,interconnector,INTFR,France(IFA),import,import_mw_conditional_on_importing,100.0,2400.0,2500.0,2450.0,1,16191,6.176270767710456e-05,0.006176270767710456,6.176270767710456e-07,0.9998764745846458,99.98764745846458
2025,interconnector,INTFR,France(IFA),import,import_mw_conditional_on_importing,100.0,2500.0,2600.0,2550.0,2,16191,0.00012352541535420912,0.012352541535420912,1.2352541535420912e-06,1.0,100.0
2025,interconnector,INTFR,France(IFA),export,export_mw_positive_magnitude_conditional_on_exporting,100.0,0.0,100.0,50.0,289,1312,0.22027439024390244,22.027439024390244,0.0022027439024390246,0.22027439024390244,22.027439024390244
2025,interconnector,INTFR,France(IFA),export,export_mw_positive_magnitude_conditional_on_exporting,100.0,100.0,200.0,150.0,147,1312,0.11204268292682927,11.204268292682928,0.0011204268292682928,0.3323170731707317,33.23170731707317
2025,interconnector,INTFR,France(IFA),export,export_mw_positive_magnitude_conditional_on_exporting,100.0,200.0,300.0,250.0,111,1312,0.08460365853658537,8.460365853658537,0.0008460365853658538,0.4169207317073171,41.69207317073171
2025,interconnector,INTFR,France(IFA),export,export_mw_positive_magnitude_conditional_on_exporting,100.0,300.0,400.0,350.0,110,1312,0.08384146341463415,8.384146341463415,0.0008384146341463416,0.5007621951219512,50.07621951219512
2025,interconnector,INTFR,France(IFA),export,export_mw_positive_magnitude_conditional_on_exporting,100.0,400.0,500.0,450.0,121,1312,0.09222560975609756,9.222560975609756,0.0009222560975609756,0.5929878048780488,59.29878048780488
2025,interconnector,INTFR,France(IFA),export,export_mw_positive_magnitude_conditional_on_exporting,100.0,500.0,600.0,550.0,105,1312,0.08003048780487805,8.003048780487806,0.0008003048780487805,0.6730182926829268,67.30182926829268
2025,interconnector,INTFR,France(IFA),export,export_mw_positive_magnitude_conditional_on_exporting,100.0,600.0,700.0,650.0,70,1312,0.053353658536585365,5.335365853658536,0.0005335365853658537,0.7263719512195121,72.63719512195121
2025,interconnector,INTFR,France(IFA),export,export_mw_positive_magnitude_conditional_on_exporting,100.0,700.0,800.0,750.0,65,1312,0.04954268292682927,4.954268292682927,0.0004954268292682927,0.7759146341463414,77.59146341463415
2025,interconnector,INTFR,France(IFA),export,export_mw_positive_magnitude_conditional_on_exporting,100.0,800.0,900.0,850.0,53,1312,0.040396341463414635,4.039634146341464,0.0004039634146341464,0.8163109756097561,81.6310975609756
2025,interconnector,INTFR,France(IFA),export,export_mw_positive_magnitude_conditional_on_exporting,100.0,900.0,1000.0,950.0,43,1312,0.03277439024390244,3.277439024390244,0.0003277439024390244,0.8490853658536586,84.90853658536585
2025,interconnector,INTFR,France(IFA),export,export_mw_positive_magnitude_conditional_on_exporting,100.0,1000.0,1100.0,1050.0,80,1312,0.06097560975609756,6.097560975609756,0.0006097560975609756,0.9100609756097561,91.0060975609756
2025,interconnector,INTFR,France(IFA),export,export_mw_positive_magnitude_conditional_on_exporting,100.0,1100.0,1200.0,1150.0,15,1312,0.011432926829268292,1.1432926829268293,0.00011432926829268292,0.9214939024390244,92.14939024390245
2025,interconnector,INTFR,France(IFA),export,export_mw_positive_magnitude_conditional_on_exporting,100.0,1200.0,1300.0,1250.0,15,1312,0.011432926829268292,1.1432926829268293,0.00011432926829268292,0.9329268292682927,93.29268292682927
2025,interconnector,INTFR,France(IFA),export,export_mw_positive_magnitude_conditional_on_exporting,100.0,1300.0,1400.0,1350.0,24,1312,0.018292682926829267,1.8292682926829267,0.00018292682926829268,0.9512195121951219,95.1219512195122
2025,interconnector,INTFR,France(IFA),export,export_mw_positive_magnitude_conditional_on_exporting,100.0,1400.0,1500.0,1450.0,11,1312,0.008384146341463415,0.8384146341463415,8.384146341463415e-05,0.9596036585365854,95.96036585365853
2025,interconnector,INTFR,France(IFA),export,export_mw_positive_magnitude_conditional_on_exporting,100.0,1500.0,1600.0,1550.0,35,1312,0.026676829268292682,2.667682926829268,0.00026676829268292685,0.9862804878048781,98.6280487804878
2025,interconnector,INTFR,France(IFA),export,export_mw_positive_magnitude_conditional_on_exporting,100.0,1600.0,1700.0,1650.0,6,1312,0.004573170731707317,0.45731707317073167,4.573170731707317e-05,0.9908536585365854,99.08536585365853
2025,interconnector,INTFR,France(IFA),export,export_mw_positive_magnitude_conditional_on_exporting,100.0,1700.0,1800.0,1750.0,5,1312,0.0038109756097560975,0.38109756097560976,3.8109756097560976e-05,0.9946646341463414,99.46646341463415
2025,interconnector,INTFR,France(IFA),export,export_mw_positive_magnitude_conditional_on_exporting,100.0,1800.0,1900.0,1850.0,3,1312,0.0022865853658536584,0.22865853658536583,2.2865853658536585e-05,0.9969512195121951,99.6951219512195
2025,interconnector,INTFR,France(IFA),export,export_mw_positive_magnitude_conditional_on_exporting,100.0,1900.0,2000.0,1950.0,0,1312,0.0,0.0,0.0,0.9969512195121951,99.6951219512195
2025,interconnector,INTFR,France(IFA),export,export_mw_positive_magnitude_conditional_on_exporting,100.0,2000.0,2100.0,2050.0,4,1312,0.003048780487804878,0.3048780487804878,3.048780487804878e-05,1.0,100.0
2025,interconnector,INTGRNL,Ireland (Greenlink),import,import_mw_conditional_on_importing,100.0,0.0,100.0,50.0,534,2124,0.2514124293785311,25.141242937853107,0.0025141242937853107,0.2514124293785311,25.141242937853107
2025,interconnector,INTGRNL,Ireland (Greenlink),import,import_mw_conditional_on_importing,100.0,100.0,200.0,150.0,283,2124,0.1332391713747646,13.32391713747646,0.0013323917137476459,0.3846516007532957,38.46516007532957
2025,interconnector,INTGRNL,Ireland (Greenlink),import,import_mw_conditional_on_importing,100.0,200.0,300.0,250.0,459,2124,0.21610169491525424,21.610169491525426,0.0021610169491525426,0.60075329566855,60.075329566855
2025,interconnector,INTGRNL,Ireland (Greenlink),import,import_mw_conditional_on_importing,100.0,300.0,400.0,350.0,352,2124,0.1657250470809793,16.57250470809793,0.001657250470809793,0.7664783427495292,76.64783427495291
2025,interconnector,INTGRNL,Ireland (Greenlink),import,import_mw_conditional_on_importing,100.0,400.0,500.0,450.0,242,2124,0.11393596986817325,11.393596986817325,0.0011393596986817326,0.8804143126177024,88.04143126177024
2025,interconnector,INTGRNL,Ireland (Greenlink),import,import_mw_conditional_on_importing,100.0,500.0,600.0,550.0,254,2124,0.11958568738229755,11.958568738229754,0.0011958568738229755,1.0,100.0
2025,interconnector,INTGRNL,Ireland (Greenlink),export,export_mw_positive_magnitude_conditional_on_exporting,100.0,0.0,100.0,50.0,572,13796,0.04146129312844303,4.146129312844303,0.0004146129312844303,0.04146129312844303,4.146129312844303
2025,interconnector,INTGRNL,Ireland (Greenlink),export,export_mw_positive_magnitude_conditional_on_exporting,100.0,100.0,200.0,150.0,503,13796,0.03645984343287909,3.645984343287909,0.0003645984343287909,0.07792113656132212,7.792113656132211
2025,interconnector,INTGRNL,Ireland (Greenlink),export,export_mw_positive_magnitude_conditional_on_exporting,100.0,200.0,300.0,250.0,741,13796,0.053711220643664834,5.371122064366483,0.0005371122064366483,0.13163235720498695,13.163235720498696
2025,interconnector,INTGRNL,Ireland (Greenlink),export,export_mw_positive_magnitude_conditional_on_exporting,100.0,300.0,400.0,350.0,1105,13796,0.08009567990721948,8.009567990721948,0.0008009567990721948,0.21172803711220645,21.172803711220645
2025,interconnector,INTGRNL,Ireland (Greenlink),export,export_mw_positive_magnitude_conditional_on_exporting,100.0,400.0,500.0,450.0,1882,13796,0.13641635256596116,13.641635256596116,0.0013641635256596116,0.3481443896781676,34.814438967816756
2025,interconnector,INTGRNL,Ireland (Greenlink),export,export_mw_positive_magnitude_conditional_on_exporting,100.0,500.0,600.0,550.0,8993,13796,0.6518556103218324,65.18556103218323,0.006518556103218324,1.0,100.0
2025,interconnector,INTIFA2,IFA2 (INTIFA2),import,import_mw_conditional_on_importing,100.0,0.0,100.0,50.0,333,13922,0.023918977158454244,2.3918977158454244,0.00023918977158454244,0.023918977158454244,2.3918977158454244
2025,interconnector,INTIFA2,IFA2 (INTIFA2),import,import_mw_conditional_on_importing,100.0,100.0,200.0,150.0,299,13922,0.0214767993104439,2.14767993104439,0.000214767993104439,0.04539577646889815,4.539577646889815
2025,interconnector,INTIFA2,IFA2 (INTIFA2),import,import_mw_conditional_on_importing,100.0,200.0,300.0,250.0,316,13922,0.022697888234449074,2.2697888234449075,0.00022697888234449073,0.06809366470334723,6.809366470334723
2025,interconnector,INTIFA2,IFA2 (INTIFA2),import,import_mw_conditional_on_importing,100.0,300.0,400.0,350.0,356,13922,0.025571038643873008,2.557103864387301,0.00025571038643873006,0.09366470334722023,9.366470334722022
2025,interconnector,INTIFA2,IFA2 (INTIFA2),import,import_mw_conditional_on_importing,100.0,400.0,500.0,450.0,357,13922,0.025642867404108604,2.5642867404108602,0.000256428674041086,0.11930757075132883,11.930757075132883
2025,interconnector,INTIFA2,IFA2 (INTIFA2),import,import_mw_conditional_on_importing,100.0,500.0,600.0,550.0,395,13922,0.028372360293061342,2.8372360293061343,0.0002837236029306134,0.14767993104439017,14.767993104439018
2025,interconnector,INTIFA2,IFA2 (INTIFA2),import,import_mw_conditional_on_importing,100.0,600.0,700.0,650.0,426,13922,0.03059905186036489,3.059905186036489,0.00030599051860364886,0.17827898290475505,17.827898290475506
2025,interconnector,INTIFA2,IFA2 (INTIFA2),import,import_mw_conditional_on_importing,100.0,700.0,800.0,750.0,530,13922,0.03806924292486712,3.8069242924867117,0.0003806924292486712,0.21634822582962218,21.63482258296222
2025,interconnector,INTIFA2,IFA2 (INTIFA2),import,import_mw_conditional_on_importing,100.0,800.0,900.0,850.0,785,13922,0.05638557678494469,5.638557678494469,0.0005638557678494469,0.27273380261456687,27.273380261456687
2025,interconnector,INTIFA2,IFA2 (INTIFA2),import,import_mw_conditional_on_importing,100.0,900.0,1000.0,950.0,10122,13922,0.7270507111047263,72.70507111047263,0.007270507111047263,0.9997845137192932,99.97845137192932
2025,interconnector,INTIFA2,IFA2 (INTIFA2),import,import_mw_conditional_on_importing,100.0,1000.0,1100.0,1050.0,0,13922,0.0,0.0,0.0,0.9997845137192932,99.97845137192932
2025,interconnector,INTIFA2,IFA2 (INTIFA2),import,import_mw_conditional_on_importing,100.0,1100.0,1200.0,1150.0,3,13922,0.000215486280706795,0.0215486280706795,2.15486280706795e-06,1.0,100.0
2025,interconnector,INTIFA2,IFA2 (INTIFA2),export,export_mw_positive_magnitude_conditional_on_exporting,100.0,0.0,100.0,50.0,2578,3584,0.7193080357142857,71.93080357142857,0.007193080357142857,0.7193080357142857,71.93080357142857
2025,interconnector,INTIFA2,IFA2 (INTIFA2),export,export_mw_positive_magnitude_conditional_on_exporting,100.0,100.0,200.0,150.0,158,3584,0.04408482142857143,4.408482142857143,0.0004408482142857143,0.7633928571428571,76.33928571428571
2025,interconnector,INTIFA2,IFA2 (INTIFA2),export,export_mw_positive_magnitude_conditional_on_exporting,100.0,200.0,300.0,250.0,148,3584,0.041294642857142856,4.129464285714286,0.00041294642857142854,0.8046875,80.46875
2025,interconnector,INTIFA2,IFA2 (INTIFA2),export,export_mw_positive_magnitude_conditional_on_exporting,100.0,300.0,400.0,350.0,123,3584,0.03431919642857143,3.4319196428571432,0.00034319196428571433,0.8390066964285714,83.90066964285714
2025,interconnector,INTIFA2,IFA2 (INTIFA2),export,export_mw_positive_magnitude_conditional_on_exporting,100.0,400.0,500.0,450.0,88,3584,0.024553571428571428,2.455357142857143,0.0002455357142857143,0.8635602678571429,86.35602678571429
2025,interconnector,INTIFA2,IFA2 (INTIFA2),export,export_mw_positive_magnitude_conditional_on_exporting,100.0,500.0,600.0,550.0,86,3584,0.023995535714285716,2.3995535714285716,0.00023995535714285715,0.8875558035714286,88.75558035714286
2025,interconnector,INTIFA2,IFA2 (INTIFA2),export,export_mw_positive_magnitude_conditional_on_exporting,100.0,600.0,700.0,650.0,73,3584,0.020368303571428572,2.036830357142857,0.00020368303571428572,0.9079241071428571,90.79241071428571
2025,interconnector,INTIFA2,IFA2 (INTIFA2),export,export_mw_positive_magnitude_conditional_on_exporting,100.0,700.0,800.0,750.0,86,3584,0.023995535714285716,2.3995535714285716,0.00023995535714285715,0.9319196428571429,93.19196428571429
2025,interconnector,INTIFA2,IFA2 (INTIFA2),export,export_mw_positive_magnitude_conditional_on_exporting,100.0,800.0,900.0,850.0,55,3584,0.015345982142857142,1.5345982142857142,0.00015345982142857143,0.947265625,94.7265625
2025,interconnector,INTIFA2,IFA2 (INTIFA2),export,export_mw_positive_magnitude_conditional_on_exporting,100.0,900.0,1000.0,950.0,57,3584,0.015904017857142856,1.5904017857142856,0.00015904017857142855,0.9631696428571429,96.31696428571429
2025,interconnector,INTIFA2,IFA2 (INTIFA2),export,export_mw_positive_magnitude_conditional_on_exporting,100.0,1000.0,1100.0,1050.0,132,3584,0.036830357142857144,3.6830357142857144,0.00036830357142857145,1.0,100.0
2025,interconnector,INTIRL,Northern Ireland(Moyle),import,import_mw_conditional_on_importing,100.0,0.0,100.0,50.0,778,1790,0.4346368715083799,43.463687150837984,0.004346368715083798,0.4346368715083799,43.463687150837984
2025,interconnector,INTIRL,Northern Ireland(Moyle),import,import_mw_conditional_on_importing,100.0,100.0,200.0,150.0,367,1790,0.20502793296089386,20.502793296089386,0.0020502793296089386,0.6396648044692738,63.96648044692738
2025,interconnector,INTIRL,Northern Ireland(Moyle),import,import_mw_conditional_on_importing,100.0,200.0,300.0,250.0,314,1790,0.17541899441340783,17.54189944134078,0.0017541899441340784,0.8150837988826816,81.50837988826815
2025,interconnector,INTIRL,Northern Ireland(Moyle),import,import_mw_conditional_on_importing,100.0,300.0,400.0,350.0,331,1790,0.18491620111731844,18.491620111731844,0.0018491620111731845,1.0,100.0
2025,interconnector,INTIRL,Northern Ireland(Moyle),export,export_mw_positive_magnitude_conditional_on_exporting,100.0,0.0,100.0,50.0,1469,13791,0.10651874410847655,10.651874410847654,0.0010651874410847655,0.10651874410847655,10.651874410847654
2025,interconnector,INTIRL,Northern Ireland(Moyle),export,export_mw_positive_magnitude_conditional_on_exporting,100.0,100.0,200.0,150.0,1141,13791,0.08273511710535857,8.273511710535857,0.0008273511710535856,0.1892538612138351,18.92538612138351
2025,interconnector,INTIRL,Northern Ireland(Moyle),export,export_mw_positive_magnitude_conditional_on_exporting,100.0,200.0,300.0,250.0,1322,13791,0.09585961859183526,9.585961859183525,0.0009585961859183526,0.28511347980567037,28.511347980567038
2025,interconnector,INTIRL,Northern Ireland(Moyle),export,export_mw_positive_magnitude_conditional_on_exporting,100.0,300.0,400.0,350.0,2115,13791,0.15336088753534913,15.336088753534913,0.0015336088753534912,0.4384743673410195,43.847436734101954
2025,interconnector,INTIRL,Northern Ireland(Moyle),export,export_mw_positive_magnitude_conditional_on_exporting,100.0,400.0,500.0,450.0,7742,13791,0.5613806105431078,56.13806105431078,0.005613806105431079,0.9998549778841274,99.98549778841273
2025,interconnector,INTIRL,Northern Ireland(Moyle),export,export_mw_positive_magnitude_conditional_on_exporting,100.0,500.0,600.0,550.0,2,13791,0.00014502211587267058,0.014502211587267059,1.4502211587267058e-06,1.0,100.0
2025,interconnector,INTNED,Netherlands(BritNed),import,import_mw_conditional_on_importing,100.0,0.0,100.0,50.0,342,8278,0.041314327132157526,4.1314327132157525,0.00041314327132157527,0.041314327132157526,4.1314327132157525
2025,interconnector,INTNED,Netherlands(BritNed),import,import_mw_conditional_on_importing,100.0,100.0,200.0,150.0,749,8278,0.09048079246194733,9.048079246194733,0.0009048079246194733,0.13179511959410486,13.179511959410487
2025,interconnector,INTNED,Netherlands(BritNed),import,import_mw_conditional_on_importing,100.0,200.0,300.0,250.0,495,8278,0.059797052428122735,5.9797052428122734,0.0005979705242812273,0.19159217202222759,19.15921720222276
2025,interconnector,INTNED,Netherlands(BritNed),import,import_mw_conditional_on_importing,100.0,300.0,400.0,350.0,491,8278,0.059313843923653055,5.931384392365305,0.0005931384392365305,0.25090601594588063,25.090601594588062
2025,interconnector,INTNED,Netherlands(BritNed),import,import_mw_conditional_on_importing,100.0,400.0,500.0,450.0,439,8278,0.053032133365547234,5.303213336554723,0.0005303213336554723,0.3039381493114279,30.39381493114279
2025,interconnector,INTNED,Netherlands(BritNed),import,import_mw_conditional_on_importing,100.0,500.0,600.0,550.0,498,8278,0.060159458806475,6.0159458806475,0.00060159458806475,0.36409760811790287,36.409760811790285
2025,interconnector,INTNED,Netherlands(BritNed),import,import_mw_conditional_on_importing,100.0,600.0,700.0,650.0,479,8278,0.05786421841024402,5.786421841024402,0.0005786421841024402,0.4219618265281469,42.19618265281469
2025,interconnector,INTNED,Netherlands(BritNed),import,import_mw_conditional_on_importing,100.0,700.0,800.0,750.0,476,8278,0.05750181203189176,5.750181203189176,0.0005750181203189176,0.47946363856003865,47.94636385600386
2025,interconnector,INTNED,Netherlands(BritNed),import,import_mw_conditional_on_importing,100.0,800.0,900.0,850.0,533,8278,0.06438753322058469,6.438753322058469,0.0006438753322058468,0.5438511717806234,54.38511717806234
2025,interconnector,INTNED,Netherlands(BritNed),import,import_mw_conditional_on_importing,100.0,900.0,1000.0,950.0,720,8278,0.08697753080454217,8.697753080454216,0.0008697753080454217,0.6308287025851655,63.08287025851656
2025,interconnector,INTNED,Netherlands(BritNed),import,import_mw_conditional_on_importing,100.0,1000.0,1100.0,1050.0,3056,8278,0.3691712974148345,36.91712974148345,0.003691712974148345,1.0,100.0
2025,interconnector,INTNED,Netherlands(BritNed),export,export_mw_positive_magnitude_conditional_on_exporting,100.0,0.0,100.0,50.0,5,7250,0.000689655172413793,0.06896551724137931,6.896551724137931e-06,0.000689655172413793,0.06896551724137931
2025,interconnector,INTNED,Netherlands(BritNed),export,export_mw_positive_magnitude_conditional_on_exporting,100.0,100.0,200.0,150.0,729,7250,0.10055172413793104,10.055172413793104,0.0010055172413793105,0.10124137931034483,10.124137931034483
2025,interconnector,INTNED,Netherlands(BritNed),export,export_mw_positive_magnitude_conditional_on_exporting,100.0,200.0,300.0,250.0,546,7250,0.07531034482758621,7.531034482758621,0.000753103448275862,0.17655172413793102,17.655172413793103
2025,interconnector,INTNED,Netherlands(BritNed),export,export_mw_positive_magnitude_conditional_on_exporting,100.0,300.0,400.0,350.0,549,7250,0.07572413793103448,7.572413793103448,0.0007572413793103448,0.2522758620689655,25.22758620689655
2025,interconnector,INTNED,Netherlands(BritNed),export,export_mw_positive_magnitude_conditional_on_exporting,100.0,400.0,500.0,450.0,542,7250,0.07475862068965518,7.475862068965518,0.0007475862068965518,0.3270344827586207,32.703448275862065
2025,interconnector,INTNED,Netherlands(BritNed),export,export_mw_positive_magnitude_conditional_on_exporting,100.0,500.0,600.0,550.0,517,7250,0.0713103448275862,7.13103448275862,0.000713103448275862,0.3983448275862069,39.83448275862069
2025,interconnector,INTNED,Netherlands(BritNed),export,export_mw_positive_magnitude_conditional_on_exporting,100.0,600.0,700.0,650.0,523,7250,0.07213793103448275,7.213793103448276,0.0007213793103448275,0.47048275862068967,47.04827586206897
2025,interconnector,INTNED,Netherlands(BritNed),export,export_mw_positive_magnitude_conditional_on_exporting,100.0,700.0,800.0,750.0,556,7250,0.07668965517241379,7.668965517241379,0.0007668965517241378,0.5471724137931034,54.717241379310344
2025,interconnector,INTNED,Netherlands(BritNed),export,export_mw_positive_magnitude_conditional_on_exporting,100.0,800.0,900.0,850.0,629,7250,0.08675862068965517,8.675862068965518,0.0008675862068965517,0.6339310344827587,63.393103448275866
2025,interconnector,INTNED,Netherlands(BritNed),export,export_mw_positive_magnitude_conditional_on_exporting,100.0,900.0,1000.0,950.0,691,7250,0.09531034482758621,9.53103448275862,0.0009531034482758621,0.7292413793103448,72.92413793103448
2025,interconnector,INTNED,Netherlands(BritNed),export,export_mw_positive_magnitude_conditional_on_exporting,100.0,1000.0,1100.0,1050.0,1963,7250,0.27075862068965517,27.075862068965517,0.0027075862068965516,1.0,100.0
2025,interconnector,INTNEM,Belgium (Nemolink),import,import_mw_conditional_on_importing,100.0,0.0,100.0,50.0,630,10958,0.05749224311005658,5.7492243110056584,0.0005749224311005658,0.05749224311005658,5.7492243110056584
2025,interconnector,INTNEM,Belgium (Nemolink),import,import_mw_conditional_on_importing,100.0,100.0,200.0,150.0,632,10958,0.05767475816754882,5.7674758167548825,0.0005767475816754882,0.1151670012776054,11.51670012776054
2025,interconnector,INTNEM,Belgium (Nemolink),import,import_mw_conditional_on_importing,100.0,200.0,300.0,250.0,605,10958,0.055210804891403543,5.521080489140354,0.0005521080489140354,0.17037780616900894,17.037780616900893
2025,interconnector,INTNEM,Belgium (Nemolink),import,import_mw_conditional_on_importing,100.0,300.0,400.0,350.0,640,10958,0.058404818397517794,5.84048183975178,0.000584048183975178,0.22878262456652673,22.878262456652674
2025,interconnector,INTNEM,Belgium (Nemolink),import,import_mw_conditional_on_importing,100.0,400.0,500.0,450.0,768,10958,0.07008578207702136,7.008578207702136,0.0007008578207702136,0.2988684066435481,29.886840664354807
2025,interconnector,INTNEM,Belgium (Nemolink),import,import_mw_conditional_on_importing,100.0,500.0,600.0,550.0,827,10958,0.07546997627304253,7.546997627304252,0.0007546997627304253,0.3743383829165906,37.43383829165906
2025,interconnector,INTNEM,Belgium (Nemolink),import,import_mw_conditional_on_importing,100.0,600.0,700.0,650.0,753,10958,0.06871691914582953,6.871691914582953,0.0006871691914582954,0.44305530206242016,44.30553020624202
2025,interconnector,INTNEM,Belgium (Nemolink),import,import_mw_conditional_on_importing,100.0,700.0,800.0,750.0,876,10958,0.07994159518160249,7.994159518160249,0.0007994159518160249,0.5229968972440227,52.29968972440226
2025,interconnector,INTNEM,Belgium (Nemolink),import,import_mw_conditional_on_importing,100.0,800.0,900.0,850.0,943,10958,0.08605584960759263,8.605584960759263,0.0008605584960759263,0.6090527468516153,60.90527468516152
2025,interconnector,INTNEM,Belgium (Nemolink),import,import_mw_conditional_on_importing,100.0,900.0,1000.0,950.0,2040,10958,0.18616535864208797,18.616535864208796,0.0018616535864208797,0.7952181054937032,79.52181054937031
2025,interconnector,INTNEM,Belgium (Nemolink),import,import_mw_conditional_on_importing,100.0,1000.0,1100.0,1050.0,2244,10958,0.20478189450629677,20.478189450629678,0.002047818945062968,1.0,100.0
2025,interconnector,INTNEM,Belgium (Nemolink),export,export_mw_positive_magnitude_conditional_on_exporting,100.0,0.0,100.0,50.0,602,6181,0.09739524348810873,9.739524348810873,0.0009739524348810872,0.09739524348810873,9.739524348810873
2025,interconnector,INTNEM,Belgium (Nemolink),export,export_mw_positive_magnitude_conditional_on_exporting,100.0,100.0,200.0,150.0,622,6181,0.10063096586312895,10.063096586312895,0.0010063096586312894,0.19802620935123766,19.802620935123766
2025,interconnector,INTNEM,Belgium (Nemolink),export,export_mw_positive_magnitude_conditional_on_exporting,100.0,200.0,300.0,250.0,522,6181,0.08445235398802783,8.445235398802783,0.0008445235398802783,0.28247856333926546,28.247856333926546
2025,interconnector,INTNEM,Belgium (Nemolink),export,export_mw_positive_magnitude_conditional_on_exporting,100.0,300.0,400.0,350.0,559,6181,0.09043844038181524,9.043844038181524,0.0009043844038181524,0.3729170037210807,37.291700372108075
2025,interconnector,INTNEM,Belgium (Nemolink),export,export_mw_positive_magnitude_conditional_on_exporting,100.0,400.0,500.0,450.0,455,6181,0.07361268403171008,7.361268403171008,0.0007361268403171008,0.44652968775279084,44.652968775279085
2025,interconnector,INTNEM,Belgium (Nemolink),export,export_mw_positive_magnitude_conditional_on_exporting,100.0,500.0,600.0,550.0,457,6181,0.0739362562692121,7.39362562692121,0.000739362562692121,0.5204659440220029,52.046594402200284
2025,interconnector,INTNEM,Belgium (Nemolink),export,export_mw_positive_magnitude_conditional_on_exporting,100.0,600.0,700.0,650.0,456,6181,0.0737744701504611,7.377447015046109,0.0007377447015046109,0.594240414172464,59.4240414172464
2025,interconnector,INTNEM,Belgium (Nemolink),export,export_mw_positive_magnitude_conditional_on_exporting,100.0,700.0,800.0,750.0,474,6181,0.07668662028797929,7.668662028797929,0.0007668662028797929,0.6709270344604433,67.09270344604434
2025,interconnector,INTNEM,Belgium (Nemolink),export,export_mw_positive_magnitude_conditional_on_exporting,100.0,800.0,900.0,850.0,460,6181,0.07442161462546514,7.442161462546514,0.0007442161462546513,0.7453486490859085,74.53486490859085
2025,interconnector,INTNEM,Belgium (Nemolink),export,export_mw_positive_magnitude_conditional_on_exporting,100.0,900.0,1000.0,950.0,548,6181,0.08865879307555412,8.865879307555412,0.0008865879307555412,0.8340074421614625,83.40074421614625
2025,interconnector,INTNEM,Belgium (Nemolink),export,export_mw_positive_magnitude_conditional_on_exporting,100.0,1000.0,1100.0,1050.0,1026,6181,0.16599255783853745,16.599255783853746,0.0016599255783853746,1.0,100.0
2025,interconnector,INTNSL,North Sea Link (INTNSL),import,import_mw_conditional_on_importing,100.0,0.0,100.0,50.0,254,15605,0.016276834347965397,1.6276834347965397,0.00016276834347965396,0.016276834347965397,1.6276834347965397
2025,interconnector,INTNSL,North Sea Link (INTNSL),import,import_mw_conditional_on_importing,100.0,100.0,200.0,150.0,112,15605,0.007177186799102852,0.7177186799102852,7.177186799102851e-05,0.02345402114706825,2.345402114706825
2025,interconnector,INTNSL,North Sea Link (INTNSL),import,import_mw_conditional_on_importing,100.0,200.0,300.0,250.0,108,15605,0.0069208586991348926,0.6920858699134893,6.920858699134893e-05,0.03037487984620314,3.0374879846203138
2025,interconnector,INTNSL,North Sea Link (INTNSL),import,import_mw_conditional_on_importing,100.0,300.0,400.0,350.0,151,15605,0.009676385773790451,0.9676385773790451,9.676385773790451e-05,0.040051265619993594,4.00512656199936
2025,interconnector,INTNSL,North Sea Link (INTNSL),import,import_mw_conditional_on_importing,100.0,400.0,500.0,450.0,226,15605,0.014482537648189683,1.4482537648189682,0.00014482537648189683,0.05453380326818327,5.453380326818327
2025,interconnector,INTNSL,North Sea Link (INTNSL),import,import_mw_conditional_on_importing,100.0,500.0,600.0,550.0,227,15605,0.014546619673181672,1.454661967318167,0.00014546619673181673,0.06908042294136495,6.908042294136495
2025,interconnector,INTNSL,North Sea Link (INTNSL),import,import_mw_conditional_on_importing,100.0,600.0,700.0,650.0,960,15605,0.06151874399231016,6.151874399231016,0.0006151874399231015,0.1305991669336751,13.05991669336751
2025,interconnector,INTNSL,North Sea Link (INTNSL),import,import_mw_conditional_on_importing,100.0,700.0,800.0,750.0,159,15605,0.01018904197372637,1.018904197372637,0.00010189041973726369,0.14078820890740149,14.078820890740149
2025,interconnector,INTNSL,North Sea Link (INTNSL),import,import_mw_conditional_on_importing,100.0,800.0,900.0,850.0,201,15605,0.012880487023389939,1.288048702338994,0.0001288048702338994,0.1536686959307914,15.36686959307914
2025,interconnector,INTNSL,North Sea Link (INTNSL),import,import_mw_conditional_on_importing,100.0,900.0,1000.0,950.0,1716,15605,0.1099647548862544,10.99647548862544,0.001099647548862544,0.2636334508170458,26.36334508170458
2025,interconnector,INTNSL,North Sea Link (INTNSL),import,import_mw_conditional_on_importing,100.0,1000.0,1100.0,1050.0,172,15605,0.011022108298622237,1.1022108298622237,0.00011022108298622237,0.2746555591156681,27.46555591156681
2025,interconnector,INTNSL,North Sea Link (INTNSL),import,import_mw_conditional_on_importing,100.0,1100.0,1200.0,1150.0,195,15605,0.012495994873438,1.2495994873438,0.00012495994873438002,0.2871515539891061,28.715155398910607
2025,interconnector,INTNSL,North Sea Link (INTNSL),import,import_mw_conditional_on_importing,100.0,1200.0,1300.0,1250.0,276,15605,0.01768663889778917,1.768663889778917,0.0001768663889778917,0.30483819288689523,30.483819288689524
2025,interconnector,INTNSL,North Sea Link (INTNSL),import,import_mw_conditional_on_importing,100.0,1300.0,1400.0,1350.0,10807,15605,0.6925344440884332,69.25344440884332,0.0069253444408843325,0.9973726369753284,99.73726369753284
2025,interconnector,INTNSL,North Sea Link (INTNSL),import,import_mw_conditional_on_importing,100.0,1400.0,1500.0,1450.0,41,15605,0.0026273630246715796,0.26273630246715796,2.6273630246715795e-05,1.0,100.0
2025,interconnector,INTNSL,North Sea Link (INTNSL),export,export_mw_positive_magnitude_conditional_on_exporting,100.0,0.0,100.0,50.0,206,1372,0.15014577259475217,15.014577259475217,0.0015014577259475218,0.15014577259475217,15.014577259475217
2025,interconnector,INTNSL,North Sea Link (INTNSL),export,export_mw_positive_magnitude_conditional_on_exporting,100.0,100.0,200.0,150.0,71,1372,0.05174927113702624,5.174927113702624,0.0005174927113702623,0.2018950437317784,20.18950437317784
2025,interconnector,INTNSL,North Sea Link (INTNSL),export,export_mw_positive_magnitude_conditional_on_exporting,100.0,200.0,300.0,250.0,75,1372,0.05466472303206997,5.466472303206997,0.0005466472303206997,0.2565597667638484,25.65597667638484
2025,interconnector,INTNSL,North Sea Link (INTNSL),export,export_mw_positive_magnitude_conditional_on_exporting,100.0,300.0,400.0,350.0,107,1372,0.07798833819241982,7.798833819241982,0.0007798833819241982,0.33454810495626824,33.45481049562682
2025,interconnector,INTNSL,North Sea Link (INTNSL),export,export_mw_positive_magnitude_conditional_on_exporting,100.0,400.0,500.0,450.0,109,1372,0.0794460641399417,7.944606413994169,0.000794460641399417,0.4139941690962099,41.39941690962099
2025,interconnector,INTNSL,North Sea Link (INTNSL),export,export_mw_positive_magnitude_conditional_on_exporting,100.0,500.0,600.0,550.0,69,1372,0.05029154518950437,5.029154518950437,0.0005029154518950437,0.4642857142857143,46.42857142857143
2025,interconnector,INTNSL,North Sea Link (INTNSL),export,export_mw_positive_magnitude_conditional_on_exporting,100.0,600.0,700.0,650.0,69,1372,0.05029154518950437,5.029154518950437,0.0005029154518950437,0.5145772594752187,51.45772594752187
2025,interconnector,INTNSL,North Sea Link (INTNSL),export,export_mw_positive_magnitude_conditional_on_exporting,100.0,700.0,800.0,750.0,102,1372,0.07434402332361516,7.434402332361516,0.0007434402332361516,0.5889212827988338,58.89212827988338
2025,interconnector,INTNSL,North Sea Link (INTNSL),export,export_mw_positive_magnitude_conditional_on_exporting,100.0,800.0,900.0,850.0,95,1372,0.06924198250728864,6.924198250728864,0.0006924198250728863,0.6581632653061225,65.81632653061224
2025,interconnector,INTNSL,North Sea Link (INTNSL),export,export_mw_positive_magnitude_conditional_on_exporting,100.0,900.0,1000.0,950.0,63,1372,0.04591836734693878,4.591836734693878,0.0004591836734693878,0.7040816326530612,70.40816326530613
2025,interconnector,INTNSL,North Sea Link (INTNSL),export,export_mw_positive_magnitude_conditional_on_exporting,100.0,1000.0,1100.0,1050.0,112,1372,0.08163265306122448,8.16326530612245,0.0008163265306122448,0.7857142857142857,78.57142857142857
2025,interconnector,INTNSL,North Sea Link (INTNSL),export,export_mw_positive_magnitude_conditional_on_exporting,100.0,1100.0,1200.0,1150.0,37,1372,0.02696793002915452,2.696793002915452,0.0002696793002915452,0.8126822157434402,81.26822157434403
2025,interconnector,INTNSL,North Sea Link (INTNSL),export,export_mw_positive_magnitude_conditional_on_exporting,100.0,1200.0,1300.0,1250.0,40,1372,0.029154518950437316,2.9154518950437316,0.0002915451895043732,0.8418367346938775,84.18367346938776
2025,interconnector,INTNSL,North Sea Link (INTNSL),export,export_mw_positive_magnitude_conditional_on_exporting,100.0,1300.0,1400.0,1350.0,41,1372,0.02988338192419825,2.988338192419825,0.0002988338192419825,0.8717201166180758,87.17201166180757
2025,interconnector,INTNSL,North Sea Link (INTNSL),export,export_mw_positive_magnitude_conditional_on_exporting,100.0,1400.0,1500.0,1450.0,176,1372,0.1282798833819242,12.82798833819242,0.0012827988338192419,1.0,100.0
2025,interconnector,INTVKL,Denmark (Viking link),import,import_mw_conditional_on_importing,100.0,0.0,100.0,50.0,406,10609,0.038269393910830424,3.8269393910830423,0.0003826939391083042,0.038269393910830424,3.8269393910830423
2025,interconnector,INTVKL,Denmark (Viking link),import,import_mw_conditional_on_importing,100.0,100.0,200.0,150.0,372,10609,0.03506456781977566,3.5064567819775663,0.0003506456781977566,0.07333396173060609,7.333396173060609
2025,interconnector,INTVKL,Denmark (Viking link),import,import_mw_conditional_on_importing,100.0,200.0,300.0,250.0,425,10609,0.04006032613818456,4.006032613818456,0.0004006032613818456,0.11339428786879065,11.339428786879065
2025,interconnector,INTVKL,Denmark (Viking link),import,import_mw_conditional_on_importing,100.0,300.0,400.0,350.0,396,10609,0.03732679800169667,3.732679800169667,0.0003732679800169667,0.15072108587048733,15.072108587048733
2025,interconnector,INTVKL,Denmark (Viking link),import,import_mw_conditional_on_importing,100.0,400.0,500.0,450.0,393,10609,0.037044019228956546,3.7044019228956544,0.00037044019228956544,0.18776510509944386,18.776510509944387
2025,interconnector,INTVKL,Denmark (Viking link),import,import_mw_conditional_on_importing,100.0,500.0,600.0,550.0,395,10609,0.0372325384107833,3.72325384107833,0.000372325384107833,0.22499764351022716,22.499764351022716
2025,interconnector,INTVKL,Denmark (Viking link),import,import_mw_conditional_on_importing,100.0,600.0,700.0,650.0,872,10609,0.08219436327646339,8.219436327646338,0.0008219436327646339,0.30719200678669056,30.719200678669058
2025,interconnector,INTVKL,Denmark (Viking link),import,import_mw_conditional_on_importing,100.0,700.0,800.0,750.0,624,10609,0.058817984729946274,5.881798472994627,0.0005881798472994628,0.3660099915166368,36.600999151663686
2025,interconnector,INTVKL,Denmark (Viking link),import,import_mw_conditional_on_importing,100.0,800.0,900.0,850.0,481,10609,0.04533886322933359,4.533886322933359,0.00045338863229333584,0.4113488547459704,41.13488547459704
2025,interconnector,INTVKL,Denmark (Viking link),import,import_mw_conditional_on_importing,100.0,900.0,1000.0,950.0,2753,10609,0.2594966537845226,25.94966537845226,0.0025949665378452256,0.670845508530493,67.0845508530493
2025,interconnector,INTVKL,Denmark (Viking link),import,import_mw_conditional_on_importing,100.0,1000.0,1100.0,1050.0,380,10609,0.03581864454708267,3.581864454708267,0.00035818644547082665,0.7066641530775757,70.66641530775757
2025,interconnector,INTVKL,Denmark (Viking link),import,import_mw_conditional_on_importing,100.0,1100.0,1200.0,1150.0,276,10609,0.026015647092091622,2.6015647092091623,0.00026015647092091624,0.7326798001696673,73.26798001696673
2025,interconnector,INTVKL,Denmark (Viking link),import,import_mw_conditional_on_importing,100.0,1200.0,1300.0,1250.0,298,10609,0.02808935809218588,2.808935809218588,0.0002808935809218588,0.7607691582618531,76.07691582618531
2025,interconnector,INTVKL,Denmark (Viking link),import,import_mw_conditional_on_importing,100.0,1300.0,1400.0,1350.0,484,10609,0.04562164200207371,4.562164200207372,0.0004562164200207371,0.8063908002639268,80.63908002639269
2025,interconnector,INTVKL,Denmark (Viking link),import,import_mw_conditional_on_importing,100.0,1400.0,1500.0,1450.0,2052,10609,0.19342068055424638,19.342068055424637,0.0019342068055424638,0.9998114808181733,99.98114808181732
2025,interconnector,INTVKL,Denmark (Viking link),import,import_mw_conditional_on_importing,100.0,1500.0,1600.0,1550.0,0,10609,0.0,0.0,0.0,0.9998114808181733,99.98114808181732
2025,interconnector,INTVKL,Denmark (Viking link),import,import_mw_conditional_on_importing,100.0,1600.0,1700.0,1650.0,0,10609,0.0,0.0,0.0,0.9998114808181733,99.98114808181732
2025,interconnector,INTVKL,Denmark (Viking link),import,import_mw_conditional_on_importing,100.0,1700.0,1800.0,1750.0,0,10609,0.0,0.0,0.0,0.9998114808181733,99.98114808181732
2025,interconnector,INTVKL,Denmark (Viking link),import,import_mw_conditional_on_importing,100.0,1800.0,1900.0,1850.0,0,10609,0.0,0.0,0.0,0.9998114808181733,99.98114808181732
2025,interconnector,INTVKL,Denmark (Viking link),import,import_mw_conditional_on_importing,100.0,1900.0,2000.0,1950.0,1,10609,9.425959091337543e-05,0.009425959091337543,9.425959091337543e-07,0.9999057404090866,99.99057404090867
2025,interconnector,INTVKL,Denmark (Viking link),import,import_mw_conditional_on_importing,100.0,2000.0,2100.0,2050.0,0,10609,0.0,0.0,0.0,0.9999057404090866,99.99057404090867
2025,interconnector,INTVKL,Denmark (Viking link),import,import_mw_conditional_on_importing,100.0,2100.0,2200.0,2150.0,0,10609,0.0,0.0,0.0,0.9999057404090866,99.99057404090867
2025,interconnector,INTVKL,Denmark (Viking link),import,import_mw_conditional_on_importing,100.0,2200.0,2300.0,2250.0,0,10609,0.0,0.0,0.0,0.9999057404090866,99.99057404090867
2025,interconnector,INTVKL,Denmark (Viking link),import,import_mw_conditional_on_importing,100.0,2300.0,2400.0,2350.0,0,10609,0.0,0.0,0.0,0.9999057404090866,99.99057404090867
2025,interconnector,INTVKL,Denmark (Viking link),import,import_mw_conditional_on_importing,100.0,2400.0,2500.0,2450.0,1,10609,9.425959091337543e-05,0.009425959091337543,9.425959091337543e-07,1.0,100.0
2025,interconnector,INTVKL,Denmark (Viking link),export,export_mw_positive_magnitude_conditional_on_exporting,100.0,0.0,100.0,50.0,405,6172,0.06561892417368761,6.561892417368761,0.0006561892417368761,0.06561892417368761,6.561892417368761
2025,interconnector,INTVKL,Denmark (Viking link),export,export_mw_positive_magnitude_conditional_on_exporting,100.0,100.0,200.0,150.0,379,6172,0.06140635126377187,6.1406351263771874,0.0006140635126377187,0.1270252754374595,12.702527543745951
2025,interconnector,INTVKL,Denmark (Viking link),export,export_mw_positive_magnitude_conditional_on_exporting,100.0,200.0,300.0,250.0,371,6172,0.060110174983797796,6.01101749837978,0.000601101749837978,0.1871354504212573,18.71354504212573
2025,interconnector,INTVKL,Denmark (Viking link),export,export_mw_positive_magnitude_conditional_on_exporting,100.0,300.0,400.0,350.0,398,6172,0.0644847699287103,6.44847699287103,0.000644847699287103,0.2516202203499676,25.162022034996763
2025,interconnector,INTVKL,Denmark (Viking link),export,export_mw_positive_magnitude_conditional_on_exporting,100.0,400.0,500.0,450.0,411,6172,0.06659105638366818,6.6591056383668175,0.0006659105638366818,0.31821127673363575,31.821127673363574
2025,interconnector,INTVKL,Denmark (Viking link),export,export_mw_positive_magnitude_conditional_on_exporting,100.0,500.0,600.0,550.0,374,6172,0.060596241088788076,6.059624108878808,0.0006059624108878807,0.37880751782242383,37.880751782242385
2025,interconnector,INTVKL,Denmark (Viking link),export,export_mw_positive_magnitude_conditional_on_exporting,100.0,600.0,700.0,650.0,431,6172,0.06983149708360337,6.983149708360337,0.0006983149708360336,0.4486390149060272,44.86390149060272
2025,interconnector,INTVKL,Denmark (Viking link),export,export_mw_positive_magnitude_conditional_on_exporting,100.0,700.0,800.0,750.0,356,6172,0.057679844458846406,5.7679844458846405,0.000576798444588464,0.5063188593648736,50.631885936487365
2025,interconnector,INTVKL,Denmark (Viking link),export,export_mw_positive_magnitude_conditional_on_exporting,100.0,800.0,900.0,850.0,354,6172,0.057355800388852886,5.7355800388852884,0.0005735580038885289,0.5636746597537265,56.36746597537265
2025,interconnector,INTVKL,Denmark (Viking link),export,export_mw_positive_magnitude_conditional_on_exporting,100.0,900.0,1000.0,950.0,411,6172,0.06659105638366818,6.6591056383668175,0.0006659105638366818,0.6302657161373947,63.02657161373947
2025,interconnector,INTVKL,Denmark (Viking link),export,export_mw_positive_magnitude_conditional_on_exporting,100.0,1000.0,1100.0,1050.0,2219,6172,0.3595268956578095,35.95268956578095,0.003595268956578095,0.9897926117952042,98.97926117952042
2025,interconnector,INTVKL,Denmark (Viking link),export,export_mw_positive_magnitude_conditional_on_exporting,100.0,1100.0,1200.0,1150.0,7,6172,0.001134154244977317,0.11341542449773169,1.134154244977317e-05,0.9909267660401815,99.09267660401815
2025,interconnector,INTVKL,Denmark (Viking link),export,export_mw_positive_magnitude_conditional_on_exporting,100.0,1200.0,1300.0,1250.0,4,6172,0.0006480881399870382,0.06480881399870382,6.480881399870382e-06,0.9915748541801686,99.15748541801686
2025,interconnector,INTVKL,Denmark (Viking link),export,export_mw_positive_magnitude_conditional_on_exporting,100.0,1300.0,1400.0,1350.0,6,6172,0.0009721322099805574,0.09721322099805574,9.721322099805573e-06,0.992546986390149,99.2546986390149
2025,interconnector,INTVKL,Denmark (Viking link),export,export_mw_positive_magnitude_conditional_on_exporting,100.0,1400.0,1500.0,1450.0,46,6172,0.007453013609850939,0.7453013609850939,7.45301360985094e-05,1.0,100.0
