connection_site,assigned_charging_zone,basis,reason
North Humber Connection Node C 132kV Substation,GZ15,settlement/regional proxy,Named regional settlement proxy (north humber)
Abhainn Dubh Wind Farm 132kV Substation,GZ1,regional proxy; charging-zone centroid,Host-TO regional proxy (SHET)
ACHANY EXTENSION WIND FARM 132/33KV Substation,GZ1,project,Spatial point-in-polygon
Acheilidh Wind farm 132kV Substation,GZ1,regional proxy; charging-zone centroid,Host-TO regional proxy (SHET)
Achrugan 132kV Substation,GZ1,regional proxy; charging-zone centroid,Host-TO regional proxy (SHET)
SOUTH WALES WEST CONNECTION NODE A 132KV SUBSTATION,GZ21,settlement/regional proxy,Named regional settlement proxy (south wales west)
AGS CALDERSIDE 275KV  SUBSTATION,GZ11,regional proxy; charging-zone centroid,Host-TO regional proxy (SPT)
Clydesmill 275/33kV,GZ11,regional proxy; charging-zone centroid,Host-TO regional proxy (SPT)
AGS Harestonhill BESS 400kV Substation,GZ11,regional proxy; charging-zone centroid,Host-TO regional proxy (SPT)
Braeside IDNO 132/33kV substation,GZ11,regional proxy; charging-zone centroid,Host-TO regional proxy (SPT)
Airds Hill WindFarm 132kV Substation,GZ11,regional proxy; charging-zone centroid,Host-TO regional proxy (SPT)
North Kent Connection Node A 400kV Substation,GZ24,settlement/regional proxy,Named regional settlement proxy (north kent)
Whitburn 400kV substation,GZ9,charging-zone centroid proxy,NESO node-zone map via 2025 TEC project proxy (Bathgate 400kV)
South Anglia Connection Node A 400kV Substation,GZ18,settlement/regional proxy,Named regional settlement proxy (south anglia)
Devilla Battery Storage 275kV substation,GZ11,regional proxy; charging-zone centroid,Host-TO regional proxy (SPT)
Alcemi Score Battery 400kV Substation,GZ1,regional proxy; charging-zone centroid,Host-TO regional proxy (SHET)
ALCEMI SCORE BATTERY ENERGY STORAGE FACILITY 400KV SUBSTATION,GZ1,regional proxy; charging-zone centroid,Host-TO regional proxy (SHET)
ALYTH BESS STATION 400KV SUBSTATION,GZ5,project proxy; charging-zone centroid,Same-project zone proxy (Alyth BESS Station)
London North West Connection Node A 132kV Substation,GZ25,settlement proxy,NESO node-zone map via 2025 TEC project proxy (Amersham Main 400kV Substation)
Andrew BESS 132kV Substation,GZ11,regional proxy; charging-zone centroid,Host-TO regional proxy (SPT)
Trent Valley South Connection Node B 400kV Substation.,GZ17,project proxy; charging-zone centroid,Same-project zone proxy (Project Number 6)
Hadleigh 400kV Substation,GZ18,regional proxy; charging-zone centroid,Host-TO regional proxy (NGET)
New North East 275kV Substation,GZ2,settlement/regional proxy,Named regional settlement proxy (north east)
Arresgill 132kV Substation,GZ11,regional proxy; charging-zone centroid,Host-TO regional proxy (SPT)
Artfield Forest Wind Farm 132kV Substation,GZ11,regional proxy; charging-zone centroid,Host-TO regional proxy (SPT)
West Anglia Connection Node G 400kV Substation,GZ16,charging-zone centroid proxy,NESO node-zone map via 2025 TEC project proxy (Ryhall 400kV Substation)
Auchentiber Farm BESS 400kV Substation,GZ11,regional proxy; charging-zone centroid,Host-TO regional proxy (SPT)
Auldhouse 400kV Substation,GZ11,regional proxy; charging-zone centroid,Host-TO regional proxy (SPT)
Aultmore Wind Farm 132/33kV Substation,GZ1,regional proxy; charging-zone centroid,Host-TO regional proxy (SHET)
Banniskirk 400kV Substation,GZ1,regional proxy; charging-zone centroid,Host-TO regional proxy (SHET)
South Wales West Connection Node B 400kV Substation,GZ9,charging-zone centroid proxy,NESO node-zone map via 2025 TEC project proxy (Bathgate 132/33kV Substation)
Baillie 275KV Substation,GZ1,regional proxy; charging-zone centroid,Host-TO regional proxy (SHET)
Balinoe 132kV substation,GZ1,regional proxy; charging-zone centroid,Host-TO regional proxy (SHET)
New North West 132kV Substation,GZ1,settlement/regional proxy,Named regional settlement proxy (north west)
Balliemeanoch 275kV Substation,GZ1,regional proxy; charging-zone centroid,Host-TO regional proxy (SHET)
BALLYGROGGAN 132/33KV SUBSTATION,GZ1,regional proxy; charging-zone centroid,Host-TO regional proxy (SHET)
Bankend Rig III Windfarm 132/33kV Substation,GZ11,regional proxy; charging-zone centroid,Host-TO regional proxy (SPT)
Bankhead 400kV Substation,GZ11,regional proxy; charging-zone centroid,Host-TO regional proxy (SPT)
Bargatton Farm BESS 132kV Substation,GZ11,regional proxy; charging-zone centroid,Host-TO regional proxy (SPT)
Barrow 132/33kV Offshore Substation,GZ14,regional proxy; charging-zone centroid,Host-TO regional proxy (OFTO)
Severn Connection Node A 132kV Substation,GZ22,settlement/regional proxy,Named regional settlement proxy (severn)
Stornoway GSP,GZ1,regional proxy; charging-zone centroid,Host-TO regional proxy (SHET)
Severn Connection Node B 400kV Substation,GZ21,charging-zone centroid proxy,NESO node-zone map via 2025 TEC project proxy (Melksham B 400kV Substation)
Beaw Field 132/33kV Substation,GZ1,regional proxy; charging-zone centroid,Host-TO regional proxy (SHET)
Beech Street/City Road Substation,GZ18,regional proxy; charging-zone centroid,Host-TO regional proxy (NGET)
BEINN THURSUNN REPOWER 275/33KV,GZ1,regional proxy; charging-zone centroid,Host-TO regional proxy (SHET)
Benbrack Wind Farm 132/33kV Substation,GZ10,project,Spatial point-in-polygon
Bendsmoor BESS 400Kv Substation,GZ11,regional proxy; charging-zone centroid,Host-TO regional proxy (SPT)
Wearside Connection Node C 400kV Substation,GZ13,settlement/regional proxy,Named regional settlement proxy (wearside)
Bishopbriggs BESS 400/275kV Substation,GZ11,regional proxy; charging-zone centroid,Host-TO regional proxy (SPT)
Blackbraes IDNO GSP,GZ11,regional proxy; charging-zone centroid,Host-TO regional proxy (SPT)
Leeds North Connection Node D 400kV Substation,GZ15,settlement/regional proxy,Named regional settlement proxy (leeds north)
Bispham Primary 33kV Substation,GZ14,project,Spatial point-in-polygon
Chirk GSP,GZ18,regional proxy; charging-zone centroid,Host-TO regional proxy (NGET)
BLAIR HILL WIND FARM 132KV SUBSTATION,GZ7,project,Spatial point-in-polygon
Blarghour Substation,GZ1,regional proxy; charging-zone centroid,Host-TO regional proxy (SHET)
Bloch Energy Park 132kV Substation,GZ11,regional proxy; charging-zone centroid,Host-TO regional proxy (SPT)
Bodinglee Wind Farm 132kV,GZ11,regional proxy; charging-zone centroid,Host-TO regional proxy (SPT)
BORDERS SOLAR 132/33KV SUBSTATION,GZ11,regional proxy; charging-zone centroid,Host-TO regional proxy (SPT)
Borders Windfarm 132kV,GZ11,regional proxy; charging-zone centroid,Host-TO regional proxy (SPT)
Botley West 400kV Substation,GZ18,regional proxy; charging-zone centroid,Host-TO regional proxy (NGET)
Bowsheils 132kV Substation,GZ11,regional proxy; charging-zone centroid,Host-TO regional proxy (SPT)
Braidfield Battery Storage 132kV Substation,GZ11,regional proxy; charging-zone centroid,Host-TO regional proxy (SPT)
Braxbess 400/132kV Collector Substation,GZ11,regional proxy; charging-zone centroid,Host-TO regional proxy (SPT)
Braybrooke (Network Rail) GSP,GZ18,project proxy; charging-zone centroid,Same-project zone proxy (Braybrooke Solar and Battery Connection)
Breackerie 132kV Substation,GZ1,regional proxy; charging-zone centroid,Host-TO regional proxy (SHET)
Breakish 132kV Substation,GZ1,regional proxy; charging-zone centroid,Host-TO regional proxy (SHET)
Llandyfaelog 132kV Substation,GZ9,charging-zone centroid proxy,NESO node-zone map via 2025 TEC project proxy (Bathgate 132/33kV Substation)
West London Connection Node B 132kV substation,GZ25,settlement/regional proxy,Named regional settlement proxy (west london)
Longside 400kV Substation,GZ1,regional proxy; charging-zone centroid,Host-TO regional proxy (SHET)
Trent Valley South Connection Node A 400k,GZ18,settlement/regional proxy,Named regional settlement proxy (trent valley south)
Cottered 400kV Substation,GZ18,regional proxy; charging-zone centroid,Host-TO regional proxy (NGET)
SHAWFAIR 400KV SUBSTATION,GZ11,regional proxy; charging-zone centroid,Host-TO regional proxy (SPT)
Burwell South 400kV Substation,GZ18,project,NESO node-zone map via 2025 TEC project proxy (Burwell GSP)
South Anglia Connection Node B 400kV Substation,GZ18,settlement/regional proxy,Named regional settlement proxy (south anglia)
Butlers Wood 400kV Substation,GZ18,regional proxy; charging-zone centroid,Host-TO regional proxy (NGET)
Leeds North Connection Node B 400kV Substation,GZ15,settlement/regional proxy,Named regional settlement proxy (leeds north)
Callisterhall 132kV,GZ11,regional proxy; charging-zone centroid,Host-TO regional proxy (SPT)
South Anglia Connection Node D 400kV Substation,GZ18,settlement/regional proxy,Named regional settlement proxy (south anglia)
Caorach 132 KV Substation,GZ1,regional proxy; charging-zone centroid,Host-TO regional proxy (SHET)
Caple Rig 132kV Substation,GZ11,regional proxy; charging-zone centroid,Host-TO regional proxy (SPT)
Car Duibh 275kV Substation,GZ1,regional proxy; charging-zone centroid,Host-TO regional proxy (SHET)
Dalkeith 400kV Substation,GZ11,regional proxy; charging-zone centroid,Host-TO regional proxy (SPT)
Carn Fearna Wind Farm 132/33kV Substation,GZ1,regional proxy; charging-zone centroid,Host-TO regional proxy (SHET)
Mid Wales West 132kV Substation,GZ18,settlement/regional proxy,Named regional settlement proxy (mid wales west)
Carraig Gheal 132/33kV Substation,GZ7,project,Spatial point-in-polygon
Carrick Wind Farm Substation,GZ11,regional proxy; charging-zone centroid,Host-TO regional proxy (SPT)
Ceislien Wind Farm,GZ1,regional proxy; charging-zone centroid,Host-TO regional proxy (SHET)
Teviot 400/132kV Substation,GZ11,regional proxy; charging-zone centroid,Host-TO regional proxy (SPT)
Chirmorie Wind Farm substation,GZ11,regional proxy; charging-zone centroid,Host-TO regional proxy (SPT)
Chleansaid Wind Farm 132kV Substation,GZ1,regional proxy; charging-zone centroid,Host-TO regional proxy (SHET)
South Anglia Connection Node D 132kV Substation,GZ18,charging-zone centroid proxy,NESO node-zone map via 2025 TEC project proxy (Burwell GSP)
Clash Gour Wind Farm 132kV Substation,GZ1,regional proxy; charging-zone centroid,Host-TO regional proxy (SHET)
Clashindarroch Substation,GZ1,project proxy; charging-zone centroid,Same-project zone proxy (Clashindarroch)
Clashindarroch Windfarm Extension 132kV Substation,GZ1,project,Spatial point-in-polygon
Clauchrie 132/33KV Substation,GZ11,regional proxy; charging-zone centroid,Host-TO regional proxy (SPT)
Cloich 132kV Substation,GZ11,regional proxy; charging-zone centroid,Host-TO regional proxy (SPT)
Clune 132/33 kV Substation,GZ1,regional proxy; charging-zone centroid,Host-TO regional proxy (SHET)
Cnoc Buidhe 132kV/33kV Substation,GZ1,regional proxy; charging-zone centroid,Host-TO regional proxy (SHET)
Trent Valley South Connection Node A 400kV,GZ18,project proxy; charging-zone centroid,Same-project zone proxy (CODDINGTON BESS)
Oykel Wind Farm 132kV Substation,GZ1,regional proxy; charging-zone centroid,Host-TO regional proxy (SHET)
Coille Linne 132kV Substation,GZ1,regional proxy; charging-zone centroid,Host-TO regional proxy (SHET)
Coire Glas GSP,GZ1,regional proxy; charging-zone centroid,Host-TO regional proxy (SHET)
Quantans Hill 132kV Substation,GZ11,regional proxy; charging-zone centroid,Host-TO regional proxy (SPT)
Tideford 400kV Substation,GZ18,regional proxy; charging-zone centroid,Host-TO regional proxy (NGET)
Correen Hills Wind Farm 132kV Substation,GZ1,regional proxy; charging-zone centroid,Host-TO regional proxy (SHET)
Finstown (Orkney) GSP,GZ1,regional proxy; charging-zone centroid,Host-TO regional proxy (SHET)
West Anglia Connection Node D 400kV Substation,GZ18,settlement/regional proxy,Named regional settlement proxy (west anglia)
Cott's Farm 132kV Substation,GZ1,regional proxy; charging-zone centroid,Host-TO regional proxy (SHET)
Craig Moss Farm 132kV Substation,GZ11,regional proxy; charging-zone centroid,Host-TO regional proxy (SPT)
Ladyburn 132kV Substation,GZ11,regional proxy; charging-zone centroid,Host-TO regional proxy (SPT)
CRAIG WATCH WIND FARM 132KV SUBSTATION,GZ1,regional proxy; charging-zone centroid,Host-TO regional proxy (SHET)
Craigdarroch Hybrid Wind & BESS 132kV Substation,GZ11,regional proxy; charging-zone centroid,Host-TO regional proxy (SPT)
Craigneuk 250MW BESS 275kV Substation,GZ11,regional proxy; charging-zone centroid,Host-TO regional proxy (SPT)
Creachan Wind Farm 132/33kV Substation,GZ1,regional proxy; charging-zone centroid,Host-TO regional proxy (SHET)
Creag Dhubh Wind Farm and BESS 132kV Substation,GZ1,regional proxy; charging-zone centroid,Host-TO regional proxy (SHET)
Crossdykes 33kV,GZ11,regional proxy; charging-zone centroid,Host-TO regional proxy (SPT)
Craig Murrail 275kV Substation,GZ1,regional proxy; charging-zone centroid,Host-TO regional proxy (SHET)
Cwm Rheidol,GZ18,regional proxy; charging-zone centroid,Host-TO regional proxy (NGET)
Daer Wind Farm 132/33kV,GZ11,regional proxy; charging-zone centroid,Host-TO regional proxy (SPT)
Hopsrig Collector 132/33kV Substation,GZ11,regional proxy; charging-zone centroid,Host-TO regional proxy (SPT)
Navenby 132kV Substation,GZ18,regional proxy; charging-zone centroid,Host-TO regional proxy (NGET)
Gwyddelwern 400kV Substation,GZ18,regional proxy; charging-zone centroid,Host-TO regional proxy (NGET)
DEUCHERAN HILL 2 132KV SUBSTATION,GZ7,project,Spatial point-in-polygon
DEWLEY HILL EHV,GZ18,regional proxy; charging-zone centroid,Host-TO regional proxy (NGET)
Divot Hill 132/33 kV Substation,GZ11,regional proxy; charging-zone centroid,Host-TO regional proxy (SPT)
Dogger Bank 220kV Offshores,GZ18,regional proxy; charging-zone centroid,Host-TO regional proxy (NGET)
DRUM OF CLUNAS WIND 275KV SUBSTATION,GZ1,regional proxy; charging-zone centroid,Host-TO regional proxy (SHET)
Dunan Hill 400kV substation,GZ1,regional proxy; charging-zone centroid,Host-TO regional proxy (SHET)
East Kent connection node A 400kV Substation,GZ18,regional proxy; charging-zone centroid,Host-TO regional proxy (NGET)
Earba PSH Powerhouse Substation,GZ1,regional proxy; charging-zone centroid,Host-TO regional proxy (SHET)
Earl Shilton 275kV,GZ18,regional proxy; charging-zone centroid,Host-TO regional proxy (NGET)
Earraghail 275/33KV Substation,GZ1,regional proxy; charging-zone centroid,Host-TO regional proxy (SHET)
East Anglia Project Three Offshore Platform,GZ18,regional proxy; charging-zone centroid,Host-TO regional proxy (NGET)
EA2A and EA2B 275/66kV Offshore Platform,GZ18,regional proxy; charging-zone centroid,Host-TO regional proxy (NGET)
Lincolnshire Coastal Node B 400kV Substation,GZ18,regional proxy; charging-zone centroid,Host-TO regional proxy (NGET)
Mablethorpe 400kV Substation,GZ16,project,Spatial point-in-polygon
Ecomossmorran 400kV Substation,GZ9,charging-zone centroid proxy,NESO node-zone map via 2025 TEC project proxy (Mossmorran Storage BESS 132KV Substation)
Kelloe Mains 400kV Substation,GZ11,regional proxy; charging-zone centroid,Host-TO regional proxy (SPT)
Kellingley 400kV Substation,GZ15,project,Spatial point-in-polygon
Elchies 132/33kV Substation,GZ1,regional proxy; charging-zone centroid,Host-TO regional proxy (SHET)
Leeds North Connection Node E,GZ15,project proxy; charging-zone centroid,Same-project zone proxy (Elland BESS)
Braybrooke 400kV Substation,GZ18,regional proxy; charging-zone centroid,Host-TO regional proxy (NGET)
North Anglia Connection Node A 400kV,GZ18,regional proxy; charging-zone centroid,Host-TO regional proxy (NGET)
Elmya Grange 400kV,GZ18,regional proxy; charging-zone centroid,Host-TO regional proxy (NGET)
Elmya Morningside 400kV Substation,GZ11,regional proxy; charging-zone centroid,Host-TO regional proxy (SPT)
Energy Isles 132kV Substation,GZ1,regional proxy; charging-zone centroid,Host-TO regional proxy (SHET)
Enoch Hill 2 Wind Farm 33kV Substation,GZ10,project,Spatial point-in-polygon
West Country Connection Node E 400kV Substation,GZ18,regional proxy; charging-zone centroid,Host-TO regional proxy (NGET)
Er Bbr Energy 132kV Substation,GZ11,regional proxy; charging-zone centroid,Host-TO regional proxy (SPT)
Tween Bridge 400kV,GZ18,regional proxy; charging-zone centroid,Host-TO regional proxy (NGET)
Er Msm Energy 132kV Substation,GZ11,regional proxy; charging-zone centroid,Host-TO regional proxy (SPT)
Llanteg 400kV Substation,GZ18,regional proxy; charging-zone centroid,Host-TO regional proxy (NGET)
Euchanhead 132kV Substation,GZ11,regional proxy; charging-zone centroid,Host-TO regional proxy (SPT)
Ewehill 132/33kV,GZ12,project,Spatial point-in-polygon
Fairburn Extension 132/33kV Substation,GZ1,project,Spatial point-in-polygon
Fearna Pump Storage Hydro 2 400/15kV Substation,GZ1,regional proxy; charging-zone centroid,Host-TO regional proxy (SHET)
Leeds North Connection Node C 132kV Substation,GZ15,charging-zone centroid proxy,NESO node-zone map via 2025 TEC project proxy (Ferrybridge B GSP)
Fife Energy Centre 132kV substation,GZ11,regional proxy; charging-zone centroid,Host-TO regional proxy (SPT)
Fife Grid Services Facility 275kV Substation,GZ11,regional proxy; charging-zone centroid,Host-TO regional proxy (SPT)
Five Estuaries 220/66 kV Offshore Substation,GZ18,regional proxy; charging-zone centroid,Host-TO regional proxy (NGET)
North Wales connection Node A 400kV Substation,GZ18,regional proxy; charging-zone centroid,Host-TO regional proxy (NGET)
FORSA ENERGY DENNY BESS 132KV GRID SUPPLY POINT SUBSTATION,GZ11,regional proxy; charging-zone centroid,Host-TO regional proxy (SPT)
Loch Nan Eun 275/18kV,GZ1,regional proxy; charging-zone centroid,Host-TO regional proxy (SHET)
Pont Abraham 132KV,GZ18,regional proxy; charging-zone centroid,Host-TO regional proxy (NGET)
Oswestry Substation,GZ9,connection site,NESO node-zone map via 2025 TEC project proxy (Bathgate 132/33kV Substation)
Armadale 132kV Substation,GZ9,connection site,NESO node-zone map via 2025 TEC project proxy (Bathgate 132/33kV Substation)
Galileo 16 132kV Substation,GZ9,charging-zone centroid proxy,NESO node-zone map via 2025 TEC project proxy (Bathgate 132/33kV Substation)
Galloper North 132/33kV Substation,GZ18,regional proxy; charging-zone centroid,Host-TO regional proxy (NGET)
Garlogie Production B 275/33kV GSP,GZ1,regional proxy; charging-zone centroid,Host-TO regional proxy (SHET)
Garlogie Production C 275/33kV GSP,GZ1,regional proxy; charging-zone centroid,Host-TO regional proxy (SHET)
Garlogie Production A 275/33kV GSP,GZ1,regional proxy; charging-zone centroid,Host-TO regional proxy (SHET)
MID WALES CONNECTION NODE A 400KV SUBSTATION,GZ18,regional proxy; charging-zone centroid,Host-TO regional proxy (NGET)
Garvary 132kV Substation,GZ1,regional proxy; charging-zone centroid,Host-TO regional proxy (SHET)
Harburn 132/33kV Grid Supply Point Substation,GZ11,regional proxy; charging-zone centroid,Host-TO regional proxy (SPT)
Craig Murrail GSP,GZ1,regional proxy; charging-zone centroid,Host-TO regional proxy (SHET)
Glen App 33kV,GZ10,project,Spatial point-in-polygon
Glen Earrach PSH 400kV substation,GZ1,regional proxy; charging-zone centroid,Host-TO regional proxy (SHET)
Glen Lednock 132kV Substation,GZ1,regional proxy; charging-zone centroid,Host-TO regional proxy (SHET)
Glen Ullinish Extension 132/33kV Substation,GZ1,regional proxy; charging-zone centroid,Host-TO regional proxy (SHET)
Glen Ullinish 132/33kV Substation,GZ1,regional proxy; charging-zone centroid,Host-TO regional proxy (SHET)
Glendye Wind Farm Substation,GZ1,regional proxy; charging-zone centroid,Host-TO regional proxy (SHET)
Glenmuckloch 132kV Substation,GZ11,regional proxy; charging-zone centroid,Host-TO regional proxy (SPT)
Glenmuckloch 132/33kV,GZ11,regional proxy; charging-zone centroid,Host-TO regional proxy (SPT)
Glenmuir Windfarm 132kV Substation,GZ11,regional proxy; charging-zone centroid,Host-TO regional proxy (SPT)
Conland Substation,GZ11,regional proxy; charging-zone centroid,Host-TO regional proxy (SPT)
GLENTAGGART 150MW BESS 132kV SUBSTATION,GZ11,regional proxy; charging-zone centroid,Host-TO regional proxy (SPT)
Glentaggart WF 33kV Substation,GZ11,regional proxy; charging-zone centroid,Host-TO regional proxy (SPT)
Glenvernoch 132kV,GZ11,regional proxy; charging-zone centroid,Host-TO regional proxy (SPT)
Letham 400/275kV substation,GZ11,regional proxy; charging-zone centroid,Host-TO regional proxy (SPT)
REDSHAW 132kV B BOARD SUBSTATION,GZ11,regional proxy; charging-zone centroid,Host-TO regional proxy (SPT)
Gabbard 33/132kV Offshore Substation,GZ14,regional proxy; charging-zone centroid,Host-TO regional proxy (OFTO)
Sealand 400kV Substation,GZ18,regional proxy; charging-zone centroid,Host-TO regional proxy (NGET)
Greenburn Mixed Technology 132kV Substation,GZ11,regional proxy; charging-zone centroid,Host-TO regional proxy (SPT)
Greenock Road 275kV Substation,GZ11,regional proxy; charging-zone centroid,Host-TO regional proxy (SPT)
LOCH GELLY COLLECTOR 132KV SUBSTATION,GZ11,regional proxy; charging-zone centroid,Host-TO regional proxy (SPT)
GALA NORTH 132KV SUBSTATION,GZ11,regional proxy; charging-zone centroid,Host-TO regional proxy (SPT)
Grimshader Wind Farm Substation132 KV,GZ1,regional proxy; charging-zone centroid,Host-TO regional proxy (SHET)
Weston Marsh 400kV Substation,GZ18,regional proxy; charging-zone centroid,Host-TO regional proxy (NGET)
Gunfleet Sands 33/132kV Offshore,GZ18,regional proxy; charging-zone centroid,Host-TO regional proxy (NGET)
Gwynt y Mor 132/33kV Offshore Substation,GZ14,regional proxy; charging-zone centroid,Host-TO regional proxy (OFTO)
Spirebush 132kV Substation,GZ11,regional proxy; charging-zone centroid,Host-TO regional proxy (SPT)
Hagshaw Hill Wind Farm 33kV Substation,GZ11,project,Spatial point-in-polygon
Hagshaw Repowering Phase 3 132kV,GZ11,regional proxy; charging-zone centroid,Host-TO regional proxy (SPT)
Halbeath 132kV Substation,GZ11,regional proxy; charging-zone centroid,Host-TO regional proxy (SPT)
New East Coast 400kV Substation,GZ1,regional proxy; charging-zone centroid,Host-TO regional proxy (SHET)
Hare Craig 33kV Substation,GZ11,regional proxy; charging-zone centroid,Host-TO regional proxy (SPT)
Hare Hill Repowering 132/33kV Substation,GZ11,regional proxy; charging-zone centroid,Host-TO regional proxy (SPT)
Harlaston 400kV Substation,GZ18,regional proxy; charging-zone centroid,Host-TO regional proxy (NGET)
Hawkers Hill,GZ26,project,Spatial point-in-polygon
Hawkwood Windfarm 33kV Substation,GZ11,regional proxy; charging-zone centroid,Host-TO regional proxy (SPT)
Heastabhal Wind Farm Substation 132 KV,GZ1,regional proxy; charging-zone centroid,Host-TO regional proxy (SHET)
Heathland 132/33kV Substation,GZ11,regional proxy; charging-zone centroid,Host-TO regional proxy (SPT)
Craig Murrail 275/33kV GSP Substation,GZ1,regional proxy; charging-zone centroid,Host-TO regional proxy (SHET)
High Constellation 132/33kV Substation,GZ1,regional proxy; charging-zone centroid,Host-TO regional proxy (SHET)
Trent Valley South Connection Node G 400kV Substation,GZ18,settlement/regional proxy,Named regional settlement proxy (trent valley south)
Redshaw 400kV,GZ11,regional proxy; charging-zone centroid,Host-TO regional proxy (SPT)
Highland BESS 132kV Substation,GZ1,regional proxy; charging-zone centroid,Host-TO regional proxy (SHET)
Highland Wind Farm 132/33kV substation,GZ1,regional proxy; charging-zone centroid,Host-TO regional proxy (SHET)
Dunstable 400kV Substation,GZ18,regional proxy; charging-zone centroid,Host-TO regional proxy (NGET)
Hollandmey Renewable Energy Development132/33kV Substation,GZ1,regional proxy; charging-zone centroid,Host-TO regional proxy (SHET)
Holm Hill 132kV Substation,GZ11,regional proxy; charging-zone centroid,Host-TO regional proxy (SPT)
Hopsrig Collector Substation,GZ11,regional proxy; charging-zone centroid,Host-TO regional proxy (SPT)
Hornsea Platform 1A Offshore Substation,GZ18,regional proxy; charging-zone centroid,Host-TO regional proxy (NGET)
Hornsea Platform 1B Offshore Substation,GZ18,regional proxy; charging-zone centroid,Host-TO regional proxy (NGET)
Hornsea Platform 1C Offshore Substation,GZ18,regional proxy; charging-zone centroid,Host-TO regional proxy (NGET)
Hornsea Platform 2A Offshore Substation,GZ18,regional proxy; charging-zone centroid,Host-TO regional proxy (NGET)
Hornsea Platform 2B Offshore Substation,GZ18,regional proxy; charging-zone centroid,Host-TO regional proxy (NGET)
Hornsea Power Station 2C Offshore platform Substation,GZ18,regional proxy; charging-zone centroid,Host-TO regional proxy (NGET)
Humber Gateway 33/132kV Offshore Substation,GZ14,regional proxy; charging-zone centroid,Host-TO regional proxy (OFTO)
Ayrshire Grid 400kV Substation,GZ11,project proxy; charging-zone centroid,Same-project zone proxy (Hunterston Energy Storage Facility)
West Anglia Connection Node H 400kVSubstation,GZ18,settlement/regional proxy,Named regional settlement proxy (west anglia)
North Kent Connection Node C 400kV Substation,GZ24,settlement/regional proxy,Named regional settlement proxy (north kent)
Wearside Connection Node B 2 400kV Substation,GZ13,settlement/regional proxy,Named regional settlement proxy (wearside)
Woolavington 400kV Substation,GZ18,regional proxy; charging-zone centroid,Host-TO regional proxy (NGET)
North Anglia Connection Node A 132kV Substation,GZ18,charging-zone centroid proxy,NESO node-zone map via 2025 TEC project proxy (Norwich GSP)
Inveroykel Wind Farm 132kV,GZ1,regional proxy; charging-zone centroid,Host-TO regional proxy (SHET)
Jersey Farm 400kV Substation,GZ18,regional proxy; charging-zone centroid,Host-TO regional proxy (NGET)
Jubilee Farm 275kV Substation,GZ18,regional proxy; charging-zone centroid,Host-TO regional proxy (NGET)
Kellingley IDNO GSP,GZ18,regional proxy; charging-zone centroid,Host-TO regional proxy (NGET)
Kellas Wind Farm 132kV Substation,GZ1,regional proxy; charging-zone centroid,Host-TO regional proxy (SHET)
Middlemuir Wind Farm Collector Substation,GZ11,project proxy; charging-zone centroid,Same-project zone proxy (Kennoxhead Wind Farm Extension)
Raventhorpe 400kV Substation,GZ18,regional proxy; charging-zone centroid,Host-TO regional proxy (NGET)
Killoch BESS 132kV Substation,GZ11,regional proxy; charging-zone centroid,Host-TO regional proxy (SPT)
Kinkell IDNO GSP,GZ11,regional proxy; charging-zone centroid,Host-TO regional proxy (SPT)
Kinmuck BESS 132kV Substation,GZ1,regional proxy; charging-zone centroid,Host-TO regional proxy (SHET)
Kirkcaldy BESS 132kV Substation,GZ11,regional proxy; charging-zone centroid,Host-TO regional proxy (SPT)
Narie 400/132kV Substation,GZ11,regional proxy; charging-zone centroid,Host-TO regional proxy (SPT)
Knockcronal Wind Farm 33kV Substation,GZ11,regional proxy; charging-zone centroid,Host-TO regional proxy (SPT)
Knockodhar Wind Farm 132kV Substation,GZ11,regional proxy; charging-zone centroid,Host-TO regional proxy (SPT)
Severn Connection Node A 400kv Substation,GZ22,settlement/regional proxy,Named regional settlement proxy (severn)
KXP Alpha 3 Ayr BESS 275kV Substation,GZ11,regional proxy; charging-zone centroid,Host-TO regional proxy (SPT)
L48 BESS Dams of Craigie,GZ1,regional proxy; charging-zone centroid,Host-TO regional proxy (SHET)
L48 BESS GLEN APP 275/132KV SUBSTATION,GZ11,regional proxy; charging-zone centroid,Host-TO regional proxy (SPT)
Creag Dhubh 275/132/33kV,GZ1,regional proxy; charging-zone centroid,Host-TO regional proxy (SHET)
Lairdmannoch Energy Park 132kV substation,GZ11,regional proxy; charging-zone centroid,Host-TO regional proxy (SPT)
LEARNEY BESS 132KV,GZ1,regional proxy; charging-zone centroid,Host-TO regional proxy (SHET)
Leslie 200MW BESS 275kV Substation,GZ11,regional proxy; charging-zone centroid,Host-TO regional proxy (SPT)
Lessnessock,GZ11,regional proxy; charging-zone centroid,Host-TO regional proxy (SPT)
Lethans Collector Substation,GZ11,regional proxy; charging-zone centroid,Host-TO regional proxy (SPT)
Lethans Collector 132kV Substation,GZ11,regional proxy; charging-zone centroid,Host-TO regional proxy (SPT)
Lethen Wind Farm 132/33kV Substation,GZ1,regional proxy; charging-zone centroid,Host-TO regional proxy (SHET)
Leuchland Farm IDNO,GZ1,regional proxy; charging-zone centroid,Host-TO regional proxy (SHET)
LGB300 400KV Substation,GZ1,regional proxy; charging-zone centroid,Host-TO regional proxy (SHET)
Linwood 400kV Substation,GZ11,regional proxy; charging-zone centroid,Host-TO regional proxy (SPT)
South Wales West Connection Node C 400kV,GZ21,settlement/regional proxy,Named regional settlement proxy (south wales west)
West Anglia Connection Node C 400kV Substation,GZ18,settlement/regional proxy,Named regional settlement proxy (west anglia)
North Humber Connection Node E 400kV Substation,GZ15,settlement/regional proxy,Named regional settlement proxy (north humber)
West Country Connection Node A 400kV Substation,GZ18,regional proxy; charging-zone centroid,Host-TO regional proxy (NGET)
South Wales West Connection Node A 400kV Substation,GZ21,charging-zone centroid proxy,NESO node-zone map via 2025 TEC project proxy (Rhigos B Substation)
Gala North 400/132kV Substation,GZ11,regional proxy; charging-zone centroid,Host-TO regional proxy (SPT)
Derbyshire Connection Node D 400kV Substation,GZ18,charging-zone centroid proxy,NESO node-zone map via 2025 TEC project proxy (Willington 400kV Substation)
Derbyshire Connection Node G 400kV,GZ18,regional proxy; charging-zone centroid,Host-TO regional proxy (NGET)
South Anglia Connection Node E 400kV Substation,GZ18,settlement/regional proxy,Named regional settlement proxy (south anglia)
Lincs 33/132kV Offshore Substation,GZ14,regional proxy; charging-zone centroid,Host-TO regional proxy (OFTO)
Chirk 132kV,GZ18,regional proxy; charging-zone centroid,Host-TO regional proxy (NGET)
Loch Fearna Pumped Storage 400/18kV Substation,GZ1,regional proxy; charging-zone centroid,Host-TO regional proxy (SHET)
Loch Kemp 275kV Switching Station,GZ1,regional proxy; charging-zone centroid,Host-TO regional proxy (SHET)
Loch Liath 132/33kV Substation,GZ1,regional proxy; charging-zone centroid,Host-TO regional proxy (SHET)
London Array 33/150kV Offshore Substations,GZ14,regional proxy; charging-zone centroid,Host-TO regional proxy (OFTO)
Long Stratton 400kV,GZ18,regional proxy; charging-zone centroid,Host-TO regional proxy (NGET)
LONGCROFT ENERGY PARK 132KV SUBSTATION,GZ11,regional proxy; charging-zone centroid,Host-TO regional proxy (SPT)
Lorg Extension Wind Farm 132/33kV Substation,GZ11,regional proxy; charging-zone centroid,Host-TO regional proxy (SPT)
Lorg Wind Farm 132/32kV,GZ11,regional proxy; charging-zone centroid,Host-TO regional proxy (SPT)
Borders Connection Node A 400kV Substation,GZ18,regional proxy; charging-zone centroid,Host-TO regional proxy (NGET)
Lynemore Windfarm 132kV Substation,GZ1,regional proxy; charging-zone centroid,Host-TO regional proxy (SHET)
M74 West Wind Farm 132kV,GZ11,regional proxy; charging-zone centroid,Host-TO regional proxy (SPT)
Lincolnshire Coastal Node 400kV Substation,GZ18,regional proxy; charging-zone centroid,Host-TO regional proxy (NGET)
Machair 275/66kV Offshore Substation,GZ11,regional proxy; charging-zone centroid,Host-TO regional proxy (SPT)
Arnish Lewis Hub 400kV Substation,GZ1,regional proxy; charging-zone centroid,Host-TO regional proxy (SHET)
Manquhill Wind Farm 132/33kV Substation,GZ11,regional proxy; charging-zone centroid,Host-TO regional proxy (SPT)
Muckraw IDNO GSP,GZ11,regional proxy; charging-zone centroid,Host-TO regional proxy (SPT)
Melvich Community Wind Farm 132/33kV Substation,GZ1,regional proxy; charging-zone centroid,Host-TO regional proxy (SHET)
Mid Hill 132kV Substation,GZ11,regional proxy; charging-zone centroid,Host-TO regional proxy (SPT)
Borders Connection Node A 400kV,GZ18,regional proxy; charging-zone centroid,Host-TO regional proxy (NGET)
Middlemuir 132/33kV,GZ11,project,Spatial point-in-polygon
Milligansbush Battery Storage 132kV Substation,GZ11,regional proxy; charging-zone centroid,Host-TO regional proxy (SPT)
Minnygryle Burn Energy Park 132kV substation,GZ11,regional proxy; charging-zone centroid,Host-TO regional proxy (SPT)
Moray Firth 220/33kV Platform 1 & 2 Offshore Substation,GZ1,regional proxy; charging-zone centroid,Host-TO regional proxy (SHET)
Mossy Hill 132kV Substation,GZ1,regional proxy; charging-zone centroid,Host-TO regional proxy (SHET)
Muaitheabhal 132/33kV Substation,GZ1,regional proxy; charging-zone centroid,Host-TO regional proxy (SHET)
Nant Y Maen 132KV Substation,GZ18,regional proxy; charging-zone centroid,Host-TO regional proxy (NGET)
NatPower Green Energy Park 400kV Substation,GZ11,regional proxy; charging-zone centroid,Host-TO regional proxy (SPT)
NatPower Harburn Green Energy Park 400kV Substation,GZ11,regional proxy; charging-zone centroid,Host-TO regional proxy (SPT)
Trent Valley North Connection Node F 400kV Substation,GZ18,regional proxy; charging-zone centroid,Host-TO regional proxy (NGET)
Cheshire Connection Node A2 400kV,GZ18,regional proxy; charging-zone centroid,Host-TO regional proxy (NGET)
North Anglia Connection Node C 400kV Substation,GZ18,regional proxy; charging-zone centroid,Host-TO regional proxy (NGET)
Neart Na Gaoithe 220/66KV Offshore Substation,GZ11,regional proxy; charging-zone centroid,Host-TO regional proxy (SPT)
Teeside Connection Node A 132kV Substation,GZ13,project,Spatial point-in-polygon
North Humber Connection Node B 132kV Substation,GZ15,settlement/regional proxy,Named regional settlement proxy (north humber)
Newchurch 400kV Substation,GZ18,regional proxy; charging-zone centroid,Host-TO regional proxy (NGET)
North Falls Offshore Platform Substation,GZ18,regional proxy; charging-zone centroid,Host-TO regional proxy (NGET)
North Lanrigg Substation,GZ11,regional proxy; charging-zone centroid,Host-TO regional proxy (SPT)
NLEI Windfarm 132/33kV substation,GZ11,regional proxy; charging-zone centroid,Host-TO regional proxy (SPT)
Leeds South Connection Node C 400kV Substation,GZ18,regional proxy; charging-zone centroid,Host-TO regional proxy (NGET)
Ochill 132kV Substation,GZ11,regional proxy; charging-zone centroid,Host-TO regional proxy (SPT)
Wearside Connection Node B2 400kV substation,GZ13,settlement/regional proxy,Named regional settlement proxy (wearside)
Olivers Forest Wind Farm 132kV Substation,GZ11,regional proxy; charging-zone centroid,Host-TO regional proxy (SPT)
Ormonde 33/132kV Offshore Substation,GZ14,regional proxy; charging-zone centroid,Host-TO regional proxy (OFTO)
Western Marsh 400kV,GZ18,regional proxy; charging-zone centroid,Host-TO regional proxy (NGET)
Ourack Wind Farm 132/33 kV Substation,GZ1,regional proxy; charging-zone centroid,Host-TO regional proxy (SHET)
Chiltern Connection Node D 400kV,GZ18,regional proxy; charging-zone centroid,Host-TO regional proxy (NGET)
Folly Farm 132kV Substation,GZ18,regional proxy; charging-zone centroid,Host-TO regional proxy (NGET)
London North East Connection Node A 132kv Substation,GZ24,charging-zone centroid proxy,NESO node-zone map via 2025 TEC project proxy (Brimsdown GSP (EPN))
Peat Law Renewable Energy Park 132kV Substation,GZ11,regional proxy; charging-zone centroid,Host-TO regional proxy (SPT)
Pencloe 132/33kV Substation,GZ11,regional proxy; charging-zone centroid,Host-TO regional proxy (SPT)
Penninghame Substation,GZ11,regional proxy; charging-zone centroid,Host-TO regional proxy (SPT)
Pentland Floating Offshore Wind Farm 132/66kV substation,GZ1,regional proxy; charging-zone centroid,Host-TO regional proxy (SHET)
Warwickshire Connection Node F 400kV Substation,GZ18,charging-zone centroid proxy,NESO node-zone map via 2025 TEC project proxy (NechellsÂ East GSP)
Philipaugh Substation,GZ11,regional proxy; charging-zone centroid,Host-TO regional proxy (SPT)
Solent  Connection Node B 132kV Substation.,GZ18,regional proxy; charging-zone centroid,Host-TO regional proxy (NGET)
Pogbie 33kV,GZ11,project,Spatial point-in-polygon
POLLIE HILL WIND FARM 132KV SUBSTATION,GZ1,regional proxy; charging-zone centroid,Host-TO regional proxy (SHET)
Pond Flexible Energy Park 132kV Substation,GZ11,regional proxy; charging-zone centroid,Host-TO regional proxy (SPT)
Thormanby 400kV Substation,GZ18,regional proxy; charging-zone centroid,Host-TO regional proxy (NGET)
MERSEYSIDE CONNECTION NODE A 400KV SUBSTATION,GZ18,regional proxy; charging-zone centroid,Host-TO regional proxy (NGET)
Race Bank 132kV Substation,GZ18,regional proxy; charging-zone centroid,Host-TO regional proxy (NGET)
Red Moss Farm 132kV Substation,GZ11,regional proxy; charging-zone centroid,Host-TO regional proxy (SPT)
Rivox 132/33kV,GZ11,regional proxy; charging-zone centroid,Host-TO regional proxy (SPT)
Robin Rigg East 132/33kV Offshore Substation,GZ14,regional proxy; charging-zone centroid,Host-TO regional proxy (OFTO)
Robin Rigg West Offshore Wind Farm Substation,GZ14,regional proxy; charging-zone centroid,Host-TO regional proxy (OFTO)
Roger Hill Farm 132kV substation,GZ11,regional proxy; charging-zone centroid,Host-TO regional proxy (SPT)
Rowan 275/33kV Substation,GZ1,regional proxy; charging-zone centroid,Host-TO regional proxy (SHET)
London North East Connection Node A,GZ24,settlement proxy,Spatial point-in-polygon
South Wales East Node A 275kV Substation,GZ18,regional proxy; charging-zone centroid,Host-TO regional proxy (NGET)
Sandyknowe 132/33kV,GZ10,project,Spatial point-in-polygon
Longside 132kV Substation,GZ1,regional proxy; charging-zone centroid,Host-TO regional proxy (SHET)
Scatsta 132kV Substation,GZ1,regional proxy; charging-zone centroid,Host-TO regional proxy (SHET)
Scaw Law 132kV substation,GZ11,regional proxy; charging-zone centroid,Host-TO regional proxy (SPT)
Sclenteuch Energy Park 132kV,GZ11,regional proxy; charging-zone centroid,Host-TO regional proxy (SPT)
Scoop Hill Wind Farm 132kV Substation,GZ11,regional proxy; charging-zone centroid,Host-TO regional proxy (SPT)
Jonhstone 132/33kV Substation,GZ11,regional proxy; charging-zone centroid,Host-TO regional proxy (SPT)
Seat Hill 132kV Substation,GZ11,regional proxy; charging-zone centroid,Host-TO regional proxy (SPT)
Sheirdrim 132kV Substation,GZ1,regional proxy; charging-zone centroid,Host-TO regional proxy (SHET)
Shepards Rig 132/33kV,GZ11,regional proxy; charging-zone centroid,Host-TO regional proxy (SPT)
Sheringham Shoal 33/132kV Offshore Substations,GZ14,regional proxy; charging-zone centroid,Host-TO regional proxy (OFTO)
West Country Connection Node D 400kV Substation,GZ18,regional proxy; charging-zone centroid,Host-TO regional proxy (NGET)
Slickly Wind Farm 132kV Substation,GZ1,regional proxy; charging-zone centroid,Host-TO regional proxy (SHET)
North Kent Connection Node B 132kV Substation,GZ24,settlement/regional proxy,Named regional settlement proxy (north kent)
Gravity 400kV Substation,GZ18,regional proxy; charging-zone centroid,Host-TO regional proxy (NGET)
Partrick GSP,GZ11,regional proxy; charging-zone centroid,Host-TO regional proxy (SPT)
Southery 400kV Substation,GZ18,regional proxy; charging-zone centroid,Host-TO regional proxy (NGET)
Arnish 275kV Substation,GZ1,regional proxy; charging-zone centroid,Host-TO regional proxy (SHET)
Stracathro BESS 275kV Substation,GZ1,regional proxy; charging-zone centroid,Host-TO regional proxy (SHET)
Stranoch Wind 132/33kV Substation,GZ11,regional proxy; charging-zone centroid,Host-TO regional proxy (SPT)
Gorstage 400kV Substation,GZ18,regional proxy; charging-zone centroid,Host-TO regional proxy (NGET)
North Anglia Connection Node D 132kV Substation,GZ17,charging-zone centroid proxy,NESO node-zone map via 2025 TEC project proxy (Walpole GSP (EPN))
Sundhope 132kV Substation,GZ11,regional proxy; charging-zone centroid,Host-TO regional proxy (SPT)
ICHRACHAN 132/33KV GRID SUPPLY POINT SUBSTATION,GZ1,regional proxy; charging-zone centroid,Host-TO regional proxy (SHET)
Tangy IV 132KV Substation,GZ1,regional proxy; charging-zone centroid,Host-TO regional proxy (SHET)
Leeds North Connection Node A 400kV Substation,GZ15,settlement/regional proxy,Named regional settlement proxy (leeds north)
TH Renfrwshire 275kV Substation,GZ11,regional proxy; charging-zone centroid,Host-TO regional proxy (SPT)
London West Connection Node B 400kV Substation,GZ25,settlement proxy,Spatial point-in-polygon
Thanet 33/132kV Offshore Substation,GZ14,regional proxy; charging-zone centroid,Host-TO regional proxy (OFTO)
TINNISBURN WIND FARM 132KV SUBSTATION,GZ12,charging-zone centroid proxy,NESO node-zone map via 2025 TEC project proxy (Gretna Green 132 kV Substation)
Toddleburn 33kV,GZ11,project,Spatial point-in-polygon
Tolkien Farm 132kV Substation,GZ1,regional proxy; charging-zone centroid,Host-TO regional proxy (SHET)
Tomchrasky Wind Farm 132kV Substation,GZ1,regional proxy; charging-zone centroid,Host-TO regional proxy (SHET)
Torfichen Energy Park 132kV Substation,GZ11,regional proxy; charging-zone centroid,Host-TO regional proxy (SPT)
Torr Achilty (Conan Cascade Hydro Scheme),GZ1,regional proxy; charging-zone centroid,Host-TO regional proxy (SHET)
Triton Knoll Offshore Substation,GZ18,regional proxy; charging-zone centroid,Host-TO regional proxy (NGET)
Warwickshire Connection Node D 132kV Substation,GZ18,regional proxy; charging-zone centroid,Host-TO regional proxy (NGET)
London West Connection Node A 400kV Substation,GZ18,regional proxy; charging-zone centroid,Host-TO regional proxy (NGET)
Llandyfaelog 400/132kV Substation,GZ18,regional proxy; charging-zone centroid,Host-TO regional proxy (NGET)
Vanguard East 275/66kV Offshore Substation,GZ18,regional proxy; charging-zone centroid,Host-TO regional proxy (NGET)
Kergord GSP,GZ1,regional proxy; charging-zone centroid,Host-TO regional proxy (SHET)
Wakeleys 400kV,GZ18,regional proxy; charging-zone centroid,Host-TO regional proxy (NGET)
Walney 3 Offshore Substation,GZ18,regional proxy; charging-zone centroid,Host-TO regional proxy (NGET)
Walney 4 Offshore Substation,GZ18,regional proxy; charging-zone centroid,Host-TO regional proxy (NGET)
Walney 1 33/132kV Offshore Substation,GZ14,regional proxy; charging-zone centroid,Host-TO regional proxy (OFTO)
Walney 2 33/132kV Substation,GZ14,regional proxy; charging-zone centroid,Host-TO regional proxy (OFTO)
Watchman 132kV Substation,GZ11,regional proxy; charging-zone centroid,Host-TO regional proxy (SPT)
Warwickshire Connection Node F 132kV Substation,GZ18,regional proxy; charging-zone centroid,Host-TO regional proxy (NGET)
Elton (Merseyside 132kV Substation),GZ18,regional proxy; charging-zone centroid,Host-TO regional proxy (NGET)
South Wales East Connection Node B 400kV,GZ18,regional proxy; charging-zone centroid,Host-TO regional proxy (NGET)
West Andershaw 132kV Substation,GZ11,regional proxy; charging-zone centroid,Host-TO regional proxy (SPT)
Harburn 400kV,GZ11,regional proxy; charging-zone centroid,Host-TO regional proxy (SPT)
West Haddon 400kV Substation,GZ18,project proxy; charging-zone centroid,Same-project zone proxy (West Haddon)
West Saval Substation 132 kV,GZ1,regional proxy; charging-zone centroid,Host-TO regional proxy (SHET)
Westermost Rough Offshore Substation,GZ14,regional proxy; charging-zone centroid,Host-TO regional proxy (OFTO)
Wether Hill 132/33KV Substation,GZ11,regional proxy; charging-zone centroid,Host-TO regional proxy (SPT)
Whitehill Bess 275/132kV Substation,GZ11,regional proxy; charging-zone centroid,Host-TO regional proxy (SPT)
Whitelaw Brae BESS  33kV substation,GZ11,regional proxy; charging-zone centroid,Host-TO regional proxy (SPT)
Whitelaw Brae 'A' and 'B' 33kV Substations,GZ11,regional proxy; charging-zone centroid,Host-TO regional proxy (SPT)
Womblehill BESS Farm 132kV,GZ1,regional proxy; charging-zone centroid,Host-TO regional proxy (SHET)
Woodcock Hill WF Substation,GZ1,regional proxy; charging-zone centroid,Host-TO regional proxy (SHET)
EAST KENT CONNECTION NODE B 132KV SUBSTATION,GZ24,charging-zone centroid proxy,NESO node-zone map via 2025 TEC project proxy (Canterbury North GSP)
Wyseby Hill Energy Farm 400kV Substation,GZ11,regional proxy; charging-zone centroid,Host-TO regional proxy (SPT)
